wind_ms,power_w,cadence,con_rpm,tip_ms,con_time_days
5.56,141.0,129.0,0.0,0.0,0.626980081018503
6.07,161.0,130.0,0.0,0.0,0.626983912037021
6.07,161.0,130.0,0.0,0.0,0.62698774305554
5.92,147.0,130.0,0.0,0.0,0.626991574074058
5.92,111.0,126.0,0.0,0.0,0.626995405092577
5.97,109.0,123.0,0.0,0.0,0.626999236111096
5.97,124.0,127.0,0.0,0.0,0.627003067129614
5.81,124.0,127.0,0.0,0.0,0.627006898148133
5.81,128.0,128.0,0.0,0.0,0.627010729166651
6.07,122.0,125.0,0.0,0.0,0.62701456018517
6.07,122.0,125.0,0.0,0.0,0.627018391203688
5.92,122.0,125.0,0.0,0.0,0.627022222222207
5.92,123.0,122.0,0.0,0.0,0.627026053240725
6.38,124.0,123.0,0.0,0.0,0.627029884259244
6.38,119.0,117.0,0.0,0.0,0.627033715277762
6.33,119.0,117.0,0.0,0.0,0.627037546296281
6.33,123.0,118.0,0.0,0.0,0.627041377314799
5.61,132.0,124.0,0.0,0.0,0.627045208333318
5.61,129.0,123.0,0.0,0.0,0.627049039351836
5.25,129.0,123.0,0.0,0.0,0.627052870370355
5.25,126.0,120.0,0.0,0.0,0.627056701388873
5.56,125.0,119.0,0.0,0.0,0.627060532407392
5.56,119.0,111.0,0.0,0.0,0.627064363425911
5.2,119.0,111.0,0.0,0.0,0.627068194444429
5.2,135.0,119.0,0.0,0.0,0.627072025462948
4.53,138.0,121.0,0.0,0.0,0.627075856481466
4.53,138.0,122.0,0.0,0.0,0.627079687499985
4.53,138.0,122.0,0.0,0.0,0.627083518518503
4.53,138.0,122.0,0.0,0.0,0.627087349537022
4.63,130.0,114.0,0.0,0.0,0.62709118055554
4.63,124.0,106.0,0.0,0.0,0.627095011574059
4.73,124.0,106.0,0.0,0.0,0.627098842592577
4.73,124.0,106.0,0.0,0.0,0.627102673611096
5.92,130.0,108.0,0.0,0.0,0.627106504629614
5.92,123.0,104.0,0.0,0.0,0.627110335648133
6.02,124.0,102.0,0.0,0.0,0.627114166666651
6.02,124.0,102.0,0.0,0.0,0.62711799768517
6.69,128.0,106.0,0.0,0.0,0.627121828703688
6.69,128.0,106.0,2.68,0.16,0.627125659722207
6.84,131.0,112.0,4.78,0.44,0.627129490740726
6.84,131.0,112.0,3.73,0.66,0.627133321759244
6.22,119.0,106.0,4.95,0.95,0.627137152777763
6.22,108.0,102.0,6.84,1.2,0.627140983796281
5.86,108.0,102.0,9.28,1.46,0.6271448148148
5.86,108.0,102.0,9.34,1.79,0.627148645833318
6.07,106.0,100.0,9.5,2.06,0.627152476851837
6.07,104.0,97.0,10.31,2.26,0.627156307870355
5.4,99.0,92.0,11.1,2.37,0.627160138888874
5.4,101.0,92.0,12.75,2.57,0.627163969907392
4.53,99.0,91.0,15.5,2.93,0.627167800925911
4.53,99.0,91.0,15.17,3.21,0.627171631944429
5.04,102.0,91.0,15.18,3.45,0.627175462962948
5.04,99.0,92.0,19.72,3.86,0.627179293981466
5.86,99.0,92.0,19.46,4.1,0.627183124999985
5.86,99.0,92.0,15.69,4.13,0.627186956018503
5.97,95.0,91.0,16.61,4.21,0.627190787037022
5.97,93.0,92.0,18.67,4.15,0.627194618055541
6.02,93.0,98.0,19.48,4.15,0.627198449074059
6.02,93.0,98.0,20.45,4.43,0.627202280092578
6.84,93.0,98.0,22.36,4.77,0.627206111111096
6.84,94.0,100.0,23.0,5.02,0.627209942129615
6.69,102.0,115.0,20.79,5.1,0.627213773148133
6.69,102.0,115.0,23.17,5.26,0.627217604166652
5.76,100.0,116.0,26.36,5.5,0.62722143518517
5.76,103.0,118.0,21.2,5.39,0.627225266203689
5.14,97.0,114.0,20.36,5.37,0.627229097222207
5.14,103.0,115.0,30.72,5.81,0.627232928240726
4.94,103.0,115.0,31.42,6.11,0.627236759259244
4.94,96.0,111.0,24.88,6.33,0.627240590277763
4.48,96.0,112.0,25.27,6.61,0.627244421296281
4.48,90.0,104.0,30.41,6.6,0.6272482523148
5.61,89.0,103.0,31.87,6.62,0.627252083333318
5.61,90.0,104.0,32.81,7.09,0.627255914351837
6.12,90.0,104.0,35.15,7.67,0.627259745370356
6.12,96.0,109.0,34.7,7.92,0.627263576388874
6.02,96.0,109.0,36.65,8.21,0.627267407407393
6.02,118.0,126.0,41.32,8.71,0.627271238425911
6.02,198.0,132.0,47.5,9.43,0.62727506944443
6.02,316.0,137.0,53.03,10.51,0.627278900462948
5.09,316.0,137.0,62.44,12.03,0.627282731481467
5.09,440.0,141.0,91.95,15.02,0.627286562499985
5.3,508.0,143.0,90.67,17.56,0.627290393518504
5.3,458.0,141.0,85.5,19.47,0.627294224537022
5.76,458.0,141.0,100.16,21.69,0.627298055555541
5.76,368.0,138.0,107.92,22.63,0.627301886574059
5.61,368.0,139.0,97.69,23.05,0.627305717592578
5.61,393.0,139.0,97.65,23.76,0.627309548611096
5.71,465.0,142.0,102.54,23.9,0.627313379629615
5.71,465.0,142.0,104.06,23.68,0.627317210648134
6.43,596.0,145.0,104.79,24.09,0.627321041666652
6.43,624.0,146.0,107.51,24.68,0.627324872685171
5.97,624.0,146.0,115.63,25.45,0.627328703703689
5.97,608.0,146.0,116.11,26.16,0.627332534722208
5.66,579.0,145.0,116.81,26.86,0.627336365740726
5.66,575.0,145.0,117.16,27.43,0.627340196759245
5.86,552.0,144.0,117.48,27.54,0.627344027777763
5.86,552.0,144.0,118.19,27.66,0.627347858796282
6.64,556.0,144.0,117.84,27.73,0.6273516898148
6.64,497.0,143.0,117.05,27.72,0.627355520833319
5.71,447.0,141.0,116.58,27.67,0.627359351851837
5.71,433.0,141.0,113.88,27.41,0.627363182870356
5.14,390.0,139.0,107.32,26.79,0.627367013888874
5.14,353.0,138.0,109.14,26.33,0.627370844907393
4.68,294.0,136.0,104.94,25.64,0.627374675925911
4.68,294.0,136.0,103.59,25.03,0.62737850694443
5.61,294.0,136.0,107.53,25.05,0.627382337962949
5.61,210.0,133.0,109.44,25.06,0.627386168981467
5.5,176.0,132.0,107.26,25.2,0.627389999999986
5.5,182.0,132.0,104.6,25.26,0.627393831018504
5.56,182.0,132.0,109.14,25.36,0.627397662037023
5.56,182.0,132.0,116.99,25.8,0.627401493055541
5.5,243.0,134.0,117.82,26.42,0.62740532407406
5.5,244.0,134.0,116.58,27.13,0.627409155092578
4.99,244.0,134.0,117.39,27.61,0.627412986111097
4.99,284.0,136.0,118.19,27.68,0.627416817129615
4.99,321.0,137.0,119.06,27.76,0.627420648148134
4.99,336.0,138.0,119.49,27.93,0.627424479166652
5.5,351.0,138.0,119.79,28.07,0.627428310185171
5.5,351.0,138.0,120.91,28.23,0.627432141203689
5.25,336.0,138.0,120.93,28.34,0.627435972222208
5.25,299.0,136.0,120.2,28.38,0.627439803240726
4.42,266.0,136.0,119.41,28.36,0.627443634259245
4.42,251.0,134.0,118.42,28.21,0.627447465277764
3.45,240.0,134.0,112.44,27.71,0.627451296296282
3.45,247.0,134.0,113.77,27.33,0.627455127314801
3.65,235.0,134.0,119.09,27.32,0.627458958333319
3.65,235.0,134.0,119.51,27.38,0.627462789351838
3.34,164.0,129.0,117.86,27.7,0.627466620370356
3.34,124.0,116.0,119.39,28.03,0.627470451388875
3.7,124.0,116.0,119.37,28.05,0.627474282407393
3.7,119.0,112.0,114.67,27.76,0.627478113425912
4.27,121.0,110.0,114.71,27.58,0.62748194444443
4.27,113.0,107.0,116.41,27.4,0.627485775462949
4.78,118.0,106.0,109.65,26.83,0.627489606481467
4.78,118.0,106.0,110.3,26.57,0.627493437499986
5.5,120.0,108.0,115.79,26.63,0.627497268518504
5.5,132.0,115.0,115.4,26.57,0.627501099537023
5.81,139.0,123.0,110.79,26.64,0.627504930555541
5.81,139.0,123.0,109.98,26.62,0.62750876157406
5.5,139.0,123.0,109.08,26.23,0.627512592592579
5.5,155.0,129.0,107.41,25.76,0.627516423611097
4.78,180.0,132.0,112.23,25.84,0.627520254629616
4.78,167.0,131.0,112.59,26.0,0.627524085648134
4.37,152.0,127.0,114.54,26.32,0.627527916666653
4.37,159.0,127.0,115.55,26.8,0.627531747685171
4.22,172.0,130.0,113.11,26.85,0.62753557870369
4.22,172.0,130.0,109.96,26.69,0.627539409722208
4.78,172.0,130.0,110.56,26.46,0.627543240740727
4.78,221.0,133.0,111.6,26.23,0.627547071759245
5.45,206.0,133.0,105.05,25.75,0.627550902777764
5.45,161.0,127.0,104.0,25.4,0.627554733796282
6.38,140.0,113.0,105.2,25.08,0.627558564814801
6.38,140.0,113.0,110.26,25.01,0.627562395833319
7.05,147.0,116.0,113.86,25.53,0.627566226851838
7.05,151.0,115.0,109.25,25.83,0.627570057870356
7.1,138.0,112.0,113.02,26.3,0.627573888888875
7.1,158.0,115.0,116.6,26.67,0.627577719907394
7.15,170.0,128.0,105.28,26.16,0.627581550925912
7.15,170.0,128.0,103.95,25.85,0.627585381944431
6.94,170.0,128.0,110.25,25.69,0.627589212962949
6.94,225.0,133.0,99.07,24.65,0.627593043981468
5.86,307.0,137.0,96.77,24.15,0.627596874999986
5.86,324.0,137.0,102.8,24.09,0.627600706018505
6.79,324.0,137.0,100.87,23.53,0.627604537037023
6.79,324.0,137.0,105.77,23.93,0.627608368055542
6.74,324.0,138.0,96.82,23.93,0.62761219907406
6.74,318.0,137.0,96.5,23.56,0.627616030092579
6.33,318.0,137.0,101.38,23.59,0.627619861111097
6.33,297.0,136.0,89.74,22.65,0.627623692129616
6.22,283.0,136.0,99.11,22.78,0.627627523148134
6.22,265.0,135.0,93.56,22.61,0.627631354166653
7.36,265.0,135.0,98.96,22.46,0.627635185185171
7.36,265.0,135.0,98.45,22.98,0.62763901620369
6.74,269.0,135.0,97.37,22.88,0.627642847222209
6.74,260.0,135.0,108.16,23.74,0.627646678240727
5.86,253.0,135.0,95.57,23.54,0.627650509259246
5.86,234.0,134.0,98.45,23.54,0.627654340277764
5.5,202.0,128.0,100.2,23.7,0.627658171296283
5.5,199.0,123.0,99.65,23.2,0.627662002314801
6.64,199.0,123.0,97.14,23.29,0.62766583333332
6.64,199.0,123.0,89.91,22.79,0.627669664351838
6.17,184.0,113.0,98.21,22.67,0.627673495370357
6.17,191.0,114.0,91.2,22.18,0.627677326388875
6.17,196.0,118.0,89.31,21.71,0.627681157407394
6.17,194.0,114.0,91.84,21.83,0.627684988425912
4.94,217.0,128.0,88.11,21.23,0.627688819444431
4.94,216.0,128.0,91.91,21.27,0.627692650462949
5.25,215.0,127.0,79.61,20.7,0.627696481481468
5.25,215.0,127.0,89.94,20.59,0.627700312499986
7.67,215.0,127.0,79.9,20.11,0.627704143518505
7.67,206.0,122.0,89.62,19.97,0.627707974537024
7.87,183.0,111.0,77.59,19.85,0.627711805555542
7.87,183.0,111.0,86.98,19.68,0.627715636574061
7.25,183.0,109.0,82.43,19.83,0.627719467592579
7.25,183.0,109.0,90.32,19.87,0.627723298611098
7.05,189.0,112.0,78.45,19.92,0.627727129629616
7.05,221.0,129.0,87.19,19.93,0.627730960648135
5.71,221.0,129.0,82.91,19.96,0.627734791666653
5.71,251.0,132.0,88.63,19.86,0.627738622685172
5.2,329.0,137.0,79.71,19.94,0.62774245370369
5.2,355.0,139.0,86.7,19.91,0.627746284722209
6.58,361.0,139.0,85.54,20.06,0.627750115740727
6.58,361.0,139.0,94.1,20.38,0.627753946759246
7.25,331.0,138.0,87.6,20.85,0.627757777777764
7.25,255.0,134.0,91.39,21.13,0.627761608796283
7.05,209.0,126.0,90.84,21.44,0.627765439814801
7.05,205.0,121.0,97.57,21.64,0.62776927083332
6.79,205.0,121.0,108.71,22.89,0.627773101851839
6.79,192.0,112.0,103.52,23.6,0.627776932870357
5.97,190.0,112.0,110.08,24.73,0.627780763888876
5.97,190.0,112.0,106.16,25.24,0.627784594907394
6.64,187.0,111.0,108.0,25.2,0.627788425925913
6.64,188.0,109.0,111.01,25.64,0.627792256944431
5.4,188.0,112.0,108.54,25.55,0.62779608796295
5.4,193.0,113.0,101.73,25.29,0.627799918981468
4.94,184.0,110.0,109.53,25.38,0.627803749999987
4.94,180.0,108.0,105.15,25.03,0.627807581018505
5.04,171.0,104.0,99.71,24.51,0.627811412037024
5.04,171.0,104.0,103.14,24.59,0.627815243055542
6.33,171.0,104.0,103.83,24.26,0.627819074074061
6.33,166.0,104.0,105.22,24.26,0.627822905092579
7.0,162.0,106.0,95.83,24.03,0.627826736111098
7.0,171.0,109.0,96.37,23.64,0.627830567129616
6.74,172.0,111.0,97.4,23.26,0.627834398148135
6.74,172.0,111.0,94.03,22.6,0.627838229166654
7.15,180.0,115.0,98.4,22.75,0.627842060185172
7.15,193.0,119.0,96.65,22.77,0.627845891203691
6.43,191.0,121.0,102.15,23.05,0.627849722222209
6.43,186.0,117.0,115.42,24.31,0.627853553240728
6.38,180.0,116.0,114.97,25.28,0.627857384259246
6.38,180.0,116.0,118.83,26.59,0.627861215277765
5.45,180.0,116.0,119.81,27.63,0.627865046296283
5.45,175.0,109.0,121.79,28.0,0.627868877314802
5.5,175.0,109.0,124.47,28.56,0.62787270833332
5.5,175.0,109.0,126.95,29.04,0.627876539351839
5.2,167.0,101.0,128.8,29.57,0.627880370370357
5.2,167.0,101.0,131.07,30.12,0.627884201388876
4.84,176.0,106.0,132.42,30.59,0.627888032407394
4.84,184.0,110.0,132.97,30.94,0.627891863425913
4.32,184.0,110.0,131.39,31.09,0.627895694444431
4.32,191.0,113.0,129.61,31.01,0.62789952546295
5.25,200.0,121.0,128.73,30.79,0.627903356481469
5.25,200.0,117.0,128.62,30.53,0.627907187499987
6.38,221.0,129.0,128.0,30.33,0.627911018518506
6.38,221.0,129.0,127.89,30.23,0.627914849537024
5.61,210.0,125.0,128.73,30.23,0.627918680555543
5.61,205.0,123.0,130.62,30.35,0.627922511574061
5.76,201.0,120.0,132.53,30.62,0.62792634259258
5.76,201.0,120.0,133.94,30.97,0.627930173611098
6.84,188.0,112.0,134.63,31.32,0.627934004629617
6.84,186.0,110.0,134.75,31.56,0.627937835648135
7.67,186.0,110.0,134.82,31.7,0.627941666666654
7.67,186.0,110.0,135.89,31.81,0.627945497685172
7.97,182.0,107.0,135.46,31.86,0.627949328703691
7.97,198.0,116.0,135.01,31.88,0.627953159722209
7.36,179.0,108.0,134.6,31.86,0.627956990740728
7.36,179.0,108.0,133.75,31.74,0.627960821759247
7.51,180.0,106.0,133.98,31.65,0.627964652777765
7.51,180.0,106.0,134.92,31.65,0.627968483796284
7.25,171.0,103.0,133.53,31.58,0.627972314814802
7.25,171.0,101.0,133.49,31.57,0.627976145833321
6.89,172.0,103.0,133.62,31.55,0.627979976851839
6.89,163.0,97.0,133.55,31.47,0.627983807870358
5.86,163.0,97.0,133.75,31.48,0.627987638888876
5.86,163.0,97.0,132.22,31.4,0.627991469907395
5.92,159.0,95.0,130.66,31.23,0.627995300925913
5.92,156.0,92.0,130.17,31.03,0.627999131944432
5.92,156.0,92.0,130.04,30.81,0.62800296296295
5.92,150.0,90.0,129.07,30.63,0.628006793981469
6.43,150.0,90.0,127.23,30.42,0.628010624999987
6.43,152.0,91.0,126.39,30.2,0.628014456018506
6.43,152.0,91.0,126.57,30.0,0.628018287037024
6.43,152.0,91.0,125.28,29.77,0.628022118055543
6.48,145.0,86.0,123.89,29.58,0.628025949074062
6.48,142.0,85.0,123.27,29.39,0.62802978009258
5.81,142.0,85.0,123.01,29.18,0.628033611111099
5.81,145.0,86.0,122.17,29.0,0.628037442129617
5.09,145.0,86.0,121.74,28.87,0.628041273148136
5.09,138.0,83.0,122.52,28.83,0.628045104166654
5.66,130.0,77.0,122.47,28.8,0.628048935185173
5.66,131.0,79.0,122.45,28.81,0.628052766203691
5.76,131.0,79.0,123.76,28.93,0.62805659722221
5.76,134.0,79.0,124.94,29.08,0.628060428240728
5.45,132.0,79.0,125.34,29.25,0.628064259259247
5.45,132.0,79.0,124.62,29.37,0.628068090277765
5.92,132.0,79.0,124.04,29.39,0.628071921296284
5.92,134.0,82.0,125.39,29.42,0.628075752314802
5.76,134.0,82.0,126.5,29.49,0.628079583333321
5.76,128.0,82.0,126.12,29.57,0.628083414351839
5.25,140.0,90.0,126.84,29.74,0.628087245370358
5.25,137.0,91.0,127.47,29.86,0.628091076388877
4.78,149.0,99.0,128.32,29.97,0.628094907407395
4.78,149.0,99.0,128.62,30.11,0.628098738425914
5.86,149.0,99.0,127.94,30.18,0.628102569444432
5.86,153.0,105.0,127.44,30.18,0.628106400462951
7.1,152.0,111.0,127.53,30.13,0.628110231481469
7.1,162.0,113.0,127.32,30.05,0.628114062499988
7.25,162.0,113.0,125.99,29.94,0.628117893518506
7.25,162.0,113.0,124.74,29.78,0.628121724537025
6.84,169.0,117.0,124.9,29.63,0.628125555555543
6.84,183.0,127.0,125.02,29.49,0.628129386574062
7.36,183.0,127.0,124.12,29.38,0.62813321759258
7.36,228.0,134.0,124.51,29.37,0.628137048611099
6.89,289.0,136.0,124.45,29.34,0.628140879629617
6.89,289.0,136.0,124.42,29.31,0.628144710648136
6.58,289.0,136.0,122.52,29.21,0.628148541666654
6.58,289.0,136.0,121.21,29.02,0.628152372685173
7.05,229.0,133.0,117.61,28.61,0.628156203703692
7.05,199.0,126.0,107.15,27.6,0.62816003472221
7.15,211.0,131.0,107.66,26.72,0.628163865740729
7.15,210.0,131.0,107.96,25.94,0.628167696759247
6.64,211.0,130.0,97.29,24.74,0.628171527777766
6.64,227.0,132.0,104.77,24.6,0.628175358796284
6.22,210.0,130.0,101.6,24.25,0.628179189814803
6.22,193.0,118.0,96.99,23.6,0.628183020833321
5.61,193.0,118.0,99.39,23.72,0.62818685185184
5.61,188.0,115.0,98.19,23.34,0.628190682870358
5.04,189.0,115.0,103.55,23.45,0.628194513888877
5.04,199.0,120.0,94.95,23.33,0.628198344907395
4.84,201.0,122.0,102.65,23.52,0.628202175925914
4.84,201.0,122.0,106.85,24.03,0.628206006944432
4.58,199.0,121.0,108.86,24.35,0.628209837962951
4.58,200.0,120.0,116.41,25.61,0.628213668981469
5.71,200.0,120.0,117.16,26.47,0.628217499999988
5.71,183.0,112.0,119.73,27.22,0.628221331018507
5.71,180.0,112.0,118.23,27.78,0.628225162037025
5.71,166.0,102.0,121.49,28.08,0.628228993055544
5.76,166.0,102.0,122.66,28.4,0.628232824074062
5.76,166.0,102.0,121.89,28.53,0.628236655092581
5.4,178.0,108.0,119.81,28.62,0.628240486111099
5.4,194.0,115.0,119.62,28.51,0.628244317129618
5.14,197.0,120.0,115.27,28.07,0.628248148148136
5.14,188.0,115.0,116.75,27.77,0.628251979166655
4.63,180.0,111.0,119.94,27.78,0.628255810185173
4.63,189.0,114.0,120.86,27.85,0.628259641203692
5.56,189.0,114.0,120.99,28.19,0.62826347222221
5.56,189.0,114.0,122.41,28.52,0.628267303240729
5.66,182.0,111.0,123.97,28.76,0.628271134259247
5.66,181.0,111.0,125.05,29.01,0.628274965277766
5.81,208.0,120.0,123.93,29.18,0.628278796296284
5.81,204.0,124.0,122.6,29.19,0.628282627314803
4.89,222.0,125.0,119.92,28.95,0.628286458333322
4.89,247.0,134.0,107.77,27.93,0.62829028935184
5.4,258.0,135.0,101.38,26.61,0.628294120370359
5.4,258.0,135.0,111.69,25.96,0.628297951388877
5.35,315.0,137.0,109.27,25.34,0.628301782407396
5.35,365.0,139.0,102.33,25.02,0.628305613425914
4.53,336.0,138.0,106.18,25.3,0.628309444444433
4.53,303.0,137.0,108.78,25.13,0.628313275462951
5.71,303.0,137.0,102.39,24.72,0.62831710648147
5.71,245.0,134.0,103.44,24.79,0.628320937499988
6.22,245.0,134.0,112.03,25.13,0.628324768518507
6.22,230.0,132.0,119.79,25.78,0.628328599537025
5.97,224.0,130.0,121.61,26.91,0.628332430555544
5.97,227.0,131.0,123.01,28.06,0.628336261574062
5.81,219.0,126.0,123.44,28.74,0.628340092592581
5.81,219.0,126.0,125.13,29.05,0.628343923611099
6.22,219.0,126.0,126.65,29.35,0.628347754629618
6.22,198.0,114.0,127.62,29.62,0.628351585648137
6.74,186.0,107.0,127.38,29.85,0.628355416666655
6.74,183.0,104.0,126.61,29.94,0.628359247685174
7.51,183.0,104.0,126.97,29.96,0.628363078703692
7.51,181.0,103.0,127.94,29.98,0.628366909722211
6.94,196.0,109.0,127.6,29.99,0.628370740740729
6.94,214.0,120.0,126.72,30.0,0.628374571759248
7.15,217.0,122.0,126.59,29.97,0.628378402777766
7.15,226.0,125.0,127.17,29.93,0.628382233796285
6.94,220.0,122.0,126.7,29.88,0.628386064814803
6.94,220.0,121.0,125.77,29.82,0.628389895833322
6.12,220.0,121.0,125.75,29.77,0.62839372685184
6.12,214.0,119.0,126.05,29.7,0.628397557870359
5.45,208.0,117.0,125.77,29.65,0.628401388888877
5.45,206.0,114.0,125.04,29.61,0.628405219907396
6.28,206.0,114.0,125.04,29.56,0.628409050925914
6.28,206.0,114.0,125.65,29.54,0.628412881944433
7.51,204.0,114.0,125.95,29.55,0.628416712962952
7.51,192.0,106.0,124.9,29.54,0.62842054398147
7.1,192.0,106.0,124.72,29.52,0.628424374999989
7.1,201.0,111.0,125.37,29.51,0.628428206018507
7.05,192.0,109.0,124.81,29.44,0.628432037037026
7.05,196.0,107.0,122.96,29.33,0.628435868055544
6.94,198.0,111.0,118.34,28.95,0.628439699074063
6.94,198.0,111.0,113.94,28.28,0.628443530092581
5.97,208.0,114.0,112.19,27.53,0.6284473611111
5.97,203.0,111.0,115.74,27.11,0.628451192129618
5.76,201.0,112.0,107.83,26.49,0.628455023148137
5.76,195.0,108.0,100.8,25.72,0.628458854166655
5.45,200.0,111.0,105.26,25.31,0.628462685185174
5.45,192.0,106.0,108.43,24.88,0.628466516203692
5.3,192.0,106.0,103.44,24.62,0.628470347222211
5.3,192.0,106.0,113.17,25.35,0.628474178240729
5.86,220.0,120.0,104.43,25.3,0.628478009259248
5.86,227.0,126.0,105.58,25.13,0.628481840277767
5.56,222.0,121.0,120.78,26.15,0.628485671296285
5.56,222.0,121.0,118.23,26.45,0.628489502314804
5.2,212.0,118.0,114.59,27.05,0.628493333333322
5.2,212.0,115.0,119.6,27.87,0.628497164351841
5.86,221.0,122.0,119.96,27.83,0.628500995370359
5.86,221.0,122.0,118.34,27.83,0.628504826388878
5.86,221.0,122.0,117.93,28.03,0.628508657407396
5.86,211.0,117.0,113.56,27.67,0.628512488425915
5.61,216.0,117.0,108.73,27.01,0.628516319444433
5.61,219.0,124.0,104.58,26.2,0.628520150462952
5.04,219.0,124.0,107.79,25.6,0.62852398148147
5.04,219.0,124.0,99.41,24.77,0.628527812499989
4.84,219.0,124.0,98.44,24.16,0.628531643518507
4.84,188.0,106.0,106.74,24.29,0.628535474537026
4.53,188.0,106.0,101.12,23.9,0.628539305555544
4.53,179.0,100.0,103.29,24.13,0.628543136574063
4.42,169.0,95.0,116.04,25.16,0.628546967592582
4.42,169.0,95.0,118.87,25.88,0.6285507986111
5.35,160.0,89.0,117.41,26.84,0.628554629629619
5.35,160.0,89.0,122.66,27.98,0.628558460648137
4.42,158.0,89.0,126.03,28.57,0.628562291666656
4.42,158.0,89.0,126.01,28.99,0.628566122685174
4.01,164.0,92.0,127.21,29.56,0.628569953703693
4.01,169.0,95.0,128.15,29.89,0.628573784722211
5.04,179.0,101.0,128.94,30.06,0.62857761574073
5.04,175.0,102.0,128.54,30.21,0.628581446759248
5.4,175.0,102.0,127.64,30.23,0.628585277777767
5.4,175.0,102.0,126.91,30.16,0.628589108796285
4.53,177.0,102.0,125.99,29.99,0.628592939814804
4.53,171.0,100.0,124.3,29.74,0.628596770833322
5.09,154.0,92.0,112.91,28.87,0.628600601851841
5.09,154.0,92.0,112.66,28.03,0.628604432870359
5.56,161.0,95.0,113.9,27.32,0.628608263888878
5.56,148.0,90.0,110.43,26.5,0.628612094907397
5.61,161.0,98.0,106.27,26.11,0.628615925925915
5.61,161.0,98.0,103.89,25.59,0.628619756944434
6.38,161.0,98.0,103.4,24.98,0.628623587962952
6.38,154.0,99.0,106.74,24.76,0.628627418981471
7.1,154.0,99.0,100.33,24.41,0.628631249999989
7.1,154.0,99.0,105.28,24.49,0.628635081018508
7.0,154.0,99.0,98.83,24.22,0.628638912037026
7.0,154.0,99.0,101.47,23.91,0.628642743055545
6.89,156.0,100.0,108.41,24.39,0.628646574074063
6.89,163.0,103.0,99.39,24.04,0.628650405092582
6.53,179.0,112.0,105.91,24.46,0.6286542361111
6.53,179.0,112.0,105.99,24.72,0.628658067129619
6.12,182.0,114.0,96.52,24.02,0.628661898148137
6.12,183.0,112.0,102.93,24.23,0.628665729166656
6.43,183.0,112.0,96.49,23.68,0.628669560185175
6.43,193.0,118.0,95.14,23.04,0.628673391203693
6.69,186.0,109.0,102.69,23.4,0.628677222222212
6.69,196.0,119.0,93.49,22.84,0.62868105324073
5.45,185.0,110.0,94.31,22.72,0.628684884259249
5.45,185.0,110.0,96.17,22.78,0.628688715277767
4.58,211.0,125.0,99.82,22.61,0.628692546296286
4.58,205.0,120.0,98.85,22.92,0.628696377314804
4.99,205.0,120.0,100.08,23.26,0.628700208333323
4.99,205.0,120.0,107.1,23.91,0.628704039351841
5.2,198.0,117.0,98.12,23.81,0.62870787037036
5.2,198.0,116.0,109.1,24.41,0.628711701388878
5.56,200.0,115.0,110.56,25.03,0.628715532407397
5.56,200.0,115.0,101.57,24.7,0.628719363425915
4.84,195.0,114.0,113.98,25.64,0.628723194444434
4.84,187.0,109.0,113.75,25.91,0.628727025462952
4.53,174.0,103.0,106.46,25.67,0.628730856481471
4.53,173.0,101.0,109.68,26.15,0.62873468749999
4.89,173.0,101.0,112.57,26.06,0.628738518518508
4.89,165.0,98.0,99.65,25.23,0.628742349537027
4.37,165.0,98.0,105.67,25.19,0.628746180555545
4.37,165.0,98.0,102.41,24.76,0.628750011574064
5.3,181.0,104.0,99.37,23.98,0.628753842592582
5.3,201.0,116.0,100.4,24.02,0.628757673611101
5.5,219.0,123.0,99.13,23.64,0.628761504629619
5.5,223.0,126.0,103.44,23.7,0.628765335648138
6.43,223.0,123.0,94.87,23.44,0.628769166666656
6.43,228.0,126.0,91.76,22.93,0.628772997685175
6.22,228.0,126.0,100.18,22.99,0.628776828703693
6.22,245.0,130.0,93.28,22.39,0.628780659722212
6.07,245.0,130.0,101.85,22.8,0.62878449074073
6.07,245.0,130.0,100.63,23.32,0.628788321759249
6.43,253.0,134.0,101.0,23.37,0.628792152777767
6.43,253.0,134.0,106.91,24.17,0.628795983796286
6.43,227.0,125.0,100.63,24.1,0.628799814814805
6.43,227.0,125.0,107.15,24.49,0.628803645833323
6.58,191.0,105.0,115.01,25.31,0.628807476851842
6.58,194.0,107.0,105.84,25.25,0.62881130787036
6.48,194.0,107.0,109.27,25.76,0.628815138888879
6.48,176.0,98.0,119.58,26.49,0.628818969907397
6.94,173.0,98.0,117.95,26.66,0.628822800925916
6.94,173.0,98.0,115.91,27.26,0.628826631944434
6.48,173.0,98.0,114.88,27.59,0.628830462962953
6.48,203.0,114.0,115.89,27.37,0.628834293981471
5.92,231.0,131.0,112.79,27.06,0.62883812499999
5.92,231.0,131.0,114.28,26.97,0.628841956018508
5.61,231.0,131.0,109.74,26.67,0.628845787037027
5.61,266.0,136.0,109.76,26.3,0.628849618055545
5.66,293.0,137.0,106.87,25.96,0.628853449074064
5.66,262.0,135.0,100.72,25.16,0.628857280092582
5.4,218.0,127.0,101.64,24.68,0.628861111111101
5.4,206.0,118.0,98.62,24.02,0.62886494212962
5.81,195.0,111.0,96.0,23.38,0.628868773148138
5.81,193.0,109.0,105.73,23.68,0.628872604166657
5.92,193.0,109.0,97.52,23.44,0.628876435185175
5.92,193.0,109.0,95.49,23.25,0.628880266203694
5.2,179.0,102.0,110.19,24.09,0.628884097222212
5.2,179.0,102.0,104.28,24.0,0.628887928240731
4.53,172.0,98.0,100.14,24.16,0.628891759259249
4.53,172.0,99.0,99.5,24.39,0.628895590277768
4.37,185.0,105.0,96.45,23.58,0.628899421296286
4.37,189.0,110.0,99.95,23.33,0.628903252314805
4.68,189.0,110.0,97.78,23.19,0.628907083333323
4.68,211.0,124.0,97.27,23.06,0.628910914351842
4.22,224.0,127.0,91.99,22.8,0.62891474537036
4.22,213.0,127.0,91.76,22.31,0.628918576388879
4.89,208.0,123.0,100.8,22.49,0.628922407407397
4.89,208.0,123.0,90.11,22.07,0.628926238425916
7.05,227.0,129.0,96.07,22.31,0.628930069444435
7.05,258.0,133.0,84.47,21.88,0.628933900462953
6.84,258.0,133.0,91.65,21.34,0.628937731481472
6.84,288.0,134.0,89.44,21.3,0.62894156249999
6.28,302.0,135.0,86.46,20.74,0.628945393518509
6.28,290.0,133.0,83.72,20.69,0.628949224537027
8.08,285.0,134.0,83.87,20.23,0.628953055555546
8.08,285.0,134.0,90.96,20.32,0.628956886574064
8.23,263.0,133.0,80.65,19.98,0.628960717592583
8.23,247.0,132.0,83.59,19.97,0.628964548611101
7.31,237.0,131.0,81.21,19.82,0.62896837962962
7.31,217.0,127.0,92.42,19.9,0.628972210648138
6.84,216.0,124.0,79.16,19.81,0.628976041666657
6.84,207.0,118.0,84.6,19.87,0.628979872685175
6.69,202.0,117.0,74.55,19.48,0.628983703703694
6.69,202.0,117.0,86.42,19.13,0.628987534722212
6.02,202.0,117.0,74.82,18.87,0.628991365740731
6.02,213.0,119.0,83.27,18.79,0.62899519675925
5.97,230.0,127.0,75.36,18.84,0.628999027777768
5.97,223.0,124.0,81.7,18.56,0.629002858796287
5.92,223.0,124.0,76.17,18.64,0.629006689814805
5.92,223.0,124.0,83.48,18.65,0.629010520833324
5.5,239.0,128.0,75.85,18.68,0.629014351851842
5.5,247.0,130.0,75.75,18.33,0.629018182870361
5.14,247.0,130.0,71.07,18.03,0.629022013888879
5.14,236.0,126.0,69.89,17.23,0.629025844907398
5.66,235.0,127.0,75.77,17.23,0.629029675925916
5.66,233.0,122.0,71.38,16.97,0.629033506944435
5.45,265.0,132.0,73.41,17.11,0.629037337962953
5.45,265.0,132.0,70.24,17.13,0.629041168981472
5.4,272.0,133.0,77.87,17.25,0.62904499999999
5.4,256.0,131.0,68.27,17.07,0.629048831018509
6.17,225.0,123.0,75.47,17.19,0.629052662037027
6.17,216.0,116.0,76.58,17.56,0.629056493055546
5.76,216.0,116.0,72.47,17.25,0.629060324074065
5.76,213.0,115.0,77.25,17.78,0.629064155092583
6.69,213.0,115.0,77.38,17.89,0.629067986111102
6.69,213.0,115.0,82.01,18.21,0.62907181712962
7.77,210.0,113.0,71.2,18.13,0.629075648148139
7.77,204.0,110.0,80.63,18.33,0.629079479166657
7.15,215.0,114.0,81.83,18.59,0.629083310185176
7.15,215.0,116.0,88.59,18.98,0.629087141203694
6.74,201.0,110.0,81.85,19.61,0.629090972222213
6.74,195.0,104.0,88.42,20.07,0.629094803240731
6.43,187.0,101.0,92.76,20.71,0.62909863425925
6.43,187.0,101.0,96.2,21.16,0.629102465277768
6.58,192.0,103.0,85.67,21.39,0.629106296296287
6.58,184.0,100.0,101.25,22.14,0.629110127314805
6.07,176.0,96.0,106.03,22.92,0.629113958333324
6.07,187.0,101.0,105.18,23.45,0.629117789351842
6.53,187.0,101.0,98.15,24.19,0.629121620370361
6.53,199.0,109.0,105.84,24.46,0.62912545138888
5.45,211.0,115.0,106.85,24.51,0.629129282407398
5.45,220.0,120.0,101.7,24.3,0.629133113425917
5.5,225.0,122.0,107.4,24.85,0.629136944444435
5.5,224.0,123.0,117.16,25.51,0.629140775462954
6.33,234.0,125.0,115.03,25.99,0.629144606481472
6.33,234.0,125.0,118.27,26.97,0.629148437499991
6.84,234.0,125.0,123.22,27.9,0.629152268518509
6.84,236.0,127.0,124.74,28.35,0.629156099537028
6.58,229.0,124.0,125.45,28.96,0.629159930555546
6.58,232.0,124.0,125.86,29.41,0.629163761574065
6.12,227.0,122.0,126.42,29.6,0.629167592592583
6.12,227.0,122.0,126.99,29.73,0.629171423611102
6.48,235.0,125.0,126.24,29.78,0.62917525462962
6.48,236.0,127.0,124.45,29.69,0.629179085648139
6.79,245.0,127.0,123.74,29.54,0.629182916666657
6.79,264.0,132.0,123.39,29.32,0.629186747685176
7.05,287.0,134.0,115.76,28.71,0.629190578703695
7.05,287.0,134.0,115.83,28.2,0.629194409722213
6.64,287.0,134.0,122.67,28.14,0.629198240740732
6.64,319.0,135.0,123.33,28.13,0.62920207175925
5.35,285.0,133.0,118.04,28.27,0.629205902777769
5.35,264.0,133.0,120.59,28.55,0.629209733796287
4.84,242.0,128.0,124.3,28.64,0.629213564814806
4.84,242.0,128.0,121.21,28.52,0.629217395833324
5.61,237.0,125.0,116.11,28.41,0.629221226851843
5.61,227.0,118.0,111.03,27.84,0.629225057870361
6.17,227.0,118.0,111.24,27.07,0.62922888888888
6.17,227.0,120.0,103.83,26.05,0.629232719907398
6.33,221.0,116.0,107.83,25.56,0.629236550925917
6.33,220.0,116.0,106.23,25.28,0.629240381944435
7.0,219.0,116.0,104.88,24.9,0.629244212962954
7.0,219.0,116.0,113.06,25.45,0.629248043981472
6.07,216.0,114.0,109.98,25.57,0.629251874999991
6.07,225.0,120.0,111.46,25.88,0.62925570601851
5.61,233.0,124.0,117.91,26.65,0.629259537037028
5.61,232.0,126.0,109.87,26.46,0.629263368055547
5.86,246.0,128.0,108.28,26.36,0.629267199074065
5.86,254.0,132.0,114.41,26.53,0.629271030092584
6.38,258.0,133.0,108.99,26.01,0.629274861111102
6.38,258.0,133.0,101.23,25.5,0.629278692129621
6.28,247.0,130.0,104.13,25.26,0.629282523148139
6.28,232.0,122.0,104.57,24.68,0.629286354166658
6.38,238.0,123.0,102.62,24.3,0.629290185185176
6.38,238.0,123.0,100.67,24.27,0.629294016203695
6.28,226.0,119.0,88.46,23.34,0.629297847222213
6.28,234.0,123.0,95.66,22.82,0.629301678240732
5.86,217.0,116.0,97.22,22.5,0.62930550925925
5.86,217.0,116.0,103.1,22.65,0.629309340277769
5.76,217.0,116.0,105.99,23.68,0.629313171296287
5.76,234.0,122.0,97.33,23.78,0.629317002314806
6.74,227.0,118.0,109.96,24.53,0.629320833333325
6.74,224.0,119.0,108.82,24.86,0.629324664351843
6.43,224.0,119.0,109.76,25.09,0.629328495370362
6.43,224.0,119.0,109.63,25.81,0.62933232638888
6.79,224.0,118.0,103.63,25.44,0.629336157407399
6.79,211.0,112.0,101.7,25.02,0.629339988425917
6.69,211.0,112.0,106.42,24.82,0.629343819444436
6.69,197.0,105.0,103.37,24.45,0.629347650462954
7.41,197.0,105.0,98.72,24.16,0.629351481481473
7.41,189.0,103.0,101.68,24.16,0.629355312499991
7.72,188.0,104.0,106.8,24.18,0.62935914351851
7.72,188.0,104.0,106.98,24.4,0.629362974537028
7.1,190.0,106.0,99.43,24.44,0.629366805555547
7.1,194.0,110.0,113.94,25.16,0.629370636574065
6.94,199.0,112.0,120.27,25.95,0.629374467592584
6.94,215.0,119.0,107.51,25.99,0.629378298611103
7.77,206.0,117.0,118.62,27.12,0.629382129629621
7.77,223.0,122.0,125.07,27.77,0.62938596064814
5.97,223.0,122.0,124.62,28.03,0.629389791666658
5.97,223.0,122.0,125.02,29.06,0.629393622685177
7.2,213.0,120.0,125.11,29.44,0.629397453703695
7.2,201.0,110.0,126.37,29.52,0.629401284722214
6.69,226.0,122.0,127.49,29.69,0.629405115740732
6.69,226.0,122.0,128.94,29.92,0.629408946759251
7.05,211.0,115.0,128.77,30.13,0.629412777777769
7.05,222.0,117.0,127.21,30.18,0.629416608796288
6.89,238.0,127.0,127.0,30.15,0.629420439814806
6.89,238.0,127.0,126.2,29.99,0.629424270833325
7.31,238.0,127.0,124.3,29.73,0.629428101851843
7.31,233.0,123.0,123.7,29.52,0.629431932870362
7.67,229.0,118.0,124.68,29.39,0.62943576388888
7.67,243.0,127.0,125.05,29.32,0.629439594907399
7.31,243.0,127.0,123.48,29.27,0.629443425925918
7.31,243.0,127.0,121.25,29.13,0.629447256944436
6.89,234.0,123.0,121.23,28.92,0.629451087962955
6.89,219.0,116.0,121.76,28.73,0.629454918981473
7.46,218.0,115.0,118.27,28.42,0.629458749999992
7.46,203.0,109.0,117.26,28.19,0.62946258101851
7.05,193.0,102.0,119.88,28.11,0.629466412037029
7.05,193.0,102.0,111.0,27.47,0.629470243055547
5.97,193.0,102.0,105.13,26.7,0.629474074074066
5.97,175.0,94.0,108.67,26.19,0.629477905092584
5.09,164.0,87.0,101.38,25.1,0.629481736111103
5.09,164.0,87.0,102.26,24.59,0.629485567129621
5.3,173.0,94.0,96.11,24.06,0.62948939814814
5.3,173.0,94.0,95.53,23.28,0.629493229166658
5.4,207.0,109.0,96.75,23.01,0.629497060185177
5.4,228.0,123.0,88.93,22.23,0.629500891203695
6.64,228.0,123.0,103.87,22.68,0.629504722222214
6.64,252.0,128.0,93.43,22.56,0.629508553240733
6.94,280.0,133.0,101.58,22.84,0.629512384259251
6.94,262.0,132.0,110.55,24.12,0.62951621527777
5.97,262.0,132.0,110.21,24.49,0.629520046296288
5.97,262.0,132.0,114.31,25.72,0.629523877314807
6.22,240.0,125.0,116.54,26.6,0.629527708333325
6.22,241.0,125.0,112.42,26.71,0.629531539351844
5.76,256.0,131.0,114.24,26.95,0.629535370370362
5.76,257.0,131.0,114.73,26.97,0.629539201388881
4.58,250.0,129.0,109.14,26.54,0.629543032407399
4.58,253.0,130.0,110.13,26.4,0.629546863425918
4.78,249.0,129.0,113.04,26.33,0.629550694444436
4.78,249.0,129.0,106.96,25.88,0.629554525462955
6.33,243.0,127.0,108.26,25.82,0.629558356481473
6.33,227.0,119.0,108.09,25.7,0.629562187499992
6.38,230.0,120.0,101.94,25.05,0.62956601851851
6.38,222.0,117.0,107.55,25.08,0.629569849537029
7.2,225.0,118.0,109.01,25.13,0.629573680555548
7.2,232.0,121.0,103.03,24.83,0.629577511574066
7.31,242.0,126.0,107.7,25.17,0.629581342592585
7.31,225.0,117.0,100.12,24.73,0.629585173611103
6.48,249.0,128.0,95.21,23.92,0.629589004629622
6.48,242.0,126.0,105.58,24.07,0.62959283564814
6.43,242.0,126.0,101.36,23.7,0.629596666666659
6.43,242.0,126.0,102.65,23.84,0.629600497685177
6.33,262.0,132.0,95.87,23.88,0.629604328703696
6.33,262.0,132.0,99.24,23.51,0.629608159722214
5.56,253.0,130.0,107.94,23.9,0.629611990740733
5.56,235.0,124.0,97.33,23.58,0.629615821759251
5.09,235.0,124.0,103.59,24.04,0.62961965277777
5.09,218.0,115.0,111.35,24.75,0.629623483796288
5.5,210.0,111.0,100.87,24.34,0.629627314814807
5.5,210.0,111.0,106.38,24.87,0.629631145833325
5.92,219.0,115.0,102.95,24.83,0.629634976851844
5.92,214.0,112.0,101.85,24.27,0.629638807870363
5.76,219.0,114.0,103.8,24.44,0.629642638888881
5.76,219.0,114.0,97.33,23.91,0.6296464699074
5.4,219.0,114.0,104.64,24.01,0.629650300925918
5.4,220.0,116.0,99.11,23.85,0.629654131944437
5.71,219.0,113.0,96.5,23.42,0.629657962962955
5.71,218.0,115.0,114.46,24.43,0.629661793981474
6.12,227.0,117.0,104.77,24.44,0.629665624999992
6.12,232.0,123.0,104.77,24.77,0.629669456018511
5.76,232.0,123.0,120.12,26.16,0.629673287037029
5.76,224.0,117.0,117.99,26.37,0.629677118055548
6.48,224.0,117.0,112.96,26.85,0.629680949074066
6.48,215.0,113.0,115.44,27.48,0.629684780092585
5.45,196.0,104.0,114.59,27.15,0.629688611111103
5.45,191.0,100.0,108.33,26.59,0.629692442129622
5.3,191.0,100.0,106.83,26.22,0.62969627314814
5.3,188.0,99.0,105.02,25.61,0.629700104166659
5.86,188.0,99.0,107.23,25.18,0.629703935185178
5.86,195.0,104.0,117.18,25.7,0.629707766203696
7.41,195.0,104.0,107.13,25.72,0.629711597222215
7.41,179.0,95.0,102.28,25.55,0.629715428240733
7.0,175.0,93.0,114.89,26.01,0.629719259259252
7.0,186.0,98.0,113.04,25.76,0.62972309027777
6.28,186.0,98.0,103.18,25.53,0.629726921296289
6.28,186.0,98.0,109.2,25.94,0.629730752314807
5.56,196.0,102.0,115.74,25.99,0.629734583333326
5.56,204.0,109.0,110.71,25.85,0.629738414351844
6.43,204.0,109.0,103.16,25.85,0.629742245370363
6.43,202.0,107.0,99.99,25.31,0.629746076388881
6.58,192.0,100.0,105.09,24.68,0.6297499074074
6.58,193.0,104.0,95.75,23.8,0.629753738425918
5.61,193.0,104.0,85.48,22.76,0.629757569444437
5.61,193.0,104.0,98.25,22.65,0.629761400462955
5.5,182.0,96.0,93.06,21.94,0.629765231481474
5.5,178.0,95.0,90.84,21.66,0.629769062499993
4.12,178.0,95.0,90.19,21.93,0.629772893518511
4.12,161.0,86.0,87.26,21.29,0.62977672453703
4.94,176.0,93.0,85.71,20.85,0.629780555555548
4.94,156.0,85.0,79.45,20.18,0.629784386574067
5.5,156.0,85.0,87.83,20.04,0.629788217592585
5.5,160.0,86.0,77.78,19.48,0.629792048611104
5.25,160.0,86.0,83.42,19.35,0.629795879629622
5.25,139.0,78.0,80.81,19.43,0.629799710648141
5.14,141.0,78.0,89.72,19.54,0.629803541666659
5.14,164.0,90.0,82.48,19.82,0.629807372685178
5.4,164.0,90.0,89.51,20.18,0.629811203703696
5.4,164.0,90.0,85.43,20.45,0.629815034722215
4.94,171.0,94.0,93.07,20.65,0.629818865740733
4.94,188.0,104.0,93.73,21.31,0.629822696759252
4.89,188.0,104.0,100.7,21.97,0.62982652777777
4.89,184.0,100.0,88.39,22.14,0.629830358796289
5.56,176.0,98.0,95.19,22.27,0.629834189814808
5.56,171.0,93.0,99.94,22.63,0.629838020833326
5.81,171.0,93.0,90.39,22.02,0.629841851851845
5.81,162.0,89.0,93.43,22.32,0.629845682870363
6.22,158.0,87.0,90.26,22.03,0.629849513888882
6.22,141.0,77.0,91.52,21.54,0.6298533449074
6.22,141.0,77.0,78.32,20.82,0.629857175925919
6.22,154.0,84.0,89.32,20.58,0.629861006944437
5.3,152.0,83.0,86.74,20.38,0.629864837962956
5.3,171.0,92.0,88.99,20.23,0.629868668981474
5.5,171.0,92.0,78.51,20.24,0.629872499999993
5.5,171.0,92.0,92.01,20.4,0.629876331018511
5.2,177.0,95.0,92.44,20.73,0.62988016203703
5.2,180.0,96.0,92.23,20.92,0.629883993055548
4.37,189.0,99.0,92.1,21.72,0.629887824074067
4.37,189.0,99.0,96.67,22.0,0.629891655092585
4.12,179.0,94.0,92.66,22.01,0.629895486111104
4.12,183.0,95.0,84.39,21.55,0.629899317129623
5.61,183.0,95.0,95.57,21.75,0.629903148148141
5.61,183.0,95.0,90.94,21.42,0.62990697916666
7.61,174.0,92.0,94.35,21.51,0.629910810185178
7.61,168.0,88.0,83.61,21.47,0.629914641203697
7.67,174.0,90.0,96.52,21.52,0.629918472222215
7.67,174.0,90.0,91.72,21.57,0.629922303240734
7.15,184.0,96.0,91.8,21.42,0.629926134259252
7.15,167.0,87.0,97.55,22.24,0.629929965277771
5.92,186.0,97.0,93.32,22.05,0.629933796296289
5.92,174.0,92.0,107.08,22.96,0.629937627314808
5.5,174.0,92.0,101.6,23.54,0.629941458333326
5.5,181.0,94.0,106.31,24.05,0.629945289351845
6.22,181.0,94.0,104.85,24.73,0.629949120370363
6.22,181.0,94.0,101.98,24.43,0.629952951388882
5.81,181.0,94.0,112.79,25.09,0.6299567824074
5.81,180.0,95.0,112.44,25.45,0.629960613425919
5.56,165.0,87.0,101.62,25.26,0.629964444444438
5.56,164.0,86.0,102.5,25.29,0.629968275462956
5.56,164.0,86.0,107.58,24.98,0.629972106481475
5.56,164.0,86.0,107.53,24.69,0.629975937499993
5.71,150.0,79.0,104.17,24.85,0.629979768518512
5.71,150.0,79.0,103.57,24.91,0.62998359953703
5.5,141.0,74.0,121.66,25.74,0.629987430555549
5.5,145.0,76.0,118.59,26.39,0.629991261574067
4.99,145.0,76.0,106.72,26.54,0.629995092592586
4.99,147.0,79.0,111.24,26.99,0.629998923611104
5.3,147.0,79.0,113.99,26.54,0.630002754629623
5.3,151.0,81.0,110.34,26.05,0.630006585648141
7.36,151.0,82.0,105.09,25.96,0.63001041666666
7.36,155.0,83.0,107.4,25.73,0.630014247685178
7.87,155.0,83.0,106.57,25.29,0.630018078703697
7.87,155.0,83.0,105.63,25.02,0.630021909722216
8.03,147.0,80.0,108.97,25.24,0.630025740740734
8.03,147.0,80.0,104.19,25.06,0.630029571759253
8.64,147.0,80.0,107.96,25.14,0.630033402777771
8.64,153.0,82.0,105.77,25.15,0.63003723379629
8.9,159.0,85.0,100.22,24.63,0.630041064814808
8.9,159.0,85.0,104.1,24.62,0.630044895833327
8.49,161.0,88.0,99.8,24.14,0.630048726851845
8.49,161.0,88.0,91.69,23.31,0.630052557870364
8.23,147.0,82.0,96.17,23.08,0.630056388888882
8.23,164.0,91.0,91.39,22.33,0.630060219907401
8.23,159.0,93.0,96.88,22.16,0.630064050925919
8.23,183.0,103.0,84.06,21.71,0.630067881944438
7.72,187.0,108.0,88.61,21.26,0.630071712962956
7.72,211.0,121.0,88.78,21.11,0.630075543981475
8.13,211.0,121.0,97.82,21.16,0.630079374999993
8.13,211.0,121.0,106.25,22.47,0.630083206018512
7.77,215.0,125.0,105.0,23.44,0.630087037037031
7.77,215.0,125.0,110.88,24.74,0.630090868055549
8.13,199.0,116.0,107.28,25.29,0.630094699074068
8.13,199.0,116.0,113.49,25.72,0.630098530092586
7.87,178.0,104.0,120.87,26.66,0.630102361111105
7.87,178.0,104.0,113.68,26.82,0.630106192129623
8.08,177.0,102.0,112.33,27.12,0.630110023148142
8.08,172.0,100.0,119.3,27.46,0.63011385416666
7.61,172.0,100.0,117.14,27.24,0.630117685185179
7.61,172.0,100.0,119.15,27.56,0.630121516203697
7.36,166.0,96.0,122.54,28.16,0.630125347222216
7.36,166.0,96.0,124.85,28.49,0.630129178240734
7.72,167.0,100.0,125.45,28.98,0.630133009259253
7.72,167.0,100.0,123.7,29.25,0.630136840277771
7.41,161.0,97.0,121.64,29.2,0.63014067129629
7.41,167.0,103.0,122.04,29.03,0.630144502314808
8.08,167.0,103.0,116.56,28.51,0.630148333333327
8.08,220.0,128.0,115.38,28.02,0.630152164351846
7.51,258.0,134.0,113.24,27.52,0.630155995370364
7.51,298.0,134.0,103.2,26.41,0.630159826388883
7.31,331.0,136.0,93.15,25.03,0.630163657407401
7.31,331.0,136.0,102.78,24.29,0.63016748842592
6.89,405.0,138.0,95.57,23.25,0.630171319444438
6.89,448.0,138.0,87.54,22.33,0.630175150462957
7.1,423.0,139.0,92.02,22.26,0.630178981481475
7.1,386.0,137.0,89.68,21.49,0.630182812499994
7.56,324.0,135.0,95.68,21.5,0.630186643518512
7.56,270.0,134.0,86.12,21.41,0.630190474537031
7.82,225.0,130.0,97.78,21.75,0.630194305555549
7.82,225.0,130.0,93.97,22.0,0.630198136574068
7.25,217.0,128.0,111.41,22.93,0.630201967592586
7.25,219.0,128.0,105.75,24.09,0.630205798611105
6.84,229.0,131.0,111.31,24.88,0.630209629629623
6.84,229.0,131.0,123.44,26.62,0.630213460648142
7.1,279.0,134.0,124.49,27.39,0.630217291666661
7.1,356.0,136.0,124.72,28.51,0.630221122685179
6.79,421.0,139.0,125.52,29.34,0.630224953703698
6.79,451.0,139.0,126.35,29.52,0.630228784722216
6.43,451.0,139.0,127.3,29.68,0.630232615740735
6.43,509.0,140.0,127.06,29.82,0.630236446759253
6.02,543.0,142.0,123.61,29.71,0.630240277777772
6.02,520.0,141.0,119.19,29.29,0.63024410879629
5.71,486.0,140.0,110.11,28.27,0.630247939814809
5.71,486.0,140.0,104.58,26.95,0.630251770833327
5.97,409.0,138.0,106.38,25.93,0.630255601851846
5.97,324.0,135.0,101.85,24.91,0.630259432870364
6.22,288.0,134.0,97.93,24.19,0.630263263888883
6.22,261.0,133.0,104.34,24.18,0.630267094907401
5.97,226.0,125.0,91.18,23.28,0.63027092592592
5.97,243.0,129.0,92.66,22.74,0.630274756944438
6.02,243.0,129.0,93.41,22.48,0.630278587962957
6.02,233.0,127.0,89.79,21.62,0.630282418981476
6.58,224.0,126.0,91.87,21.66,0.630286249999994
6.58,222.0,120.0,86.49,21.3,0.630290081018513
6.94,213.0,119.0,97.42,21.53,0.630293912037031
6.94,213.0,119.0,86.23,21.32,0.63029774305555
6.89,214.0,117.0,98.9,21.74,0.630301574074068
6.89,217.0,120.0,96.2,22.31,0.630305405092587
5.97,217.0,120.0,104.7,22.74,0.630309236111105
5.97,207.0,115.0,106.48,23.93,0.630313067129624
6.53,193.0,106.0,118.16,25.07,0.630316898148142
6.53,190.0,108.0,116.36,26.25,0.630320729166661
6.64,190.0,108.0,113.98,26.8,0.630324560185179
6.64,190.0,108.0,119.37,27.56,0.630328391203698
5.14,176.0,98.0,117.48,27.52,0.630332222222216
5.14,167.0,94.0,115.89,27.49,0.630336053240735
6.84,174.0,95.0,113.32,27.45,0.630339884259253
6.84,178.0,99.0,117.74,27.36,0.630343715277772
6.33,169.0,93.0,122.04,27.63,0.630347546296291
6.33,169.0,93.0,122.96,28.04,0.630351377314809
5.5,174.0,97.0,122.84,28.6,0.630355208333328
5.5,174.0,97.0,122.66,28.89,0.630359039351846
5.71,170.0,93.0,123.99,29.01,0.630362870370365
5.71,170.0,93.0,124.14,29.08,0.630366701388883
6.79,178.0,98.0,124.44,29.17,0.630370532407402
6.79,186.0,101.0,124.08,29.25,0.63037436342592
6.69,181.0,99.0,124.0,29.26,0.630378194444439
6.69,192.0,104.0,124.34,29.27,0.630382025462957
7.46,194.0,106.0,123.57,29.22,0.630385856481476
7.46,211.0,114.0,122.82,29.14,0.630389687499994
7.72,227.0,125.0,123.31,29.1,0.630393518518513
7.72,215.0,116.0,123.14,29.03,0.630397349537031
7.61,215.0,116.0,122.17,28.95,0.63040118055555
7.61,215.0,116.0,121.1,28.85,0.630405011574068
7.56,226.0,123.0,121.34,28.73,0.630408842592587
7.56,222.0,122.0,112.94,28.13,0.630412673611106
7.0,219.0,120.0,112.25,27.55,0.630416504629624
7.0,219.0,120.0,114.5,27.16,0.630420335648143
6.69,219.0,120.0,106.65,26.29,0.630424166666661
6.69,211.0,116.0,107.19,25.95,0.63042799768518
7.05,220.0,120.0,113.49,26.03,0.630431828703698
7.05,220.0,120.0,101.94,25.29,0.630435659722217
6.84,222.0,121.0,107.08,25.31,0.630439490740735
6.84,243.0,129.0,118.08,25.95,0.630443321759254
7.41,249.0,131.0,108.24,25.64,0.630447152777772
7.41,267.0,133.0,110.23,26.13,0.630450983796291
6.84,267.0,133.0,121.17,26.96,0.630454814814809
6.84,300.0,135.0,115.23,26.79,0.630458645833328
7.56,286.0,134.0,111.45,26.98,0.630462476851846
7.56,260.0,131.0,118.57,27.47,0.630466307870365
8.03,243.0,127.0,122.37,27.55,0.630470138888883
8.03,231.0,119.0,113.53,27.44,0.630473969907402
7.41,253.0,129.0,119.26,27.9,0.630477800925921
7.41,253.0,129.0,122.36,28.13,0.630481631944439
7.61,253.0,129.0,120.2,28.0,0.630485462962958
7.61,239.0,123.0,112.91,27.96,0.630489293981476
6.69,229.0,120.0,117.11,27.84,0.630493124999995
6.69,270.0,130.0,120.71,27.74,0.630496956018513
6.22,265.0,132.0,111.5,27.23,0.630500787037032
6.22,266.0,132.0,111.86,27.17,0.63050461805555
6.84,282.0,134.0,123.03,27.51,0.630508449074069
6.84,284.0,134.0,123.72,27.69,0.630512280092587
6.89,284.0,134.0,122.26,28.33,0.630516111111106
6.89,262.0,131.0,123.26,29.0,0.630519942129624
6.43,258.0,131.0,123.85,29.05,0.630523773148143
6.43,243.0,126.0,123.59,29.04,0.630527604166661
7.1,243.0,126.0,118.77,28.83,0.63053143518518
7.1,243.0,126.0,116.9,28.46,0.630535266203698
7.56,257.0,130.0,109.35,27.6,0.630539097222217
7.56,278.0,133.0,104.9,26.5,0.630542928240736
7.05,278.0,133.0,112.53,26.13,0.630546759259254
7.05,295.0,134.0,106.46,25.52,0.630550590277773
7.1,299.0,134.0,99.32,24.93,0.630554421296291
7.1,280.0,133.0,110.64,25.27,0.63055825231481
7.1,280.0,133.0,104.58,24.8,0.630562083333328
7.1,280.0,133.0,101.25,24.49,0.630565914351847
7.36,262.0,130.0,106.7,24.93,0.630569745370365
7.36,267.0,130.0,98.36,24.2,0.630573576388884
7.2,299.0,134.0,106.66,24.33,0.630577407407402
7.2,295.0,134.0,109.16,24.79,0.630581238425921
6.48,274.0,132.0,104.57,24.67,0.630585069444439
6.48,271.0,132.0,105.84,25.11,0.630588900462958
6.07,257.0,129.0,96.88,24.53,0.630592731481476
6.07,257.0,129.0,95.68,23.74,0.630596562499995
5.76,257.0,129.0,98.87,23.4,0.630600393518513
5.76,253.0,127.0,89.46,22.44,0.630604224537032
5.45,264.0,131.0,96.09,22.39,0.630608055555551
5.45,271.0,132.0,95.19,22.36,0.630611886574069
6.58,271.0,132.0,92.08,21.96,0.630615717592588
6.58,271.0,132.0,93.75,22.21,0.630619548611106
6.02,233.0,118.0,84.09,21.51,0.630623379629625
6.02,221.0,113.0,93.94,21.43,0.630627210648143
5.76,221.0,113.0,90.81,21.36,0.630631041666662
5.76,211.0,107.0,101.98,21.84,0.63063487268518
6.74,211.0,107.0,96.19,22.55,0.630638703703699
6.74,211.0,106.0,105.48,23.24,0.630642534722217
7.1,196.0,102.0,106.23,24.14,0.630646365740736
7.1,196.0,102.0,105.11,24.33,0.630650196759254
6.02,195.0,99.0,113.88,25.37,0.630654027777773
6.02,192.0,99.0,110.15,25.65,0.630657858796291
5.35,192.0,99.0,110.81,25.92,0.63066168981481
5.35,202.0,100.0,116.34,26.58,0.630665520833328
5.97,219.0,112.0,114.2,26.6,0.630669351851847
5.97,235.0,116.0,115.34,26.9,0.630673182870366
6.28,244.0,124.0,120.63,27.48,0.630677013888884
6.28,244.0,124.0,118.91,27.63,0.630680844907403
5.61,241.0,121.0,114.43,27.64,0.630684675925921
5.61,235.0,118.0,116.77,27.73,0.63068850694444
6.84,232.0,118.0,118.47,27.6,0.630692337962958
6.84,235.0,118.0,113.08,27.26,0.630696168981477
8.44,227.0,117.0,113.54,27.21,0.630699999999995
8.44,229.0,115.0,115.94,27.16,0.630703831018514
7.25,222.0,114.0,112.29,26.79,0.630707662037032
7.25,222.0,114.0,113.68,26.83,0.630711493055551
7.15,239.0,122.0,119.43,27.18,0.630715324074069
7.15,256.0,130.0,119.41,27.38,0.630719155092588
8.03,249.0,131.0,113.43,27.45,0.630722986111106
8.03,249.0,131.0,117.93,27.7,0.630726817129625
8.03,249.0,131.0,123.2,27.92,0.630730648148144
8.03,263.0,133.0,122.97,28.13,0.630734479166662
7.1,233.0,129.0,123.27,28.71,0.630738310185181
7.1,214.0,117.0,123.7,29.05,0.630742141203699
6.94,211.0,116.0,124.55,29.13,0.630745972222218
6.94,197.0,107.0,125.3,29.27,0.630749803240736
6.64,206.0,112.0,125.07,29.37,0.630753634259255
6.64,206.0,112.0,124.62,29.43,0.630757465277773
5.97,206.0,112.0,124.1,29.4,0.630761296296292
5.97,213.0,114.0,123.84,29.31,0.63076512731481
5.92,227.0,120.0,121.66,29.11,0.630768958333329
5.92,236.0,126.0,118.32,28.74,0.630772789351847
6.79,236.0,126.0,116.84,28.31,0.630776620370366
6.79,236.0,126.0,116.02,27.85,0.630780451388884
7.05,242.0,126.0,113.36,27.36,0.630784282407403
7.05,238.0,125.0,109.81,26.86,0.630788113425921
7.92,253.0,128.0,113.58,26.67,0.63079194444444
7.92,254.0,129.0,113.08,26.5,0.630795775462959
7.92,271.0,133.0,111.86,26.41,0.630799606481477
7.92,275.0,133.0,104.92,26.12,0.630803437499996
8.03,275.0,133.0,106.95,25.73,0.630807268518514
8.03,249.0,125.0,110.47,25.58,0.630811099537033
8.08,236.0,120.0,105.77,25.22,0.630814930555551
8.08,227.0,116.0,106.95,25.34,0.63081876157407
7.92,222.0,113.0,108.01,25.4,0.630822592592588
7.92,222.0,113.0,103.29,24.98,0.630826423611107
7.77,227.0,115.0,106.63,25.03,0.630830254629625
7.77,216.0,110.0,110.02,25.21,0.630834085648144
7.2,216.0,110.0,110.0,25.33,0.630837916666662
7.2,242.0,121.0,116.81,26.12,0.630841747685181
7.72,238.0,121.0,119.45,26.88,0.630845578703699
7.72,236.0,118.0,111.54,26.97,0.630849409722218
7.97,247.0,125.0,121.17,27.62,0.630853240740736
7.97,247.0,125.0,123.09,27.99,0.630857071759255
8.08,231.0,116.0,122.82,28.19,0.630860902777774
8.08,225.0,115.0,122.39,28.83,0.630864733796292
8.33,243.0,121.0,121.74,28.87,0.630868564814811
8.33,222.0,115.0,121.98,28.8,0.630872395833329
7.82,219.0,110.0,120.84,28.68,0.630876226851848
7.82,205.0,106.0,116.75,28.35,0.630880057870366
6.64,205.0,106.0,113.66,27.88,0.630883888888885
6.64,205.0,106.0,114.97,27.46,0.630887719907403
5.35,191.0,97.0,113.11,27.01,0.630891550925922
5.35,196.0,101.0,111.86,26.72,0.63089538194444
5.61,199.0,99.0,109.5,26.47,0.630899212962959
5.61,199.0,99.0,108.26,26.08,0.630903043981477
5.71,194.0,100.0,115.04,26.19,0.630906874999996
5.71,194.0,100.0,111.58,26.18,0.630910706018514
5.35,180.0,92.0,102.17,25.74,0.630914537037033
5.35,185.0,94.0,113.34,26.04,0.630918368055551
5.2,185.0,94.0,121.64,26.43,0.63092219907407
5.2,180.0,92.0,108.46,26.25,0.630926030092589
6.43,168.0,87.0,112.59,26.86,0.630929861111107
6.43,174.0,88.0,111.78,26.77,0.630933692129626
8.28,174.0,88.0,108.6,26.0,0.630937523148144
8.28,174.0,88.0,110.6,26.13,0.630941354166663
7.82,175.0,89.0,111.86,26.09,0.630945185185181
7.82,180.0,91.0,109.53,25.95,0.6309490162037
7.67,180.0,91.0,110.23,26.05,0.630952847222218
7.67,206.0,104.0,110.23,26.03,0.630956678240737
7.61,248.0,120.0,104.0,25.56,0.630960509259255
7.61,268.0,131.0,106.68,25.4,0.630964340277774
7.31,268.0,131.0,99.35,24.76,0.630968171296292
7.31,268.0,131.0,90.69,23.61,0.630972002314811
7.72,312.0,135.0,103.03,23.55,0.630975833333329
7.72,301.0,135.0,93.52,22.77,0.630979664351848
7.72,266.0,130.0,97.84,22.68,0.630983495370366
7.72,280.0,133.0,95.98,22.99,0.630987326388885
7.25,288.0,134.0,94.55,22.5,0.630991157407404
7.25,280.0,134.0,98.89,22.81,0.630994988425922
6.79,280.0,134.0,93.58,22.56,0.630998819444441
6.79,280.0,134.0,103.78,23.02,0.631002650462959
6.43,253.0,127.0,101.21,23.41,0.631006481481478
6.43,244.0,123.0,99.43,23.44,0.631010312499996
6.12,246.0,124.0,106.14,24.18,0.631014143518515
6.12,237.0,120.0,101.96,24.08,0.631017974537033
5.76,249.0,123.0,111.71,24.69,0.631021805555552
5.76,250.0,127.0,113.24,25.51,0.63102563657407
6.07,243.0,122.0,103.22,25.34,0.631029467592589
6.07,262.0,129.0,114.97,26.1,0.631033298611107
6.33,262.0,129.0,117.16,26.42,0.631037129629626
6.33,250.0,126.0,102.0,25.76,0.631040960648144
5.76,262.0,130.0,108.61,26.08,0.631044791666663
5.76,264.0,131.0,120.61,26.41,0.631048622685181
5.2,264.0,131.0,106.23,25.77,0.6310524537037
5.2,264.0,131.0,99.34,25.61,0.631056284722219
5.56,244.0,123.0,111.56,25.78,0.631060115740737
5.56,238.0,120.0,111.52,25.25,0.631063946759256
5.4,233.0,117.0,113.81,25.7,0.631067777777774
5.4,249.0,124.0,105.82,26.08,0.631071608796293
5.25,247.0,125.0,99.11,25.34,0.631075439814811
5.25,247.0,125.0,109.8,25.24,0.63107927083333
5.09,247.0,125.0,115.85,25.36,0.631083101851848
5.09,245.0,123.0,114.46,25.87,0.631086932870367
4.42,257.0,129.0,113.81,26.74,0.631090763888885
4.42,248.0,126.0,110.94,26.81,0.631094594907404
4.63,278.0,132.0,116.58,26.85,0.631098425925922
4.63,278.0,132.0,117.29,27.01,0.631102256944441
4.94,266.0,131.0,108.67,26.71,0.631106087962959
4.94,260.0,130.0,111.11,26.72,0.631109918981478
4.73,260.0,130.0,118.83,26.85,0.631113749999996
4.73,256.0,128.0,116.51,26.81,0.631117581018515
6.17,257.0,129.0,111.22,26.96,0.631121412037034
6.17,256.0,129.0,109.12,26.84,0.631125243055552
5.97,256.0,129.0,120.42,26.94,0.631129074074071
5.97,256.0,129.0,108.78,26.48,0.631132905092589
6.02,235.0,120.0,105.24,26.13,0.631136736111108
6.02,216.0,110.0,109.55,26.15,0.631140567129626
6.33,219.0,111.0,103.53,25.16,0.631144398148145
6.33,219.0,111.0,99.79,24.63,0.631148229166663
6.28,213.0,108.0,98.85,24.25,0.631152060185182
6.28,229.0,114.0,91.54,23.19,0.6311558912037
5.97,248.0,123.0,93.73,22.61,0.631159722222219
5.97,248.0,123.0,87.47,21.89,0.631163553240737
5.61,266.0,131.0,82.71,20.94,0.631167384259256
5.61,307.0,135.0,83.1,20.44,0.631171215277774
6.12,365.0,137.0,78.45,19.54,0.631175046296293
6.12,448.0,139.0,84.64,19.37,0.631178877314811
5.4,448.0,139.0,86.01,19.57,0.63118270833333
5.4,534.0,141.0,88.56,19.89,0.631186539351849
4.63,532.0,141.0,90.66,20.61,0.631190370370367
4.63,489.0,140.0,108.54,22.02,0.631194201388886
4.78,451.0,139.0,106.23,23.21,0.631198032407404
4.78,408.0,138.0,119.17,25.01,0.631201863425923
4.42,369.0,137.0,108.91,26.09,0.631205694444441
4.42,369.0,137.0,110.34,26.19,0.63120952546296
4.37,297.0,134.0,122.3,27.14,0.631213356481478
4.37,246.0,128.0,123.27,27.38,0.631217187499997
4.37,245.0,125.0,123.84,28.26,0.631221018518515
4.37,245.0,125.0,123.29,29.02,0.631224849537034
4.27,245.0,125.0,123.42,29.09,0.631228680555552
4.27,264.0,131.0,122.94,29.07,0.631232511574071
5.4,304.0,135.0,113.6,28.47,0.631236342592589
5.4,304.0,135.0,118.76,28.2,0.631240173611108
4.63,322.0,136.0,118.85,27.93,0.631244004629626
4.63,319.0,136.0,111.46,27.25,0.631247835648145
4.58,337.0,136.0,115.44,27.36,0.631251666666664
4.58,337.0,136.0,122.13,27.56,0.631255497685182
4.63,337.0,136.0,122.45,27.77,0.631259328703701
4.63,384.0,137.0,118.74,28.2,0.631263159722219
4.78,353.0,137.0,120.52,28.5,0.631266990740738
4.78,310.0,134.0,122.73,28.54,0.631270821759256
4.58,300.0,135.0,117.63,28.25,0.631274652777775
4.58,317.0,135.0,118.72,28.25,0.631278483796293
4.37,345.0,136.0,120.39,28.24,0.631282314814812
4.37,345.0,136.0,120.37,28.1,0.63128614583333
4.06,345.0,136.0,112.91,27.83,0.631289976851849
4.06,393.0,138.0,110.25,27.33,0.631293807870367
4.27,389.0,137.0,114.59,26.99,0.631297638888886
4.27,341.0,136.0,109.46,26.34,0.631301469907404
4.27,341.0,136.0,106.91,25.99,0.631305300925923
4.27,401.0,138.0,111.67,26.07,0.631309131944441
4.78,421.0,138.0,106.57,25.6,0.63131296296296
4.78,361.0,137.0,111.54,25.72,0.631316793981479
6.07,361.0,137.0,119.26,26.45,0.631320624999997
6.07,313.0,135.0,116.49,26.73,0.631324456018516
5.61,273.0,132.0,115.91,27.28,0.631328287037034
5.61,264.0,130.0,110.0,27.19,0.631332118055553
4.78,264.0,130.0,108.63,26.57,0.631335949074071
4.78,267.0,131.0,119.37,26.74,0.63133978009259
4.94,246.0,123.0,119.36,26.94,0.631343611111108
4.94,241.0,122.0,117.72,27.4,0.631347442129627
4.94,241.0,122.0,121.55,28.16,0.631351273148145
4.94,214.0,110.0,122.51,28.34,0.631355104166664
4.53,193.0,98.0,123.4,28.58,0.631358935185182
4.53,202.0,104.0,121.62,28.81,0.631362766203701
5.14,202.0,104.0,118.38,28.62,0.631366597222219
5.14,202.0,104.0,121.76,28.58,0.631370428240738
6.33,217.0,114.0,119.92,28.37,0.631374259259256
6.33,233.0,122.0,109.08,27.63,0.631378090277775
5.92,233.0,124.0,110.15,27.15,0.631381921296294
5.92,233.0,123.0,108.84,26.39,0.631385752314812
4.73,225.0,119.0,100.07,25.22,0.631389583333331
4.73,224.0,119.0,104.58,24.95,0.631393414351849
5.76,226.0,119.0,102.86,24.52,0.631397245370368
5.76,226.0,119.0,104.27,24.26,0.631401076388886
4.94,226.0,119.0,111.22,24.91,0.631404907407405
4.94,249.0,128.0,101.34,24.72,0.631408738425923
5.4,249.0,128.0,103.29,24.75,0.631412569444442
5.4,270.0,133.0,109.57,25.06,0.63141640046296
4.89,266.0,132.0,102.6,24.55,0.631420231481479
4.89,266.0,132.0,107.96,24.94,0.631424062499997
4.73,281.0,133.0,114.95,25.63,0.631427893518516
4.73,311.0,135.0,105.5,25.39,0.631431724537034
6.28,311.0,135.0,106.93,25.64,0.631435555555553
6.28,324.0,136.0,104.98,25.47,0.631439386574072
5.97,364.0,137.0,103.97,24.82,0.63144321759259
5.97,368.0,136.0,108.93,25.02,0.631447048611109
5.56,373.0,137.0,104.55,24.88,0.631450879629627
5.56,373.0,137.0,106.68,24.98,0.631454710648146
6.12,317.0,135.0,118.55,25.84,0.631458541666664
6.12,259.0,131.0,108.37,25.81,0.631462372685183
6.94,247.0,126.0,106.59,25.93,0.631466203703701
6.94,230.0,118.0,113.39,26.32,0.63147003472222
6.89,221.0,113.0,104.57,25.5,0.631473865740738
6.89,214.0,111.0,98.64,24.93,0.631477696759257
7.1,214.0,111.0,102.03,24.66,0.631481527777775
7.1,214.0,111.0,90.99,23.34,0.631485358796294
7.15,205.0,105.0,93.67,22.7,0.631489189814812
7.15,191.0,98.0,95.34,22.5,0.631493020833331
6.53,207.0,105.0,93.32,21.99,0.631496851851849
6.53,207.0,105.0,92.81,22.1,0.631500682870368
7.0,207.0,107.0,86.57,21.68,0.631504513888887
7.0,205.0,104.0,100.8,22.0,0.631508344907405
7.15,205.0,104.0,91.48,21.89,0.631512175925924
7.15,205.0,104.0,92.53,21.88,0.631516006944442
6.64,215.0,110.0,83.34,21.69,0.631519837962961
6.64,218.0,111.0,90.19,21.06,0.631523668981479
5.86,219.0,112.0,88.59,20.89,0.631527499999998
5.86,216.0,110.0,84.21,20.4,0.631531331018516
5.45,216.0,110.0,88.54,20.71,0.631535162037035
5.45,216.0,111.0,88.2,20.59,0.631538993055553
5.92,202.0,103.0,95.08,20.97,0.631542824074072
5.92,212.0,109.0,87.69,21.18,0.63154665509259
6.58,192.0,99.0,97.97,21.73,0.631550486111109
6.58,192.0,99.0,97.2,22.26,0.631554317129627
6.69,220.0,111.0,105.17,22.86,0.631558148148146
6.69,216.0,110.0,96.97,23.4,0.631561979166664
6.48,216.0,110.0,96.56,23.32,0.631565810185183
6.48,225.0,116.0,106.57,23.87,0.631569641203702
6.38,220.0,82.0,93.22,23.17,0.63157347222222
6.38,220.0,82.0,93.28,22.95,0.631577303240739
5.86,220.0,82.0,95.7,22.9,0.631581134259257
5.86,220.0,82.0,98.08,22.4,0.631584965277776
5.71,220.0,82.0,90.58,22.24,0.631588796296294
5.71,220.0,82.0,84.68,21.74,0.631592627314813
6.43,220.0,82.0,96.28,21.77,0.631596458333331
