v_wind_m_s,bank_angle_deg,omega_rad_s,v_axial_m_s,v_app_m_s,phi_inflow_deg,lambda,L_per_blade_N,D_per_blade_N,LD_ratio,F_radial_N,F_axial_N,tau_lift_Nm,tau_drag_Nm,tau_net_Nm,P_per_rotor_kW,P_total_3rotors_kW
4.0,5.0,3.0,3.46,6.93,30.0,1.5,10.6,0.7,14.3,6.4,73.0,84.3,10.3,74.1,0.222,0.667
4.0,5.0,5.0,3.46,10.58,19.11,2.5,24.7,1.7,14.3,16.3,186.0,128.8,26.1,102.7,0.514,1.541
4.0,5.0,7.0,3.46,14.42,13.9,3.5,45.9,3.2,14.3,31.0,354.8,175.6,49.9,125.7,0.88,2.64
4.0,5.0,9.0,3.46,18.33,10.89,4.5,74.1,5.2,14.3,50.7,579.8,223.2,81.5,141.7,1.275,3.826
4.0,5.0,10.0,3.46,20.3,9.83,5.0,90.8,6.4,14.3,62.4,713.4,247.1,100.3,146.9,1.469,4.406
4.0,5.0,12.0,3.46,24.25,8.21,6.0,129.7,9.1,14.3,89.5,1022.7,295.2,143.7,151.5,1.818,5.454
4.0,5.0,15.0,3.46,30.2,6.59,7.5,201.1,14.1,14.3,139.3,1592.1,367.7,223.7,143.9,2.159,6.477
4.0,5.0,20.0,3.46,40.15,4.95,10.0,355.4,24.9,14.3,246.9,2822.2,488.8,396.6,92.2,1.844,5.532
4.0,10.0,3.0,3.46,6.93,30.0,1.5,10.6,0.7,14.3,12.7,72.2,83.4,10.3,73.1,0.219,0.658
4.0,10.0,5.0,3.46,10.58,19.11,2.5,24.7,1.7,14.3,32.4,183.8,127.4,26.1,101.2,0.506,1.519
4.0,10.0,7.0,3.46,14.42,13.9,3.5,45.9,3.2,14.3,61.8,350.8,173.6,49.9,123.7,0.866,2.598
4.0,10.0,9.0,3.46,18.33,10.89,4.5,74.1,5.2,14.3,101.1,573.2,220.6,81.5,139.1,1.252,3.757
4.0,10.0,10.0,3.46,20.3,9.83,5.0,90.8,6.4,14.3,124.4,705.2,244.3,100.3,144.0,1.44,4.321
4.0,10.0,12.0,3.46,24.25,8.21,6.0,129.7,9.1,14.3,178.3,1011.0,291.8,143.7,148.1,1.778,5.333
4.0,10.0,15.0,3.46,30.2,6.59,7.5,201.1,14.1,14.3,277.5,1573.9,363.5,223.7,139.7,2.096,6.288
4.0,10.0,20.0,3.46,40.15,4.95,10.0,355.4,24.9,14.3,491.9,2789.9,483.2,396.6,86.6,1.732,5.197
4.0,15.0,3.0,3.46,6.93,30.0,1.5,10.6,0.7,14.3,19.0,70.8,81.8,10.3,71.5,0.215,0.644
4.0,15.0,5.0,3.46,10.58,19.11,2.5,24.7,1.7,14.3,48.3,180.3,124.9,26.1,98.8,0.494,1.482
4.0,15.0,7.0,3.46,14.42,13.9,3.5,45.9,3.2,14.3,92.2,344.0,170.3,49.9,120.4,0.843,2.528
4.0,15.0,9.0,3.46,18.33,10.89,4.5,74.1,5.2,14.3,150.6,562.2,216.4,81.5,134.9,1.214,3.642
4.0,15.0,10.0,3.46,20.3,9.83,5.0,90.8,6.4,14.3,185.3,691.7,239.6,100.3,139.4,1.394,4.181
4.0,15.0,12.0,3.46,24.25,8.21,6.0,129.7,9.1,14.3,265.7,991.6,286.3,143.7,142.5,1.71,5.131
4.0,15.0,15.0,3.46,30.2,6.59,7.5,201.1,14.1,14.3,413.6,1543.7,356.5,223.7,132.8,1.991,5.974
4.0,15.0,20.0,3.46,40.15,4.95,10.0,355.4,24.9,14.3,733.2,2736.4,474.0,396.6,77.3,1.547,4.641
4.0,20.0,3.0,3.46,6.93,30.0,1.5,10.6,0.7,14.3,25.1,68.9,79.6,10.3,69.3,0.208,0.624
4.0,20.0,5.0,3.46,10.58,19.11,2.5,24.7,1.7,14.3,63.8,175.4,121.5,26.1,95.4,0.477,1.431
4.0,20.0,7.0,3.46,14.42,13.9,3.5,45.9,3.2,14.3,121.8,334.7,165.6,49.9,115.8,0.81,2.431
4.0,20.0,9.0,3.46,18.33,10.89,4.5,74.1,5.2,14.3,199.1,546.9,210.5,81.5,129.0,1.161,3.484
4.0,20.0,10.0,3.46,20.3,9.83,5.0,90.8,6.4,14.3,244.9,672.9,233.1,100.3,132.9,1.329,3.986
4.0,20.0,12.0,3.46,24.25,8.21,6.0,129.7,9.1,14.3,351.1,964.7,278.5,143.7,134.8,1.617,4.851
4.0,20.0,15.0,3.46,30.2,6.59,7.5,201.1,14.1,14.3,546.6,1501.8,346.8,223.7,123.1,1.846,5.539
4.0,20.0,20.0,3.46,40.15,4.95,10.0,355.4,24.9,14.3,968.9,2662.1,461.1,396.6,64.5,1.29,3.869
4.0,30.0,3.0,3.46,6.93,30.0,1.5,10.6,0.7,14.3,36.7,63.5,73.3,10.3,63.1,0.189,0.568
4.0,30.0,5.0,3.46,10.58,19.11,2.5,24.7,1.7,14.3,93.3,161.7,112.0,26.1,85.9,0.429,1.288
4.0,30.0,7.0,3.46,14.42,13.9,3.5,45.9,3.2,14.3,178.1,308.5,152.6,49.9,102.8,0.719,2.158
4.0,30.0,9.0,3.46,18.33,10.89,4.5,74.1,5.2,14.3,291.0,504.0,194.0,81.5,112.5,1.013,3.038
4.0,30.0,10.0,3.46,20.3,9.83,5.0,90.8,6.4,14.3,358.1,620.2,214.8,100.3,114.6,1.146,3.437
4.0,30.0,12.0,3.46,24.25,8.21,6.0,129.7,9.1,14.3,513.3,889.1,256.6,143.7,112.9,1.355,4.065
4.0,30.0,15.0,3.46,30.2,6.59,7.5,201.1,14.1,14.3,799.1,1384.0,319.6,223.7,95.9,1.438,4.315
4.0,30.0,20.0,3.46,40.15,4.95,10.0,355.4,24.9,14.3,1416.5,2453.4,424.9,396.6,28.3,0.567,1.7
4.0,45.0,3.0,3.46,6.93,30.0,1.5,10.6,0.7,14.3,51.9,51.9,59.9,10.3,49.6,0.149,0.446
4.0,45.0,5.0,3.46,10.58,19.11,2.5,24.7,1.7,14.3,132.0,132.0,91.5,26.1,65.3,0.327,0.98
4.0,45.0,7.0,3.46,14.42,13.9,3.5,45.9,3.2,14.3,251.9,251.9,124.6,49.9,74.8,0.523,1.57
4.0,45.0,9.0,3.46,18.33,10.89,4.5,74.1,5.2,14.3,411.6,411.6,158.4,81.5,76.9,0.692,2.077
4.0,45.0,10.0,3.46,20.3,9.83,5.0,90.8,6.4,14.3,506.4,506.4,175.4,100.3,75.2,0.752,2.255
4.0,45.0,12.0,3.46,24.25,8.21,6.0,129.7,9.1,14.3,725.9,725.9,209.6,143.7,65.8,0.79,2.37
4.0,45.0,15.0,3.46,30.2,6.59,7.5,201.1,14.1,14.3,1130.1,1130.1,261.0,223.7,37.2,0.559,1.676
4.0,45.0,20.0,3.46,40.15,4.95,10.0,355.4,24.9,14.3,2003.2,2003.2,347.0,396.6,-49.6,-0.993,-2.979
6.0,5.0,3.0,5.2,7.94,40.89,1.0,13.9,1.0,14.3,7.3,83.7,145.0,11.8,133.2,0.4,1.199
6.0,5.0,5.0,5.2,11.27,27.46,1.67,28.0,2.0,14.3,17.3,198.0,205.8,27.8,178.0,0.89,2.67
6.0,5.0,7.0,5.2,14.93,20.36,2.33,49.2,3.4,14.3,32.1,367.4,272.7,51.6,221.1,1.548,4.643
6.0,5.0,9.0,5.2,18.73,16.1,3.0,77.4,5.4,14.3,51.8,592.6,342.1,83.3,258.9,2.33,6.989
6.0,5.0,10.0,5.2,20.66,14.56,3.33,94.2,6.6,14.3,63.5,726.3,377.4,102.1,275.3,2.753,8.259
6.0,5.0,12.0,5.2,24.56,12.22,4.0,133.0,9.3,14.3,90.6,1035.6,448.4,145.5,302.9,3.635,10.905
6.0,5.0,15.0,5.2,30.45,9.83,5.0,204.4,14.3,14.3,140.4,1605.1,556.0,225.6,330.5,4.957,14.87
6.0,5.0,20.0,5.2,40.34,7.4,6.67,358.8,25.1,14.3,248.1,2835.3,736.6,398.5,338.2,6.763,20.29
6.0,10.0,3.0,5.2,7.94,40.89,1.0,13.9,1.0,14.3,14.6,82.7,143.3,11.8,131.5,0.395,1.184
6.0,10.0,5.0,5.2,11.27,27.46,1.67,28.0,2.0,14.3,34.5,195.8,203.5,27.8,175.6,0.878,2.634
6.0,10.0,7.0,5.2,14.93,20.36,2.33,49.2,3.4,14.3,64.0,363.2,269.6,51.6,218.0,1.526,4.577
6.0,10.0,9.0,5.2,18.73,16.1,3.0,77.4,5.4,14.3,103.3,585.8,338.2,83.3,255.0,2.295,6.884
6.0,10.0,10.0,5.2,20.66,14.56,3.33,94.2,6.6,14.3,126.6,717.9,373.1,102.1,271.0,2.71,8.13
6.0,10.0,12.0,5.2,24.56,12.22,4.0,133.0,9.3,14.3,180.5,1023.8,443.3,145.5,297.8,3.573,10.72
6.0,10.0,15.0,5.2,30.45,9.83,5.0,204.4,14.3,14.3,279.8,1586.8,549.7,225.6,324.1,4.861,14.584
6.0,10.0,20.0,5.2,40.34,7.4,6.67,358.8,25.1,14.3,494.2,2802.9,728.2,398.5,329.8,6.595,19.785
6.0,15.0,3.0,5.2,7.94,40.89,1.0,13.9,1.0,14.3,21.7,81.1,140.5,11.8,128.8,0.386,1.159
6.0,15.0,5.0,5.2,11.27,27.46,1.67,28.0,2.0,14.3,51.5,192.0,199.6,27.8,171.7,0.859,2.576
6.0,15.0,7.0,5.2,14.93,20.36,2.33,49.2,3.4,14.3,95.4,356.2,264.4,51.6,212.8,1.49,4.469
6.0,15.0,9.0,5.2,18.73,16.1,3.0,77.4,5.4,14.3,154.0,574.6,331.7,83.3,248.5,2.236,6.709
6.0,15.0,10.0,5.2,20.66,14.56,3.33,94.2,6.6,14.3,188.7,704.2,365.9,102.1,263.8,2.638,7.915
6.0,15.0,12.0,5.2,24.56,12.22,4.0,133.0,9.3,14.3,269.1,1004.2,434.8,145.5,289.3,3.471,10.414
6.0,15.0,15.0,5.2,30.45,9.83,5.0,204.4,14.3,14.3,417.0,1556.3,539.1,225.6,313.6,4.703,14.11
6.0,15.0,20.0,5.2,40.34,7.4,6.67,358.8,25.1,14.3,736.6,2749.1,714.2,398.5,315.8,6.316,18.947
6.0,20.0,3.0,5.2,7.94,40.89,1.0,13.9,1.0,14.3,28.7,78.9,136.7,11.8,125.0,0.375,1.125
6.0,20.0,5.0,5.2,11.27,27.46,1.67,28.0,2.0,14.3,68.0,186.8,194.1,27.8,166.3,0.832,2.495
6.0,20.0,7.0,5.2,14.93,20.36,2.33,49.2,3.4,14.3,126.1,346.5,257.2,51.6,205.6,1.439,4.318
6.0,20.0,9.0,5.2,18.73,16.1,3.0,77.4,5.4,14.3,203.5,559.0,322.7,83.3,239.5,2.155,6.465
6.0,20.0,10.0,5.2,20.66,14.56,3.33,94.2,6.6,14.3,249.3,685.1,356.0,102.1,253.9,2.539,7.617
6.0,20.0,12.0,5.2,24.56,12.22,4.0,133.0,9.3,14.3,355.6,976.9,423.0,145.5,277.5,3.33,9.989
6.0,20.0,15.0,5.2,30.45,9.83,5.0,204.4,14.3,14.3,551.1,1514.1,524.5,225.6,298.9,4.484,13.451
6.0,20.0,20.0,5.2,40.34,7.4,6.67,358.8,25.1,14.3,973.4,2674.5,694.8,398.5,296.4,5.928,17.784
6.0,30.0,3.0,5.2,7.94,40.89,1.0,13.9,1.0,14.3,42.0,72.8,126.0,11.8,114.3,0.343,1.028
6.0,30.0,5.0,5.2,11.27,27.46,1.67,28.0,2.0,14.3,99.4,172.2,178.9,27.8,151.1,0.755,2.266
6.0,30.0,7.0,5.2,14.93,20.36,2.33,49.2,3.4,14.3,184.4,319.4,237.1,51.6,185.4,1.298,3.894
6.0,30.0,9.0,5.2,18.73,16.1,3.0,77.4,5.4,14.3,297.4,515.2,297.4,83.3,214.2,1.927,5.782
6.0,30.0,10.0,5.2,20.66,14.56,3.33,94.2,6.6,14.3,364.5,631.4,328.1,102.1,226.0,2.26,6.78
6.0,30.0,12.0,5.2,24.56,12.22,4.0,133.0,9.3,14.3,519.8,900.3,389.9,145.5,244.3,2.932,8.795
6.0,30.0,15.0,5.2,30.45,9.83,5.0,204.4,14.3,14.3,805.6,1395.4,483.4,225.6,257.8,3.867,11.601
6.0,30.0,20.0,5.2,40.34,7.4,6.67,358.8,25.1,14.3,1423.1,2464.8,640.4,398.5,241.9,4.838,14.515
6.0,45.0,3.0,5.2,7.94,40.89,1.0,13.9,1.0,14.3,59.4,59.4,102.9,11.8,91.1,0.273,0.82
6.0,45.0,5.0,5.2,11.27,27.46,1.67,28.0,2.0,14.3,140.6,140.6,146.1,27.8,118.3,0.591,1.774
6.0,45.0,7.0,5.2,14.93,20.36,2.33,49.2,3.4,14.3,260.8,260.8,193.6,51.6,141.9,0.994,2.981
6.0,45.0,9.0,5.2,18.73,16.1,3.0,77.4,5.4,14.3,420.6,420.6,242.9,83.3,159.6,1.436,4.308
6.0,45.0,10.0,5.2,20.66,14.56,3.33,94.2,6.6,14.3,515.5,515.5,267.9,102.1,165.8,1.658,4.974
6.0,45.0,12.0,5.2,24.56,12.22,4.0,133.0,9.3,14.3,735.1,735.1,318.3,145.5,172.8,2.073,6.22
6.0,45.0,15.0,5.2,30.45,9.83,5.0,204.4,14.3,14.3,1139.3,1139.3,394.7,225.6,169.1,2.536,7.609
6.0,45.0,20.0,5.2,40.34,7.4,6.67,358.8,25.1,14.3,2012.5,2012.5,522.9,398.5,124.4,2.488,7.465
8.0,5.0,3.0,6.93,9.17,49.11,0.75,18.5,1.3,14.3,8.5,96.6,223.2,13.6,209.6,0.629,1.886
8.0,5.0,5.0,6.93,12.17,34.72,1.25,32.6,2.3,14.3,18.7,213.8,296.2,30.0,266.2,1.331,3.993
8.0,5.0,7.0,6.93,15.62,26.33,1.75,53.8,3.8,14.3,33.6,384.3,380.4,54.0,326.3,2.284,6.853
8.0,5.0,9.0,6.93,19.29,21.05,2.25,82.0,5.7,14.3,53.4,610.1,469.6,85.7,383.9,3.455,10.365
8.0,5.0,10.0,6.93,21.17,19.11,2.5,98.8,6.9,14.3,65.1,743.9,515.4,104.5,410.8,4.108,12.325
8.0,5.0,12.0,6.93,24.98,16.1,3.0,137.6,9.6,14.3,92.2,1053.5,608.3,148.1,460.2,5.522,16.567
8.0,5.0,15.0,6.93,30.79,13.0,3.75,209.0,14.6,14.3,142.0,1623.2,749.7,228.1,521.6,7.824,23.472
8.0,5.0,20.0,6.93,40.6,9.83,5.0,363.4,25.4,14.3,249.7,2853.5,988.5,401.0,587.5,11.749,35.248
8.0,10.0,3.0,6.93,9.17,49.11,0.75,18.5,1.3,14.3,16.8,95.5,220.6,13.6,207.0,0.621,1.863
8.0,10.0,5.0,6.93,12.17,34.72,1.25,32.6,2.3,14.3,37.3,211.3,292.8,30.0,262.8,1.314,3.942
8.0,10.0,7.0,6.93,15.62,26.33,1.75,53.8,3.8,14.3,67.0,379.9,376.0,54.0,322.0,2.254,6.762
8.0,10.0,9.0,6.93,19.29,21.05,2.25,82.0,5.7,14.3,106.3,603.1,464.3,85.7,378.5,3.407,10.22
8.0,10.0,10.0,6.93,21.17,19.11,2.5,98.8,6.9,14.3,129.7,735.4,509.5,104.5,405.0,4.05,12.149
8.0,10.0,12.0,6.93,24.98,16.1,3.0,137.6,9.6,14.3,183.6,1041.5,601.3,148.1,453.2,5.439,16.317
8.0,10.0,15.0,6.93,30.79,13.0,3.75,209.0,14.6,14.3,282.9,1604.6,741.1,228.1,513.0,7.696,23.087
8.0,10.0,20.0,6.93,40.6,9.83,5.0,363.4,25.4,14.3,497.4,2820.9,977.2,401.0,576.2,11.523,34.57
8.0,15.0,3.0,6.93,9.17,49.11,0.75,18.5,1.3,14.3,25.1,93.7,216.4,13.6,202.8,0.608,1.825
8.0,15.0,5.0,6.93,12.17,34.72,1.25,32.6,2.3,14.3,55.5,207.3,287.2,30.0,257.2,1.286,3.858
8.0,15.0,7.0,6.93,15.62,26.33,1.75,53.8,3.8,14.3,99.8,372.6,368.8,54.0,314.8,2.204,6.611
8.0,15.0,9.0,6.93,19.29,21.05,2.25,82.0,5.7,14.3,158.5,591.5,455.4,85.7,369.6,3.327,9.98
8.0,15.0,10.0,6.93,21.17,19.11,2.5,98.8,6.9,14.3,193.3,721.3,499.7,104.5,395.2,3.952,11.855
8.0,15.0,12.0,6.93,24.98,16.1,3.0,137.6,9.6,14.3,273.7,1021.5,589.8,148.1,441.7,5.301,15.902
8.0,15.0,15.0,6.93,30.79,13.0,3.75,209.0,14.6,14.3,421.7,1573.9,726.9,228.1,498.8,7.482,22.447
8.0,15.0,20.0,6.93,40.6,9.83,5.0,363.4,25.4,14.3,741.4,2766.8,958.5,401.0,557.4,11.149,33.446
8.0,20.0,3.0,6.93,9.17,49.11,0.75,18.5,1.3,14.3,33.2,91.2,210.5,13.6,196.9,0.591,1.772
8.0,20.0,5.0,6.93,12.17,34.72,1.25,32.6,2.3,14.3,73.4,201.7,279.4,30.0,249.4,1.247,3.741
8.0,20.0,7.0,6.93,15.62,26.33,1.75,53.8,3.8,14.3,131.9,362.5,358.8,54.0,304.8,2.133,6.4
8.0,20.0,9.0,6.93,19.29,21.05,2.25,82.0,5.7,14.3,209.5,575.5,443.0,85.7,357.3,3.215,9.646
8.0,20.0,10.0,6.93,21.17,19.11,2.5,98.8,6.9,14.3,255.4,701.7,486.2,104.5,381.6,3.816,11.448
8.0,20.0,12.0,6.93,24.98,16.1,3.0,137.6,9.6,14.3,361.7,993.8,573.8,148.1,425.7,5.108,15.325
8.0,20.0,15.0,6.93,30.79,13.0,3.75,209.0,14.6,14.3,557.3,1531.1,707.2,228.1,479.1,7.186,21.559
8.0,20.0,20.0,6.93,40.6,9.83,5.0,363.4,25.4,14.3,979.7,2691.7,932.4,401.0,531.4,10.628,31.884
8.0,30.0,3.0,6.93,9.17,49.11,0.75,18.5,1.3,14.3,48.5,84.0,194.0,13.6,180.4,0.541,1.624
8.0,30.0,5.0,6.93,12.17,34.72,1.25,32.6,2.3,14.3,107.3,185.8,257.5,30.0,227.5,1.137,3.412
8.0,30.0,7.0,6.93,15.62,26.33,1.75,53.8,3.8,14.3,192.9,334.1,330.7,54.0,276.6,1.937,5.81
8.0,30.0,9.0,6.93,19.29,21.05,2.25,82.0,5.7,14.3,306.2,530.4,408.3,85.7,322.5,2.903,8.708
8.0,30.0,10.0,6.93,21.17,19.11,2.5,98.8,6.9,14.3,373.4,646.7,448.0,104.5,343.5,3.435,10.305
8.0,30.0,12.0,6.93,24.98,16.1,3.0,137.6,9.6,14.3,528.8,915.9,528.8,148.1,380.7,4.569,13.706
8.0,30.0,15.0,6.93,30.79,13.0,3.75,209.0,14.6,14.3,814.7,1411.1,651.8,228.1,423.6,6.355,19.064
8.0,30.0,20.0,6.93,40.6,9.83,5.0,363.4,25.4,14.3,1432.2,2480.7,859.3,401.0,458.3,9.166,27.498
8.0,45.0,3.0,6.93,9.17,49.11,0.75,18.5,1.3,14.3,68.6,68.6,158.4,13.6,144.8,0.434,1.303
8.0,45.0,5.0,6.93,12.17,34.72,1.25,32.6,2.3,14.3,151.7,151.7,210.3,30.0,180.2,0.901,2.703
8.0,45.0,7.0,6.93,15.62,26.33,1.75,53.8,3.8,14.3,272.8,272.8,270.0,54.0,216.0,1.512,4.535
8.0,45.0,9.0,6.93,19.29,21.05,2.25,82.0,5.7,14.3,433.0,433.0,333.4,85.7,247.6,2.229,6.686
8.0,45.0,10.0,6.93,21.17,19.11,2.5,98.8,6.9,14.3,528.0,528.0,365.8,104.5,261.3,2.613,7.838
8.0,45.0,12.0,6.93,24.98,16.1,3.0,137.6,9.6,14.3,747.8,747.8,431.7,148.1,283.7,3.404,10.213
8.0,45.0,15.0,6.93,30.79,13.0,3.75,209.0,14.6,14.3,1152.1,1152.1,532.2,228.1,304.0,4.561,13.682
8.0,45.0,20.0,6.93,40.6,9.83,5.0,363.4,25.4,14.3,2025.5,2025.5,701.6,401.0,300.6,6.012,18.037
10.0,5.0,3.0,8.66,10.54,55.28,0.6,24.5,1.7,14.3,9.7,111.1,320.7,15.6,305.1,0.915,2.746
10.0,5.0,5.0,8.66,13.23,40.89,1.0,38.6,2.7,14.3,20.3,232.5,402.6,32.7,370.0,1.85,5.55
10.0,5.0,7.0,8.66,16.46,31.74,1.4,59.8,4.2,14.3,35.4,405.0,501.1,56.9,444.1,3.109,9.327
10.0,5.0,9.0,8.66,19.97,25.69,1.8,88.0,6.2,14.3,55.3,631.8,608.0,88.8,519.2,4.673,14.018
10.0,5.0,10.0,8.66,21.79,23.41,2.0,104.7,7.3,14.3,67.0,766.0,663.4,107.6,555.7,5.557,16.671
10.0,5.0,12.0,8.66,25.51,19.84,2.4,143.5,10.0,14.3,94.1,1076.1,776.6,151.2,625.4,7.504,22.513
10.0,5.0,15.0,8.66,31.22,16.1,3.0,215.0,15.0,14.3,144.0,1646.1,950.4,231.3,719.1,10.786,32.358
10.0,5.0,20.0,8.66,40.93,12.22,4.0,369.3,25.9,14.3,251.7,2876.8,1245.7,404.3,841.4,16.828,50.484
10.0,10.0,3.0,8.66,10.54,55.28,0.6,24.5,1.7,14.3,19.4,109.8,317.0,15.6,301.4,0.904,2.713
10.0,10.0,5.0,8.66,13.23,40.89,1.0,38.6,2.7,14.3,40.5,229.8,398.0,32.7,365.4,1.827,5.481
10.0,10.0,7.0,8.66,16.46,31.74,1.4,59.8,4.2,14.3,70.6,400.4,495.3,56.9,438.4,3.069,9.207
10.0,10.0,9.0,8.66,19.97,25.69,1.8,88.0,6.2,14.3,110.1,624.6,601.0,88.8,512.2,4.61,13.83
10.0,10.0,10.0,8.66,21.79,23.41,2.0,104.7,7.3,14.3,133.5,757.2,655.8,107.6,548.1,5.481,16.444
10.0,10.0,12.0,8.66,25.51,19.84,2.4,143.5,10.0,14.3,187.6,1063.8,767.7,151.2,616.5,7.398,22.194
10.0,10.0,15.0,8.66,31.22,16.1,3.0,215.0,15.0,14.3,286.9,1627.3,939.5,231.3,708.2,10.623,31.869
10.0,10.0,20.0,8.66,40.93,12.22,4.0,369.3,25.9,14.3,501.5,2843.9,1231.5,404.3,827.2,16.543,49.63
10.0,15.0,3.0,8.66,10.54,55.28,0.6,24.5,1.7,14.3,28.9,107.7,310.9,15.6,295.3,0.886,2.658
10.0,15.0,5.0,8.66,13.23,40.89,1.0,38.6,2.7,14.3,60.4,225.4,390.4,32.7,357.7,1.789,5.366
10.0,15.0,7.0,8.66,16.46,31.74,1.4,59.8,4.2,14.3,105.2,392.7,485.8,56.9,428.9,3.002,9.007
10.0,15.0,9.0,8.66,19.97,25.69,1.8,88.0,6.2,14.3,164.2,612.6,589.5,88.8,500.7,4.506,13.519
10.0,15.0,10.0,8.66,21.79,23.41,2.0,104.7,7.3,14.3,199.0,742.7,643.2,107.6,535.6,5.356,16.067
10.0,15.0,12.0,8.66,25.51,19.84,2.4,143.5,10.0,14.3,279.6,1043.4,753.0,151.2,601.8,7.221,21.664
10.0,15.0,15.0,8.66,31.22,16.1,3.0,215.0,15.0,14.3,427.7,1596.1,921.5,231.3,690.2,10.353,31.058
10.0,15.0,20.0,8.66,40.93,12.22,4.0,369.3,25.9,14.3,747.4,2789.4,1207.8,404.3,803.6,16.071,48.213
10.0,20.0,3.0,8.66,10.54,55.28,0.6,24.5,1.7,14.3,38.1,104.8,302.5,15.6,286.9,0.861,2.582
10.0,20.0,5.0,8.66,13.23,40.89,1.0,38.6,2.7,14.3,79.8,219.3,379.8,32.7,347.1,1.736,5.207
10.0,20.0,7.0,8.66,16.46,31.74,1.4,59.8,4.2,14.3,139.0,382.0,472.6,56.9,415.7,2.91,8.73
10.0,20.0,9.0,8.66,19.97,25.69,1.8,88.0,6.2,14.3,216.9,596.0,573.5,88.8,484.7,4.362,13.087
10.0,20.0,10.0,8.66,21.79,23.41,2.0,104.7,7.3,14.3,263.0,722.5,625.7,107.6,518.1,5.181,15.543
10.0,20.0,12.0,8.66,25.51,19.84,2.4,143.5,10.0,14.3,369.4,1015.0,732.5,151.2,581.3,6.976,20.928
10.0,20.0,15.0,8.66,31.22,16.1,3.0,215.0,15.0,14.3,565.2,1552.8,896.5,231.3,665.2,9.977,29.932
10.0,20.0,20.0,8.66,40.93,12.22,4.0,369.3,25.9,14.3,987.7,2713.6,1175.0,404.3,770.7,15.415,46.245
10.0,30.0,3.0,8.66,10.54,55.28,0.6,24.5,1.7,14.3,55.8,96.6,278.8,15.6,263.2,0.789,2.368
10.0,30.0,5.0,8.66,13.23,40.89,1.0,38.6,2.7,14.3,116.7,202.1,350.0,32.7,317.4,1.587,4.76
10.0,30.0,7.0,8.66,16.46,31.74,1.4,59.8,4.2,14.3,203.3,352.1,435.6,56.9,378.7,2.651,7.952
10.0,30.0,9.0,8.66,19.97,25.69,1.8,88.0,6.2,14.3,317.1,549.3,528.5,88.8,439.7,3.958,11.873
10.0,30.0,10.0,8.66,21.79,23.41,2.0,104.7,7.3,14.3,384.5,665.9,576.7,107.6,469.0,4.69,14.071
10.0,30.0,12.0,8.66,25.51,19.84,2.4,143.5,10.0,14.3,540.1,935.5,675.1,151.2,523.9,6.287,18.86
10.0,30.0,15.0,8.66,31.22,16.1,3.0,215.0,15.0,14.3,826.2,1431.0,826.2,231.3,594.9,8.923,26.769
10.0,30.0,20.0,8.66,40.93,12.22,4.0,369.3,25.9,14.3,1443.9,2500.9,1082.9,404.3,678.6,13.573,40.718
10.0,45.0,3.0,8.66,10.54,55.28,0.6,24.5,1.7,14.3,78.8,78.8,227.6,15.6,212.0,0.636,1.908
10.0,45.0,5.0,8.66,13.23,40.89,1.0,38.6,2.7,14.3,165.0,165.0,285.8,32.7,253.1,1.266,3.797
10.0,45.0,7.0,8.66,16.46,31.74,1.4,59.8,4.2,14.3,287.5,287.5,355.7,56.9,298.7,2.091,6.274
10.0,45.0,9.0,8.66,19.97,25.69,1.8,88.0,6.2,14.3,448.5,448.5,431.5,88.8,342.8,3.085,9.254
10.0,45.0,10.0,8.66,21.79,23.41,2.0,104.7,7.3,14.3,543.7,543.7,470.9,107.6,363.2,3.632,10.896
10.0,45.0,12.0,8.66,25.51,19.84,2.4,143.5,10.0,14.3,763.8,763.8,551.2,151.2,400.0,4.8,14.4
10.0,45.0,15.0,8.66,31.22,16.1,3.0,215.0,15.0,14.3,1168.4,1168.4,674.6,231.3,443.3,6.649,19.947
10.0,45.0,20.0,8.66,40.93,12.22,4.0,369.3,25.9,14.3,2042.0,2042.0,884.2,404.3,479.9,9.598,28.795
12.0,5.0,3.0,10.39,12.0,60.0,0.5,31.8,2.2,14.3,11.1,126.5,438.3,17.8,420.5,1.262,3.785
12.0,5.0,5.0,10.39,14.42,46.1,0.83,45.9,3.2,14.3,22.2,253.4,526.8,35.6,491.1,2.456,7.367
12.0,5.0,7.0,10.39,17.44,36.59,1.17,67.0,4.7,14.3,37.5,429.0,636.8,60.3,576.5,4.036,12.107
12.0,5.0,9.0,10.39,20.78,30.0,1.5,95.3,6.7,14.3,57.5,657.4,759.1,92.4,666.8,6.001,18.002
12.0,5.0,10.0,10.39,22.54,27.46,1.67,112.0,7.8,14.3,69.3,792.1,823.2,111.3,711.9,7.119,21.357
12.0,5.0,12.0,10.39,26.15,23.41,2.0,150.8,10.6,14.3,96.5,1103.0,955.2,155.0,800.2,9.603,28.808
12.0,5.0,15.0,10.39,31.75,19.11,2.5,222.3,15.6,14.3,146.4,1673.8,1159.6,235.2,924.4,13.866,41.598
12.0,5.0,20.0,10.39,41.33,14.56,3.33,376.6,26.4,14.3,254.2,2905.0,1509.5,408.3,1101.2,22.025,66.074
12.0,10.0,3.0,10.39,12.0,60.0,0.5,31.8,2.2,14.3,22.1,125.1,433.3,17.8,415.5,1.247,3.74
12.0,10.0,5.0,10.39,14.42,46.1,0.83,45.9,3.2,14.3,44.2,250.5,520.7,35.6,485.1,2.426,7.277
12.0,10.0,7.0,10.39,17.44,36.59,1.17,67.0,4.7,14.3,74.8,424.0,629.5,60.3,569.3,3.985,11.955
12.0,10.0,9.0,10.39,20.78,30.0,1.5,95.3,6.7,14.3,114.6,649.9,750.5,92.4,658.1,5.923,17.768
12.0,10.0,10.0,10.39,22.54,27.46,1.67,112.0,7.8,14.3,138.1,783.1,813.8,111.3,702.5,7.025,21.075
12.0,10.0,12.0,10.39,26.15,23.41,2.0,150.8,10.6,14.3,192.3,1090.4,944.3,155.0,789.3,9.472,28.415
12.0,10.0,15.0,10.39,31.75,19.11,2.5,222.3,15.6,14.3,291.8,1654.6,1146.4,235.2,911.1,13.667,41.001
12.0,10.0,20.0,10.39,41.33,14.56,3.33,376.6,26.4,14.3,506.4,2871.8,1492.2,408.3,1084.0,21.68,65.039
12.0,15.0,3.0,10.39,12.0,60.0,0.5,31.8,2.2,14.3,32.9,122.7,425.0,17.8,407.2,1.222,3.665
12.0,15.0,5.0,10.39,14.42,46.1,0.83,45.9,3.2,14.3,65.8,245.7,510.8,35.6,475.1,2.376,7.127
12.0,15.0,7.0,10.39,17.44,36.59,1.17,67.0,4.7,14.3,111.4,415.9,617.5,60.3,557.2,3.9,11.701
12.0,15.0,9.0,10.39,20.78,30.0,1.5,95.3,6.7,14.3,170.8,637.5,736.1,92.4,643.7,5.793,17.38
12.0,15.0,10.0,10.39,22.54,27.46,1.67,112.0,7.8,14.3,205.8,768.1,798.2,111.3,686.9,6.869,20.607
12.0,15.0,12.0,10.39,26.15,23.41,2.0,150.8,10.6,14.3,286.6,1069.5,926.2,155.0,771.2,9.254,27.763
12.0,15.0,15.0,10.39,31.75,19.11,2.5,222.3,15.6,14.3,434.9,1622.9,1124.4,235.2,889.2,13.337,40.012
12.0,15.0,20.0,10.39,41.33,14.56,3.33,376.6,26.4,14.3,754.7,2816.7,1463.6,408.3,1055.4,21.107,63.322
12.0,20.0,3.0,10.39,12.0,60.0,0.5,31.8,2.2,14.3,43.4,119.3,413.4,17.8,395.7,1.187,3.561
12.0,20.0,5.0,10.39,14.42,46.1,0.83,45.9,3.2,14.3,87.0,239.1,496.9,35.6,461.3,2.306,6.919
12.0,20.0,7.0,10.39,17.44,36.59,1.17,67.0,4.7,14.3,147.3,404.6,600.7,60.3,540.4,3.783,11.349
12.0,20.0,9.0,10.39,20.78,30.0,1.5,95.3,6.7,14.3,225.7,620.2,716.1,92.4,623.7,5.613,16.84
12.0,20.0,10.0,10.39,22.54,27.46,1.67,112.0,7.8,14.3,272.0,747.2,776.5,111.3,665.2,6.652,19.956
12.0,20.0,12.0,10.39,26.15,23.41,2.0,150.8,10.6,14.3,378.7,1040.5,901.1,155.0,746.0,8.953,26.858
12.0,20.0,15.0,10.39,31.75,19.11,2.5,222.3,15.6,14.3,574.6,1578.8,1093.8,235.2,858.6,12.879,38.638
12.0,20.0,20.0,10.39,41.33,14.56,3.33,376.6,26.4,14.3,997.4,2740.2,1423.9,408.3,1015.6,20.312,60.937
12.0,30.0,3.0,10.39,12.0,60.0,0.5,31.8,2.2,14.3,63.5,110.0,381.0,17.8,363.2,1.09,3.269
12.0,30.0,5.0,10.39,14.42,46.1,0.83,45.9,3.2,14.3,127.2,220.3,457.9,35.6,422.3,2.112,6.335
12.0,30.0,7.0,10.39,17.44,36.59,1.17,67.0,4.7,14.3,215.3,372.9,553.6,60.3,493.3,3.453,10.36
12.0,30.0,9.0,10.39,20.78,30.0,1.5,95.3,6.7,14.3,330.0,571.5,660.0,92.4,567.6,5.108,15.324
12.0,30.0,10.0,10.39,22.54,27.46,1.67,112.0,7.8,14.3,397.6,688.6,715.7,111.3,604.3,6.043,18.13
12.0,30.0,12.0,10.39,26.15,23.41,2.0,150.8,10.6,14.3,553.6,958.9,830.4,155.0,675.4,8.105,24.315
12.0,30.0,15.0,10.39,31.75,19.11,2.5,222.3,15.6,14.3,840.1,1455.1,1008.1,235.2,772.9,11.593,34.779
12.0,30.0,20.0,10.39,41.33,14.56,3.33,376.6,26.4,14.3,1458.1,2525.4,1312.2,408.3,904.0,18.08,54.239
12.0,45.0,3.0,10.39,12.0,60.0,0.5,31.8,2.2,14.3,89.8,89.8,311.1,17.8,293.3,0.88,2.64
12.0,45.0,5.0,10.39,14.42,46.1,0.83,45.9,3.2,14.3,179.9,179.9,373.9,35.6,338.3,1.691,5.074
12.0,45.0,7.0,10.39,17.44,36.59,1.17,67.0,4.7,14.3,304.5,304.5,452.0,60.3,391.7,2.742,8.227
12.0,45.0,9.0,10.39,20.78,30.0,1.5,95.3,6.7,14.3,466.7,466.7,538.8,92.4,446.5,4.018,12.054
12.0,45.0,10.0,10.39,22.54,27.46,1.67,112.0,7.8,14.3,562.3,562.3,584.3,111.3,473.0,4.73,14.19
12.0,45.0,12.0,10.39,26.15,23.41,2.0,150.8,10.6,14.3,782.9,782.9,678.0,155.0,523.0,6.276,18.829
12.0,45.0,15.0,10.39,31.75,19.11,2.5,222.3,15.6,14.3,1188.1,1188.1,823.1,235.2,587.9,8.818,26.455
12.0,45.0,20.0,10.39,41.33,14.56,3.33,376.6,26.4,14.3,2062.0,2062.0,1071.4,408.3,663.2,13.264,39.791
15.0,5.0,3.0,12.99,14.31,65.21,0.4,45.1,3.2,14.3,13.2,150.9,653.3,21.2,632.1,1.896,5.689
15.0,5.0,5.0,12.99,16.39,52.41,0.67,59.3,4.1,14.3,25.2,288.1,748.5,40.5,708.0,3.54,10.62
15.0,5.0,7.0,12.99,19.1,42.86,0.93,80.4,5.6,14.3,41.1,469.9,872.0,66.0,805.9,5.641,16.924
15.0,5.0,9.0,12.99,22.2,35.82,1.2,108.7,7.6,14.3,61.4,702.1,1013.5,98.7,914.8,8.233,24.699
15.0,5.0,10.0,12.99,23.85,33.0,1.33,125.4,8.8,14.3,73.3,838.2,1088.8,117.8,971.0,9.71,29.131
15.0,5.0,12.0,12.99,27.29,28.43,1.6,164.2,11.5,14.3,100.7,1151.0,1245.9,161.7,1084.2,13.01,39.031
15.0,5.0,15.0,12.99,32.69,23.41,2.0,235.7,16.5,14.3,150.8,1723.5,1492.6,242.2,1250.4,18.755,56.266
15.0,5.0,20.0,12.99,42.06,17.99,2.67,390.0,27.3,14.3,258.6,2956.2,1920.1,415.5,1504.7,30.093,90.28
15.0,10.0,3.0,12.99,14.31,65.21,0.4,45.1,3.2,14.3,26.3,149.1,645.8,21.2,624.6,1.874,5.622
15.0,10.0,5.0,12.99,16.39,52.41,0.67,59.3,4.1,14.3,50.2,284.8,739.9,40.5,699.4,3.497,10.491
15.0,10.0,7.0,12.99,19.1,42.86,0.93,80.4,5.6,14.3,81.9,464.5,862.0,66.0,796.0,5.572,16.715
15.0,10.0,9.0,12.99,22.2,35.82,1.2,108.7,7.6,14.3,122.4,694.1,1001.9,98.7,903.2,8.129,24.386
15.0,10.0,10.0,12.99,23.85,33.0,1.33,125.4,8.8,14.3,146.1,828.6,1076.4,117.8,958.6,9.586,28.757
15.0,10.0,12.0,12.99,27.29,28.43,1.6,164.2,11.5,14.3,200.6,1137.8,1231.7,161.7,1070.0,12.839,38.518
15.0,10.0,15.0,12.99,32.69,23.41,2.0,235.7,16.5,14.3,300.4,1703.8,1475.5,242.2,1233.3,18.499,55.498
15.0,10.0,20.0,12.99,42.06,17.99,2.67,390.0,27.3,14.3,515.3,2922.4,1898.2,415.5,1482.7,29.654,88.963
15.0,15.0,3.0,12.99,14.31,65.21,0.4,45.1,3.2,14.3,39.2,146.3,633.4,21.2,612.2,1.837,5.51
15.0,15.0,5.0,12.99,16.39,52.41,0.67,59.3,4.1,14.3,74.8,279.3,725.7,40.5,685.2,3.426,10.279
15.0,15.0,7.0,12.99,19.1,42.86,0.93,80.4,5.6,14.3,122.1,455.6,845.5,66.0,779.4,5.456,16.368
15.0,15.0,9.0,12.99,22.2,35.82,1.2,108.7,7.6,14.3,182.4,680.8,982.7,98.7,884.0,7.956,23.868
15.0,15.0,10.0,12.99,23.85,33.0,1.33,125.4,8.8,14.3,217.8,812.7,1055.7,117.8,937.9,9.379,28.138
15.0,15.0,12.0,12.99,27.29,28.43,1.6,164.2,11.5,14.3,299.0,1116.0,1208.1,161.7,1046.3,12.556,37.668
15.0,15.0,15.0,12.99,32.69,23.41,2.0,235.7,16.5,14.3,447.8,1671.1,1447.2,242.2,1205.0,18.075,54.225
15.0,15.0,20.0,12.99,42.06,17.99,2.67,390.0,27.3,14.3,768.0,2866.4,1861.8,415.5,1446.3,28.927,86.78
15.0,20.0,3.0,12.99,14.31,65.21,0.4,45.1,3.2,14.3,51.8,142.3,616.2,21.2,595.0,1.785,5.355
15.0,20.0,5.0,12.99,16.39,52.41,0.67,59.3,4.1,14.3,98.9,271.7,706.0,40.5,665.5,3.328,9.983
15.0,20.0,7.0,12.99,19.1,42.86,0.93,80.4,5.6,14.3,161.3,443.2,822.5,66.0,756.5,5.295,15.886
15.0,20.0,9.0,12.99,22.2,35.82,1.2,108.7,7.6,14.3,241.1,662.3,956.0,98.7,857.3,7.716,23.147
15.0,20.0,10.0,12.99,23.85,33.0,1.33,125.4,8.8,14.3,287.8,790.6,1027.1,117.8,909.3,9.093,27.278
15.0,20.0,12.0,12.99,27.29,28.43,1.6,164.2,11.5,14.3,395.2,1085.7,1175.3,161.7,1013.5,12.162,36.487
15.0,20.0,15.0,12.99,32.69,23.41,2.0,235.7,16.5,14.3,591.7,1625.7,1407.9,242.2,1165.7,17.486,52.457
15.0,20.0,20.0,12.99,42.06,17.99,2.67,390.0,27.3,14.3,1014.9,2788.5,1811.2,415.5,1395.8,27.915,83.746
15.0,30.0,3.0,12.99,14.31,65.21,0.4,45.1,3.2,14.3,75.7,131.2,567.9,21.2,546.7,1.64,4.921
15.0,30.0,5.0,12.99,16.39,52.41,0.67,59.3,4.1,14.3,144.6,250.4,650.7,40.5,610.2,3.051,9.153
15.0,30.0,7.0,12.99,19.1,42.86,0.93,80.4,5.6,14.3,235.8,408.5,758.0,66.0,692.0,4.844,14.532
15.0,30.0,9.0,12.99,22.2,35.82,1.2,108.7,7.6,14.3,352.4,610.4,881.0,98.7,782.4,7.041,21.124
15.0,30.0,10.0,12.99,23.85,33.0,1.33,125.4,8.8,14.3,420.7,728.7,946.5,117.8,828.8,8.288,24.863
15.0,30.0,12.0,12.99,27.29,28.43,1.6,164.2,11.5,14.3,577.7,1000.6,1083.1,161.7,921.4,11.057,33.17
15.0,30.0,15.0,12.99,32.69,23.41,2.0,235.7,16.5,14.3,865.0,1498.3,1297.5,242.2,1055.3,15.83,47.49
15.0,30.0,20.0,12.99,42.06,17.99,2.67,390.0,27.3,14.3,1483.8,2569.9,1669.2,415.5,1253.8,25.075,75.226
15.0,45.0,3.0,12.99,14.31,65.21,0.4,45.1,3.2,14.3,107.1,107.1,463.7,21.2,442.5,1.328,3.983
15.0,45.0,5.0,12.99,16.39,52.41,0.67,59.3,4.1,14.3,204.5,204.5,531.3,40.5,490.8,2.454,7.362
15.0,45.0,7.0,12.99,19.1,42.86,0.93,80.4,5.6,14.3,333.5,333.5,618.9,66.0,552.9,3.87,11.611
15.0,45.0,9.0,12.99,22.2,35.82,1.2,108.7,7.6,14.3,498.4,498.4,719.4,98.7,620.7,5.586,16.759
15.0,45.0,10.0,12.99,23.85,33.0,1.33,125.4,8.8,14.3,594.9,594.9,772.9,117.8,655.1,6.551,19.652
15.0,45.0,12.0,12.99,27.29,28.43,1.6,164.2,11.5,14.3,817.0,817.0,884.4,161.7,722.6,8.672,26.015
15.0,45.0,15.0,12.99,32.69,23.41,2.0,235.7,16.5,14.3,1223.3,1223.3,1059.4,242.2,817.2,12.258,36.775
15.0,45.0,20.0,12.99,42.06,17.99,2.67,390.0,27.3,14.3,2098.3,2098.3,1362.9,415.5,947.5,18.949,56.848
