node_id,type,x,y,z,vx,vy,vz,tension_N
1,ring,0.0,0.0,0.0,0.0,0.0,0.0,0.0
2,rope,1.2273549132074937,0.02009276544110391,-0.3645939268599272,-0.05996726546612251,3.0866414562778446,-0.013144562000487645,64.2983270061943
3,rope,1.680233763492659,0.008108986513050096,-0.1527502471934932,0.03825319165394263,3.0774664687709525,0.017826886671051187,64.2983270061943
4,rope,2.131050426654963,0.005029387266093478,0.06359203218576448,-0.049530261847909686,3.068621516981131,-0.03909751243160163,64.2983270061943
5,rope,0.6752732728311652,0.9625097746944248,0.03997380151532187,-2.37008711019578,0.9299033110260821,1.74580526405601,15.58039835238364
6,rope,1.1281982486325903,0.9794732796527723,0.25129663799062335,-2.337634195825508,0.9416832273986296,1.7479781567137667,15.58039835238364
7,rope,1.5779806860581875,0.9748070182726071,0.4697944484851983,-2.3623277685700126,0.9537375328588382,1.7224894454950301,15.58039835238364
8,rope,-0.21297121033616734,0.5702259544105297,0.6914115721805771,-1.433309636758801,-2.512491833594641,1.0792109679682733,0.0
9,rope,0.2302080573541374,0.585529429150064,0.922559636944596,-1.4391692640489724,-2.4956612787081163,1.0834112556265507,0.0
10,rope,0.6764830385672275,0.590665827413363,1.1481309006190672,-1.4450312962720444,-2.4788357746002747,1.0876162622050316,0.0
11,rope,-0.1868052768022064,-0.6112969158353904,0.706092293015225,1.484841017102191,-2.482689450592731,-1.078583044169737,0.0
12,rope,0.2519067801963817,-0.6168993770873168,0.9455642329455557,1.470185632057008,-2.4843463395503003,-1.067734252450055,0.0
13,rope,0.6902769729697917,-0.6170064360475944,1.183069801773402,1.4555306074832026,-2.486005954439875,-1.056886170247129,0.0
14,rope,0.6964755346702332,-0.9498083276751478,0.045391842182525954,2.3411520197320184,0.979021328096084,-1.7508051179579174,14.08318339645563
15,rope,1.137053263782986,-0.9802833358330357,0.28001412267913667,2.351756579252329,0.9601671612034707,-1.7412610336778993,14.08318339645563
16,rope,1.5791174953190847,-0.992181088074992,0.5134877923470631,2.3402040077423143,0.9425200857223494,-1.7431712879074737,14.08318339645563
17,ring,1.7755059134487015,0.006113651173858785,0.8845399213483867,-0.1389926134454676,0.6242518832422541,0.19750819148167673,0.0
18,rope,3.0124792808825664,-0.04892561407113532,0.5310781354940242,0.058050342502082866,3.1125994753099153,-0.06457184943203587,0.0
19,rope,3.457843797570288,-0.08788129035758299,0.7556437319384733,0.10388246887632248,3.1666636833217128,-0.10382195905823198,0.0
20,rope,3.9019499164080997,-0.10300190112897345,0.9855140250842918,0.1555257252227508,3.220205906807298,-0.14014578154955,0.0
21,rope,2.474818899898401,0.9778878130794418,0.9099756523922725,-2.293252370453527,1.0440183469343587,1.7737986249150297,0.0
22,rope,2.9238168852450297,0.9928526657918606,1.130046181199666,-2.459293448479676,1.115094425358366,1.7236595313672383,0.0
23,rope,3.3722483469491453,0.9954983113713114,1.3520902019297467,-2.329466869684991,1.1898397397497682,1.8204236841537886,0.0
24,rope,1.5169925938967932,0.6270603319974665,1.6008503391874378,-1.5167091546587461,-2.4689066117678333,1.140533662452421,0.0
25,rope,1.9529791779685342,0.6574734650184436,1.843668761932435,-1.582528949495154,-2.475801845854157,1.1892499260246103,0.0
26,rope,2.3916826273087155,0.6818271513771932,2.0824824716744583,-1.6483510209842114,-2.4827024060349348,1.2379713400137562,0.0
27,rope,1.5002902202789903,-0.6248629843809007,1.6773792306659732,1.4261043902660564,-2.56767249569318,-1.034496324078622,0.0
28,rope,1.9152755970345614,-0.617630904629801,1.9375999318961308,1.4113264766412132,-2.6476833977860137,-1.0229488613511688,0.0
29,rope,2.3345701528688183,-0.6026924604432915,2.168523117667557,1.3965508471371137,-2.7276970390500574,-1.0114033473244848,0.0
30,rope,2.4249353584174633,-1.0158848165047571,0.9958274687741107,2.364720597536364,0.8882601166666322,-1.803595050828942,48.72971595292515
31,rope,2.8452874325280386,-1.051094943464342,1.2648987177617126,2.471609108892535,0.8387426843125311,-1.8123974485363998,48.72971595292515
32,rope,3.283205347829861,-1.0710706186266612,1.505966733478324,2.492995781910895,0.7977376760186652,-1.8732669262671955,48.72971595292515
33,ring,3.490435592657154,-0.002754787558357472,1.828936605567874,-0.044063232271421976,0.7072940602023959,0.21086315513377374,0.0
34,rope,4.770957606346707,-0.16319088421698735,1.4436096282216786,0.295476382655148,3.295686980775197,-0.2394990718172839,0.0
35,rope,5.208489598057684,-0.23704108627632925,1.6747064708816155,0.37485756970715534,3.31927301199332,-0.3072886583370262,0.0
36,rope,5.650596599863522,-0.2613876318299768,1.9076161887790597,0.46452145680164947,3.3410619372959944,-0.36964841147218475,0.0
37,rope,4.268194390451795,1.0012265376567029,1.7957697690683996,-2.513123906728479,1.3739878577304656,1.7485564568187304,164.65774979276085
38,rope,4.717020364529978,1.0064365729898395,2.0170053223962876,-2.291779594403315,1.485793719407874,1.8448137982898372,164.65774979276085
39,rope,5.164982403263862,1.0010459124129893,2.239576140675454,-2.5174465689556653,1.5976037097058966,1.7217219404935198,164.65774979276085
40,rope,3.2304693703748684,0.7391160624825412,2.5420343716547906,-1.7948977754996494,-2.4444735282439005,1.346024380184636,0.0
41,rope,3.667973324304125,0.7799004996260366,2.780788352710602,-1.8756253572759796,-2.3993418953834045,1.405358552436559,0.0
42,rope,4.105822024797812,0.8137640473092018,3.0203142064807897,-1.956294731666426,-2.35421150820056,1.464732153705209,0.0
43,rope,3.1037071154218823,-0.5951959072978978,2.696185562978934,1.3226760895968819,-2.889044348710563,-0.9555310912869378,0.0
44,rope,3.5098035957815914,-0.5611311823589578,2.957049885530537,1.2635672927108164,-2.9703821339908734,-0.911197183886815,0.0
45,rope,3.932073716306369,-0.5484477417383821,3.188723524510092,1.2044631638719008,-3.0517236182049663,-0.8668666617115448,0.0
46,rope,4.067011486263697,-1.1060858855151003,2.0114597467667235,2.62329722878809,0.6585560899410654,-1.928450377331475,0.0
47,rope,4.459809156691621,-1.1391745659489143,2.3195290506641255,2.64059959234279,0.5648895049185535,-1.9811795610906229,0.0
48,rope,4.891241106204686,-1.1775393004621515,2.5699329109719184,2.700252607043179,0.46819331947172116,-2.0007915680323354,0.0
49,ring,5.15693315582574,0.006880325982970524,2.8154018312412967,0.01006099504535627,0.49644389484424073,0.1286958354006284,0.0
50,rope,6.477883340635221,-0.34059171113272363,2.3882611740932482,0.6437663251106185,3.372704317465539,-0.5019487182597407,0.0
51,rope,6.9025980679891,-0.430488921247311,2.6369266412098593,0.7396824883938125,3.381869119622223,-0.568500944467713,0.0
52,rope,7.34075569914531,-0.4550537770314373,2.8771508563134915,0.8246981789840951,3.391563550026153,-0.6410122297369877,0.0
53,rope,6.061352071381767,0.9960199554546401,2.6831982662927114,-2.505407278867587,1.8166743977848419,1.692734563748878,229.80382366145918
54,rope,6.509386584443996,0.9950767718303805,2.9061946893921915,-2.190119244665071,1.9249359123180025,1.8192936778979862,229.80382366145918
55,rope,6.95493283812564,0.9812389687359981,3.1331500251376236,-2.4823005330601493,2.0464594860383833,1.6447412249059203,229.80382366145918
56,rope,4.950705955867182,0.8791062122864343,3.481525397096163,-2.1165342009357406,-2.2490053343704606,1.5823110750126088,0.0
57,rope,5.3858990414055254,0.9140478259939433,3.7254947412289914,-2.1955651683493067,-2.188889089038312,1.6408119104303291,0.0
58,rope,5.823782600707656,0.9465075733287376,3.9653034328011985,-2.275655653302326,-2.1288557513265434,1.6987480792785574,0.0
59,rope,4.669368420122182,-0.4772068657950833,3.7297213216289675,1.0752104361937675,-3.2082006830138887,-0.7700880962364294,0.0
60,rope,5.077547962252899,-0.42597484160098725,4.000527267228244,1.0050550407596632,-3.283340129356073,-0.7176348288318319,0.0
61,rope,5.50634164093837,-0.41963572069229066,4.241858826485385,0.934903730997564,-3.3584840630174218,-0.6651845212784007,0.0
62,rope,5.627953271622762,-1.1957366026712914,3.0781728607229963,2.759384414700534,0.2708472283256244,-2.0777749465908646,31.69293980162849
63,rope,6.004482272772471,-1.217414103203533,3.4069263965552095,2.8279730012069155,0.15865429347067325,-2.0779605148893636,31.69293980162849
64,rope,6.432663449881933,-1.25765809836514,3.66252577835705,2.841468383679646,0.05428973757806451,-2.117046763801093,31.69293980162849
65,ring,6.816766154224582,-0.0027177386166814628,3.807213015841267,-0.06581669082678408,0.6561394667614651,0.22903845252005442,0.0
66,rope,8.14607185934739,-0.5194514817900698,3.384720356480608,1.0297856934630096,3.3939567721167125,-0.7916511837054029,0.30948122050466426
67,rope,8.553992030705556,-0.6223047351560203,3.655502567292035,1.149276427431486,3.385236510753958,-0.8694632766172912,0.30948122050466426
68,rope,8.980257111877355,-0.6429064821888346,3.9165875730362174,1.2509483751773822,3.378035435421982,-0.9581430536462636,0.30948122050466426
69,rope,7.846141216141215,0.9563780073663193,3.586518185968268,-2.437953367357725,2.2858460709641175,1.5944556415007958,290.24683808648433
70,rope,8.291919875697278,0.949214651437172,3.8139739267986803,-2.033181007083851,2.4066191996515376,1.748212133560826,290.24683808648433
71,rope,8.73322568327801,0.9327853405807262,4.0488513626811695,-2.3747224500451867,2.5492384884338906,1.516921702216538,290.24683808648433
72,rope,6.678766974540723,1.0261314826844365,4.43281516916051,-2.4419671775611316,-1.9809492243848372,1.8208411353440688,0.0
73,rope,7.112980532758075,1.0681787299743333,4.676964021683047,-2.52904411920443,-1.8931366232619051,1.884537394928441,0.0
74,rope,7.548089370893994,1.1042306411580578,4.920695611177922,-2.616125750110463,-1.8053289385879117,1.9482429772293983,0.0
75,rope,6.235197877188828,-0.3282538667343415,4.7998659720568355,0.7710754772918659,-3.5090990358527416,-0.542887729721731,0.0
76,rope,6.634496146649561,-0.2652515310147511,5.078824719675188,0.6773911515745584,-3.584570129081234,-0.4730358293419298,0.0
77,rope,7.055373131667538,-0.2501533397017873,5.3298800071864365,0.5837110711014579,-3.660047365059877,-0.4031864874349617,0.0
78,rope,7.151292503278585,-1.2611599239945672,4.182322818006545,2.8984138564504383,-0.18440915753556214,-2.17742486621245,30.984548467091756
79,rope,7.5128574094784195,-1.2704128121683524,4.52802151776495,2.957715814365901,-0.32300700633233204,-2.170930563865049,30.984548467091756
80,rope,7.935540309201225,-1.3007118904153645,4.793938496208735,2.9660086869408504,-0.45592622476022476,-2.2043193872295914,30.984548467091756
81,ring,8.44389286863991,0.0018048078581971892,4.841185477778256,-0.13416710857946623,0.4366090795948015,0.21607177277980635,0.0
82,rope,9.762502681009748,-0.7019916363940224,4.435242183095282,1.479161655256232,3.3489924191128955,-1.1302801069830937,5.620709551088861
83,rope,10.156810990279046,-0.8015969349467953,4.7266253789361725,1.6119221085155528,3.32282819518859,-1.209013306058183,5.620709551088861
84,rope,10.571715445807019,-0.8180061575377764,5.005687884592863,1.7182454256702655,3.299638656390874,-1.305297312344456,5.620709551088861
85,rope,9.615619519950314,0.8891131482112078,4.516810258384582,-2.273441630971995,2.8116891045219425,1.456793276764137,302.7913549343558
86,rope,10.056306649116905,0.8683416038512783,4.753196226609161,-1.844810949174911,2.9300574362322096,1.6132621293520153,302.7913549343558
87,rope,10.490104682341567,0.8461462914144443,5.001210224679556,-2.174433873957761,3.08158188130637,1.3561479196284607,302.7913549343558
88,rope,8.406727328368573,1.1887090511914271,5.406070492516962,-2.7886394287405505,-1.6115194227596439,2.074287605928273,0.0
89,rope,8.836852626378446,1.2317085822267217,5.656983611203215,-2.874068434563557,-1.5055151316793154,2.136623743653617,0.0
90,rope,9.267189037801334,1.2610099359699871,5.909488546066654,-2.959503724612403,-1.3995150404921655,2.198971009023397,0.0
91,rope,7.781373889401644,-0.1407825736470694,5.8929656603878335,0.38294333800555425,-3.8033476131986896,-0.2536349076354882,0.0
92,rope,8.170408277659302,-0.0683515866692242,6.178359212694839,0.27584933427138775,-3.8711680095683585,-0.17392817630996033,0.0
93,rope,8.580653736237872,-0.05273475667731178,6.444690140628578,0.1687585805360846,-3.938996223894839,-0.09422272737816165,0.0
94,rope,8.628836299639357,-1.3004557098760026,5.329611548380763,2.9975361468038013,-0.7351734383470881,-2.2608858957880913,45.35334997633502
95,rope,8.978888916798995,-1.301293942340075,5.687095852298628,3.0575711957891407,-0.8873570325119213,-2.2358345491211735,45.35334997633502
96,rope,9.393884926050706,-1.3118306906278925,5.966302791314342,3.04963186892818,-1.0345611494209235,-2.2667975242320004,45.35334997633502
97,ring,10.044901714048681,0.0055754434654607336,5.920617901108122,-0.3814954131896156,0.6737423126008351,0.46464678783130364,0.0
98,rope,11.324070583690267,-0.8817156866414305,5.557955760724364,1.9868181442095034,3.2359199033359367,-1.4726339936048813,0.0
99,rope,11.705155162855496,-0.9778779768872233,5.867496513162632,2.0803252658382125,3.207877045117081,-1.5987211189446229,0.0
100,rope,12.1055160926156,-1.002112354156886,6.166552083466009,2.232384729561418,3.1650547195078036,-1.6761866877763698,0.0
101,rope,11.352081055442149,0.7952702709485222,5.503189984870883,-2.023764818793376,3.353617796824555,1.2873080085741284,267.6303786410038
102,rope,11.777400835760368,0.7600767850856303,5.764636959656079,-1.6346193622970424,3.4807171861347026,1.4203846130236706,267.6303786410038
103,rope,12.198563998685646,0.7341594553515765,6.033244917567973,-1.888119275777235,3.639992152928021,1.1677080846994579,267.6303786410038
104,rope,10.122634978027671,1.333031629885049,6.419505709671856,-3.132820503835674,-1.1688853396994985,2.32532351092668,0.0
105,rope,10.547539219529394,1.3720516323282543,6.6804927283090665,-3.2206998127814157,-1.0442510458988037,2.389326633257466,0.0
106,rope,10.97051444628533,1.393349517723092,6.946588084514892,-3.3085876592508012,-0.9196201500219535,2.4533436909742043,0.0
107,rope,9.309621601848153,0.06121321524059765,7.018406162605873,-0.06041338634137145,-4.071709099924918,0.07624779550605859,0.0
108,rope,9.6900588415092,0.14104741518447303,7.315287962489755,-0.18250079463278587,-4.136587948239941,0.16701674783007697,0.0
109,rope,10.09049271619827,0.1622468023997673,7.5957509293409196,-0.30458599559628197,-4.201476134143568,0.25778663669757423,0.0
110,rope,10.064258303139582,-1.310090334775526,6.5342392772429,3.09739668682636,-1.346359850791572,-2.2764379954821696,3.2396627354584737
111,rope,10.401961614899502,-1.3070460042873058,6.903359777993756,3.0953125951569334,-1.5124179497514731,-2.299950654230712,3.2396627354584737
112,rope,10.797853445520706,-1.3049789359807997,7.2071077264655585,3.120358353981798,-1.6770382302178002,-2.2940761003959667,3.2396627354584737
113,ring,11.605040491146978,0.0071326533283791235,7.069796696136612,-0.08914150742734167,0.42975418493768613,-0.17877062379483968,0.0
114,rope,12.825081674189684,-1.0508676275333069,6.762923685410274,2.51754295207665,3.1006226635947023,-1.8519027901107674,0.0
115,rope,13.191441644733095,-1.13506543146107,7.093036678952757,2.6020828691282225,3.0894379356084922,-1.99933922690347,0.0
116,rope,13.57103107562948,-1.1617958555125913,7.41786687925422,2.767860280257279,3.0591428825505744,-2.0716578853318763,0.0
117,rope,13.022097235764047,0.6787726262917474,6.58700362888489,-1.5825892371655381,3.9247368724162643,1.1852361008180972,0.0
118,rope,13.424649864456025,0.6384677454238394,6.881288704077419,-1.582808299579047,4.083572777598752,1.09742067729822,0.0
119,rope,13.827281560437237,0.6129501278586,7.1772781015677785,-1.427702587188128,4.2262016888393,1.1274368880967591,0.0
120,rope,11.80681515831727,1.4510502439061213,7.489572363880376,-3.3771252393918476,-0.6710051786253167,2.6716424156622183,0.0
121,rope,12.21845867522846,1.4792067996262446,7.772374924745752,-3.7276219287699357,-0.5694734266399162,2.5705231123850605,0.0
122,rope,12.624857311009212,1.4919346362250978,8.064186818656188,-3.564085448206714,-0.4416882355736402,2.828318217484239,0.0
123,rope,10.814365487206542,0.26290998787759556,8.204632716861457,-0.546630874664683,-4.346593592994532,0.4378713374294164,0.0
124,rope,11.189945850576011,0.34342702558512667,8.524335071322728,-0.6665952090425235,-4.426814880459225,0.5271888773427489,0.0
125,rope,11.585495505028277,0.3611159156711149,8.829401875641588,-0.7865599725714011,-4.507047151258585,0.6165108113739217,0.0
126,rope,11.446642124662661,-1.3042752492098801,7.808439636216742,3.1576087445828454,-2.008801049851493,-2.319040886670873,0.0
127,rope,11.77434382358222,-1.2991392588927306,8.186121143258267,3.1824156470475686,-2.1758343979904358,-2.336085551133879,0.0
128,rope,12.153693125164686,-1.2892014392784796,8.51130751100448,3.2072278355330623,-2.342869909942201,-2.3531353254659604,0.0
129,ring,13.116443219216068,0.018975102754787372,8.305548184920728,0.04762179923496095,0.04091441753391351,-0.06275426913351832,0.0
130,rope,14.26965348282156,-1.1920463063379494,8.055492962508605,3.0346017446710998,3.049115232577511,-2.264536580103588,0.0
131,rope,14.625018207288205,-1.2519315661932788,8.402518069397285,3.160286301847078,3.062972945714182,-2.363075486483818,0.0
132,rope,14.984159274383444,-1.283669245125051,8.749374889391136,3.2906649711494023,3.076021289494265,-2.457038783397468,0.0
133,rope,14.61102321707184,0.564624540373088,7.797018771924001,-1.1772353851401074,4.52425422391353,1.2059494586543937,0.0
134,rope,14.989776024058303,0.5363837359516358,8.1223898663716,-1.6215393916220713,4.717722347638265,0.7746790944003752,0.0
135,rope,15.370128852998185,0.5106664769027761,8.4469376689279,-1.0850125414592913,4.82299027379065,1.173248302359445,0.0
136,rope,13.422604696502496,1.5287653803249317,8.663238293888188,-3.8878494257380343,-0.24108053526529497,2.900465129263766,0.0
137,rope,13.80716155692771,1.5445458073391543,8.982860952488682,-4.027842170900124,-0.1588450171709656,2.9577271804344423,0.0
138,rope,14.181945185851168,1.545978266272645,9.31434376611203,-4.081181819918581,-0.07588124846173955,3.0858292859551746,0.0
139,rope,12.290228818186865,0.4238510179048555,9.496041163181813,-1.0041547313633263,-4.692304055629451,0.7788307622673046,0.0
140,rope,12.648883044872532,0.4850162750578437,9.839008572177447,-1.1017888516386514,-4.797321109877785,0.8518313001625596,0.0
141,rope,13.01399591247273,0.4815528128841088,10.180795973344983,-1.1994288303305114,-4.902352819443829,0.9248395487416678,0.0
142,rope,12.79121527687883,-1.3059630683844108,9.150617463445641,3.2826470240673316,-2.6582956462546794,-2.4064034232663842,0.0
143,rope,13.112379173485396,-1.308769527287139,9.534213900485867,3.333798508267185,-2.8066896446491953,-2.4420994257877626,0.0
144,rope,13.474004641820825,-1.306743007470717,9.879933129872848,3.383150567044831,-2.9550974004980746,-2.479511009556529,0.0
145,ring,14.574184198052764,-0.013027348674246663,9.638368605693213,-0.12795977133079386,0.953508921367231,0.34211203524232947,0.0
146,rope,15.683764119811894,-1.2826142765859885,9.43634846066725,3.6114231989946526,3.1860598147875154,-2.38460847700598,0.0
147,rope,16.051611761936456,-1.2919655972071356,9.775095523200637,3.2320068807169258,3.296966891281527,-2.744089077102845,0.0
148,rope,16.414225522637686,-1.2922149142638872,10.120202025600017,3.6288117961591584,3.3937875661963197,-2.373344982595589,0.0
149,rope,16.093336594091415,0.5211945403447619,9.114918212154675,-1.3655181448403524,5.053140145979786,1.0248885245727268,0.0
150,rope,16.44401634193832,0.5476583618997424,9.470725431867896,-1.5002969840878322,5.0866323013124255,1.0207374762397265,0.0
151,rope,16.792093106898744,0.5673009867177611,9.82967618082027,-1.4680632017719213,5.122341633651855,1.1805567875599219,0.0
152,rope,14.880910838978629,1.5864764973949539,9.989124133066804,-4.273513913653683,-0.0681562355087403,3.1875880409750246,0.0
153,rope,15.210159354592234,1.6037708856315702,10.365401223400202,-4.353380265656324,-0.14736734487370481,3.195225855444139,0.0
154,rope,15.517717184482423,1.6003676312925974,10.760040162974791,-4.349990306386909,-0.22663158558622484,3.292633009740702,0.0
155,rope,13.662686226301627,0.47108206501002087,10.909608916951084,-1.2530034905184704,-5.093394381022232,0.96692954016516,0.0
156,rope,13.997038309590469,0.4702214371075167,11.281774677720687,-1.210519464522189,-5.179399904049255,0.9342725309067571,0.0
157,rope,14.325040889863955,0.4192654658750628,11.656097247357318,-1.166547389730764,-5.265413778674369,0.9032878512349115,0.0
158,rope,14.156916886659406,-1.3448619985302714,10.570258349981884,3.6217408522225227,-3.083479788659693,-2.458926127434231,0.0
159,rope,14.49452303522076,-1.371956278187684,10.938358729116235,3.4666248687949364,-3.0443023911907763,-2.7706315619499557,0.0
160,rope,14.861416244894263,-1.3973671744175995,11.27777973018144,3.782276566753778,-3.028578235103267,-2.5963345054564275,0.0
161,ring,15.942567513241995,-0.03488575651846082,11.074594533269396,0.29044941508158517,-0.2587304682976069,-0.21182468781141237,0.0
162,rope,17.136233179262124,-1.2562735150093465,10.81150155369339,3.6043449700378383,3.7081777939127183,-2.2783184472128464,0.0
163,rope,17.492942354495565,-1.2250180029897375,11.160616468451448,3.027929747275136,3.858022940047705,-2.712187768087384,0.0
164,rope,17.8371721232787,-1.1923849912101312,11.522730246425974,3.431624724969732,4.089566238726383,-2.1428971762875633,0.0
165,rope,17.463962947526003,0.6640590776728365,10.547894672522302,-1.793791305006037,5.134382360639764,1.2891374832856897,60.78743270637692
166,rope,17.770974965189602,0.7309939507375689,10.937261902859847,-1.9159932566372735,5.1135748658636375,1.4860980013064236,60.78743270637692
167,rope,18.057462244147693,0.7892279784062781,11.343228925208985,-2.1691057207153084,5.063025574215812,1.4984808567620973,60.78743270637692
168,rope,16.088519171304522,1.647789933013005,11.55499478825126,-4.463488549870357,-0.51396392024206,3.3265835524766874,0.0
169,rope,16.35586193734025,1.655144808700318,11.97779903999942,-4.51062414145593,-0.7268228337998859,3.32038754086739,0.0
170,rope,16.60205466963151,1.6481420394550812,12.413316223447728,-4.509940493937535,-0.9404816521999739,3.3872526046881206,0.0
171,rope,14.907438721555607,0.3169072194277346,12.444275969085933,-0.9693286831436849,-5.451901883526894,0.7590590374011525,0.0
172,rope,15.204254122108372,0.2709845287010209,12.84439060935414,-0.8151712107666478,-5.5524806272843215,0.6469928179809482,0.0
173,rope,15.49403025704053,0.2058024412845178,13.24698205663586,-0.6627065042902779,-5.652695224574921,0.5325899168227899,0.0
174,rope,15.57733699766556,-1.4703617920282932,11.96661312214428,4.044800203060516,-2.8764548556640035,-2.659942084284749,0.0
175,rope,15.917283174684554,-1.5182463663374106,12.330341872127576,3.8037872301923787,-2.677198047782803,-3.142669718292965,0.0
176,rope,16.263811851372278,-1.5493290726649918,12.690227351741493,4.270446745476577,-2.560622997216561,-2.8623142510367514,0.0
177,ring,17.157652170087832,-0.027901765013500626,12.636466294784725,0.10709346694917178,-0.16786289878372324,0.0659592453421485,0.0
178,rope,18.53363900144196,-1.147722130371361,12.23692550647519,2.826952125539071,4.2452331100284635,-2.3517242134360647,324.9207029937396
179,rope,18.87447022351776,-1.1244498801822163,12.602743888125524,2.966545698698399,4.258619940379639,-1.9018521084859772,324.9207029937396
180,rope,19.18916601336669,-1.0878931393679188,12.98979567269965,2.4980975439206166,4.206068587475031,-2.148524179447874,324.9207029937396
181,rope,18.648567750835365,0.8965116499149367,12.137876607402724,-2.4545494122633174,4.809954122525232,1.5714691349072898,306.8362059715528
182,rope,18.94071583109022,0.9556685536817602,12.539955896352495,-2.2457028724126022,4.663659354723473,1.9562290513079317,306.8362059715528
183,rope,19.207363774737107,0.9947492232363272,12.961329531949247,-2.5403131630056066,4.420767333542981,1.581179172454242,306.8362059715528
184,rope,17.1166365800937,1.672568683827448,13.266883601827711,-4.4915408705771105,-1.2753625100747712,3.1402116633900907,261.97361497733283
185,rope,17.366908441887436,1.6843322301710382,13.70014059729564,-4.177065141448246,-1.3745901553136217,3.3502432384480527,261.97361497733283
186,rope,17.616037205154846,1.672977913618719,14.13373984698309,-4.22177366221202,-1.4768695913390013,2.9184571979013865,261.97361497733283
187,rope,16.06154534133134,0.0886948788702083,14.057341075900254,-0.4370127511806141,-5.604704356474079,0.23381126357784565,159.54597817767194
188,rope,16.331579795584616,0.041330267234652114,14.475971504318982,-0.2040499779296461,-5.496163952111402,0.30667317844452024,159.54597817767194
189,rope,16.614914432669426,0.004507054694063792,14.88659324193865,-0.1821079824819336,-5.350844385048292,0.06095731775852138,159.54597817767194
190,rope,16.941054169559585,-1.644730064489384,13.417434340585524,4.0835061643259545,-2.1896475795664347,-3.1782417830995775,224.54665278065568
191,rope,17.265077968718085,-1.682211206985699,13.796990971917626,4.214313781051698,-2.0268457122208274,-2.9177473947265575,224.54665278065568
192,rope,17.585269877958403,-1.695878846282629,14.181056728845062,3.967287991288481,-1.8286068559722237,-3.094317225190802,224.54665278065568
193,ring,18.33557792008972,-0.03916434645319541,14.235119612349767,0.3658084589185055,-0.5903879620895597,0.006727452050631827,0.0
194,rope,19.815669444040925,-1.1062000910712548,13.766954602570188,2.2746952380890577,3.734930942209086,-1.5299013642800434,0.0
195,rope,20.11516355051828,-1.1147343806220842,14.167507535247255,1.816034347483241,3.2660004034678707,-1.5492061133518196,0.0
196,rope,20.377846337879852,-1.0933460615195785,14.592987655643244,1.7103264223365884,2.7815001678049582,-1.0336323907628566,0.0
197,rope,19.783053942837622,1.0674748014859101,13.770570191648176,-2.258144998642761,3.7406320206359154,1.5059049920389447,229.59511224790833
198,rope,20.070696822769825,1.0903830755050334,14.179470981513656,-1.8037750421180518,3.272667383423726,1.5794918041465735,229.59511224790833
199,rope,20.32638366881115,1.0871483110723166,14.6094101570558,-1.7124050328241787,2.7828397833681535,1.0654977482541563,229.59511224790833
200,rope,18.119628348968455,1.6816927525812329,14.991181864385934,-3.583094830968436,-1.4225328499211132,2.546756867046832,159.97349109841957
201,rope,18.37546540830907,1.7008787109968522,15.420824796854635,-3.017230378975709,-1.2384676343267969,2.4018406028581802,159.97349109841957
202,rope,18.645695561860588,1.704176603277481,15.84180819914657,-2.677499972140843,-1.0664882362611758,1.879719862327056,159.97349109841957
203,rope,17.143673124762746,-0.050062126000766705,15.72819462459587,-0.10986296500500427,-4.6224055102670345,-0.19399784662736336,384.97095092959177
204,rope,17.393017918561007,-0.06022108583731683,16.162126792715284,0.1422676677995011,-4.039251089055115,0.2427668772065582,384.97095092959177
205,rope,17.656956096036613,-0.058684962495602205,16.586993184644367,-0.10191051884050076,-3.4471101757522558,-0.16963458495432024,384.97095092959177
206,rope,18.20514777167586,-1.7503758239164995,14.964743732828602,3.7635287360792073,-1.4616363520098725,-2.281073824805831,0.0
207,rope,18.48880600395608,-1.770371307962459,15.376099512568977,2.830731504478937,-1.2389645583107143,-2.6524402661110136,0.0
208,rope,18.74359930290442,-1.7771028908866708,15.807133126939684,2.821355234702659,-1.0672901464639761,-1.5653825763210012,0.0
209,ring,19.404765260590388,-0.04000571316324017,15.916277377741013,0.3399521313008994,0.04680927109725247,-0.010621136757677174,0.0
210,rope,20.912557588188427,-1.1524570521995277,15.429182424218762,1.2713062089333373,2.130794417551776,-0.8690774035671477,0.0
211,rope,21.17511438803547,-1.1535773585548235,15.854998743832889,1.0985859815472538,1.9473128892097387,-0.9091233388660771,0.0
212,rope,21.399822284785014,-1.140844709460872,16.301938694465363,1.0806774746327885,1.7550447026215026,-0.6460274747470599,0.0
213,rope,20.87941533895446,1.1267079711360442,15.426919220039007,-1.2260629362025144,2.128815400707736,0.9552554228908979,0.0
214,rope,21.140044381482713,1.136645442470789,15.853820288642396,-1.1687227030498173,1.9497283338335603,0.7902307699158924,0.0
215,rope,21.36011048398649,1.1209049118457817,16.3029630969307,-0.9737125102366562,1.757081575389353,0.8729875783583471,0.0
216,rope,19.10703777048568,1.7408041653538306,16.715236255335675,-2.0013406707652672,-0.8153109117121429,1.5061294617606227,0.0
217,rope,19.343309872836894,1.756084692129683,17.155957969053063,-1.847158513345803,-0.741727933114231,1.353577431682415,0.0
218,rope,19.596618331394136,1.761936393997006,17.587393702473374,-1.6409090034884986,-0.6662762892266936,1.2866113643643764,0.0
219,rope,18.14584662634623,-0.05652638076978728,17.456922008140683,0.2198806844869481,-2.6310868111283727,0.435312672433488,0.0
220,rope,18.364424987613592,-0.0575206201981759,17.906643712981538,-0.2276988416447167,-2.4074561338480245,-0.46816824977746263,0.0
221,rope,18.588882664366306,-0.04870262534690203,18.354252908025583,0.21240457154273157,-2.1655349617206783,0.42665078463793843,0.0
222,rope,19.22880699118969,-1.7859985269802825,16.68134876624075,2.3485699669388227,-0.8307402624955087,-0.8664527330937495,0.0
223,rope,19.469997680670573,-1.7990740310796005,17.119008585853013,1.4615105110851927,-0.7275682097585155,-2.0465382815042377,0.0
224,rope,19.681007478257353,-1.8188828668260935,17.57305905855399,1.9323048083591787,-0.7149781587338188,-0.5748274372667783,0.0
225,ring,20.342462619188264,-0.04186033131369603,17.671543022311855,0.12088856050906867,0.08225370228711666,0.07404096265180451,0.0
226,rope,21.887953081206042,-1.1870241593520992,17.159335845325167,0.9031454913386916,1.4384073621230795,-0.5482005713321739,0.0
227,rope,22.112257113406507,-1.1795562599074048,17.606819677852744,0.7328405941678666,1.2921904777839754,-0.6774289046104371,0.0
228,rope,22.261809722914556,-1.187458620078744,18.08472752755718,0.7264033205728926,1.1307441962363491,-0.3768915980983808,0.0
229,rope,21.85091748730737,1.218931811256432,17.131450902938006,-0.8169650049044579,1.464390845762877,0.6520560439145617,0.0
230,rope,22.066435717087973,1.2380690148937321,17.582932064224114,-0.7712329548022386,1.3255212048613887,0.506506747253166,0.0
231,rope,22.235556994165428,1.1999222299133847,18.052741828734653,-0.6307545192322935,1.1695892338985445,0.5879570968604201,0.0
232,rope,19.994994818001864,1.8346016482678635,18.461117767287714,-1.3711886217477078,-0.5322410695887114,1.0258315981141182,0.0
233,rope,20.18651969409474,1.8732357225030192,18.92209595554525,-1.246632496324732,-0.47382368829223587,0.9184961624966643,0.0
234,rope,20.38626102450619,1.8940606110074727,19.380753294197344,-1.1059082849991602,-0.4137854667372471,0.8461029952495324,0.0
235,rope,18.98007601332848,-0.02561507690563159,19.272542206398857,-0.17874845873709913,-1.7926066837651398,-0.4684404044692051,851.2011045421208
236,rope,19.14364400131198,-0.012725393742908871,19.746208188478306,0.16875249975062667,-1.5938843279352115,0.5741601555636987,851.2011045421208
237,rope,19.304050128841943,0.009563461521968268,20.219649942415426,-0.191055401872299,-1.4698514374378837,-0.4632497578582345,851.2011045421208
238,rope,20.0838315579422,-1.859420052225175,18.489142975180403,1.6758159292649883,-0.602456480121296,-0.20786328340952098,0.0
239,rope,20.26981388502767,-1.8760846359094627,18.953156756402382,0.8725351162990116,-0.4958615185152266,-1.798430361013187,0.0
240,rope,20.415634211431644,-1.8910845312879854,19.43288755251147,1.280481153923152,-0.5013737009518393,0.009088029587138502,0.0
241,ring,21.06517352465831,-0.02251978134947865,19.50748549238788,-0.04130499832590375,-0.02919044372052509,0.19035775686539522,0.0
242,rope,23.57628207964082,0.0439752984876485,24.38312005751625,-2.5637175081182733,-0.9028758009941683,0.806795071214764,0.0
243,rope,24.59677845340702,-0.07112615524234824,29.29434852139354,-3.7508117339421965,1.3668286252629704,1.1075775359423463,0.0
