genome_hash,physics_era,git_hash,x1,x2,x3,x4,x5,x6,x7,x8,x9,x10,x11,x12,x13,x14,x15,n_lines,n_active,f_v11,k_chosen,P_mean_kw,FoS_min,omega_eq_rpm,P_range_kw,drift_flag,stationary,util_axial,util_bending,lift_tension_N,f_feas,tier,gen,timestamp
01fc0abb877e6d64caec71710f262f85dfb3b8124155b7257accec19912bfabc,post-1d76492_design-aware-lift,55caa5d,0.303315197942419,0.09285895923990428,1.0,0.15757126528171783,10.691329923322659,1.5,2.8635115403165305,8.471941759865052,0.23482743359215946,11.607354385586804,21.010216660952977,9.359892749719544,2.0,2.0,-2.0,8,2,-1.0762627269999443,1000.0,2.844664299819231,0.5675165574379043,18.286945011272284,0.3924082039574768,false,false,1.6918494375173,0.07021368979404079,1.5,10.886213428007231,stalled,4,2026-08-06T11:43:09.723
08ea311f0327dfa8dde6a6bc29c6f8be09b489487ec66d60779fde99231a6576,post-1d76492_design-aware-lift,55caa5d,0.25792860843186727,0.06960476965797616,1.0,0.11105443801958015,11.750755799480622,2.4866394203829825,2.550300396993432,7.148638052159202,0.18215170792091162,8.869660384663174,19.931231818519056,7.437743719988102,1.3798191479768909,1.5640512335732435,2.1760472387889322,7,1,-0.06124333833811304,585.3721214844634,0.06124333833811304,3.9666783551215126,22.0773325316462,0.4643298622233826,false,false,0.0,0.2521000974805195,1.5,10.997550266466476,stalled,0,2026-08-06T08:30:04.924
12fbddcfbb9283240a5d9f26bdae90fe05746997a6c51b57a452fcfafbf1f3b8,post-1d76492_design-aware-lift,55caa5d,0.4226410145114138,0.0699597999154098,1.0,0.9513508801758109,27.620623633826998,5.974167346711692,1.7854297326818667,3.998029799318635,0.4409075248081382,9.703302216895242,1.0504604295408755,3.7326388777122106,1.0330380614193233,0.8968992319595056,-1.2717996447552538,4,2,12.0,328.11066450885755,0.0,Inf,0.0,0.0,true,false,-1.0,-1.0,1.5,12.0,stalled,0,2026-08-06T08:25:16.783
18b58bb671f3b12214fee51622c99b0873329ac20326b59330d76828826f53c0,post-1d76492_design-aware-lift,55caa5d,0.3093478416460648,0.01,1.0,1.0,5.366563145999496,8.0,2.4904113573952147,10.90041667896433,-0.2810914563067365,7.566055446145656,19.11816056763615,19.169931955503813,0.1,0.1,-0.898525397834036,11,2,12.0,3.0745934690622114,0.0,Inf,0.0,0.0,true,false,-1.0,-1.0,1.5,12.0,stalled,5,2026-08-06T12:50:15.932
18ba6f212a0d818b12ca70e424f6298ad8e92f322aaa8d534206711a91eeea40,post-1d76492_design-aware-lift,55caa5d,0.2959607343705463,0.09401247469350325,1.0,0.9999998481455412,5.366563145999496,3.931235976832026,2.8459459681185715,6.112190342662698,0.4012292795349955,19.0,16.06029167573466,25.0,1.5909512595710986,0.1,3.0,6,2,-0.0021699221090486147,1000.0,0.0021699221090486147,4.280654105907559,33.71134006345225,0.009416613784554613,true,false,0.10947034070401938,0.12413881697586418,1.5,10.999913203115637,stalled,3,2026-08-06T10:26:53.29
1d853c2faa34ce20fb16f3f6b6abe59bdf8c1c5cb6914161c8c0b224744cac2b,post-1d76492_design-aware-lift,55caa5d,0.2265570225998703,0.08369281004714677,1.0,0.47019753844012613,6.3100570859309615,7.642131483489164,2.622732137436013,4.522246197045572,-0.11909060397590365,18.86469037891184,22.3094646082122,21.783436490215095,1.0131497408166792,0.9232302646827862,1.7620046761495956,5,2,-0.00044768642952929476,1000.0,0.00044768642952929476,9.950072425223293,38.13567405116252,0.000987728917158756,false,false,0.05154006577159648,0.04896171524710385,1.5,10.999982092542819,stalled,0,2026-08-06T08:33:37.943
2e93b40f9a3af6112ce134a3d0e5033dd9378e0eede5aefbe7cb5c1a252e1366,post-1d76492_design-aware-lift,55caa5d,0.2,0.014193577950577817,1.0,1.0,5.366563145999496,5.293244897716583,2.6982569576493156,12.064441575964898,-0.17761787507737486,10.453774419215746,25.0,25.0,0.683352069181469,0.1,-2.0,12,2,-0.0004990407229773512,574.2972269501397,0.0004990407229773512,6.179529137254803,40.57407489491057,0.0011847600423948355,false,false,0.02385241744302747,0.13797220993371803,1.5,10.999980038371081,stalled,3,2026-08-06T10:47:34.247
36e4f5a0667231b987badbadaa64ef5a63b50d94331cde1d3a95fdde4e307eec,post-1d76492_design-aware-lift,55caa5d,0.38556073434813565,0.10277228736613388,1.0,0.8032182414857936,6.9525086760821395,5.678265985794711,2.334487712524179,3.0,0.39416956210945586,12.799433134833897,11.586329306889217,18.600005701176915,1.3230164141740928,0.1,-2.0,3,1,-13.658270698946883,1000.0,13.658270698946883,2.8850345267502435,35.393201158259,9.925172060137308,true,false,0.3466107189016367,5.583512746760551e-6,1.5,10.453669172042124,stalled,4,2026-08-06T11:45:42.149
38265d1ae47a37e638f737cdeb540eddf63134bc6b5d29c0be2c79e3fa1f5683,post-1d76492_design-aware-lift,55caa5d,0.2,0.011761527952994743,1.0,1.0,5.366563145999496,5.936783263399474,2.9158791959429515,11.091380545152,0.009771190430669513,8.51609727385134,19.505503791474883,25.0,0.3561130768383478,0.1,-2.0,11,1,-0.0167149945163504,155.96370196309877,0.04645537283744371,0.5397113453864437,46.79916748078735,0.9435561453985049,true,false,0.160590527504286,1.692251753000269,1.5,10.998141785086503,stalled,4,2026-08-06T11:36:39.427
4aaf0630c9a1e1b95595dfb91ef5b98a7258acfbfa8dbd021ee56a8eaaffbdda,post-1d76492_design-aware-lift,55caa5d,0.2,0.01,1.0,0.45813636281187003,7.015249488887891,1.5851890188994315,2.8814461229636663,11.852118110937047,-0.0392693615071647,19.0,25.0,25.0,0.19473770472314778,0.1,1.7620046761495956,12,3,12.0,11.659711216485087,0.0,Inf,0.0,0.0,true,false,-1.0,-1.0,1.5,12.0,stalled,2,2026-08-06T10:02:22.238
53b862bcaa71b947ad3bbfd17bf061feab2e899986111a265993a546f24ee646,post-1d76492_design-aware-lift,55caa5d,0.2,0.023908576496073097,1.0,0.22201844410224125,5.98123050176976,1.5,2.7447921535737927,8.997568354941903,0.026035729314285036,19.0,25.0,25.0,0.9543759139643309,1.3598299634110653,2.349092949250726,9,3,-8.66070047654757,1000.0,21.35770299162415,0.6082606692262765,35.53051525886239,11.232625588771647,true,false,0.17626592579247835,1.4677660667281396,1.5,10.145691880335034,stalled,5,2026-08-06T12:50:15.93
565adac9d18dbd9495b97e02346eebd717b647c58e3e14079c3660708fb34168,post-1d76492_design-aware-lift,55caa5d,0.2,0.01,1.0,0.6359254448370621,5.366563145999496,8.0,2.968956109107844,13.063963841435433,-0.09765638091837811,19.0,25.0,25.0,0.683352069181469,0.1,-0.6591622089688542,13,2,-0.00023550197600585748,574.2972269501397,0.00023550197600585748,2.2767558440004905,39.19367297880003,0.001927222554718749,false,false,0.08395260340273963,0.3552688452366098,1.5,10.99999057992096,stalled,2,2026-08-06T09:56:02.562
5714ee55f09d91cb3902c6c31dbd4328ded7f6ac8553ffe6146e4a640a0f8b73,post-1d76492_design-aware-lift,55caa5d,0.3868274718205551,0.14269928798950354,1.0,0.0024705221967316615,9.095786683104814,8.0,1.8270469616423461,9.537790740954833,0.04199142438789394,15.075411380485882,25.0,8.472301992922397,0.2890111974506937,0.7356003589874839,1.752289106319782,10,2,-0.00010732222655611836,102.72520826916687,0.00010732222655611836,9.841120258357558,25.226023958412835,0.0021187429007280623,true,false,0.017975689708406992,0.08363875801168376,1.5,10.999995707110937,stalled,2,2026-08-06T09:47:12.705
5b296c2b43ec54610eee2975e048c24a590c90ad08063e8491fbc316e1d5177d,post-1d76492_design-aware-lift,55caa5d,0.2,0.07650388825705315,1.0,0.9408490087756078,5.366563145999496,6.741077890772554,2.2072970841685327,5.044670683152301,0.49477258192901824,10.612877819081072,15.011950072123103,25.0,0.8252170797004832,0.3653167541248603,0.34315674729254475,5,2,-9.973229691934805e-5,837.4986349139327,9.973229691934805e-5,5.899185473466085,49.00659851531033,0.0004751978318347986,false,false,0.07721058177928757,0.09230434608624483,1.5,10.999996010708124,stalled,5,2026-08-06T12:39:55.418
5b6911ece7e9fd6c7e46e3c5fa7d94f189e744c600dfdb934a86c5fc3da7e0f1,post-1d76492_design-aware-lift,55caa5d,0.303315197942419,0.0970525371904821,1.0,0.5661474421551789,8.80790614348628,3.126813019728413,2.5739181702515266,7.328516631178822,0.16699294764994002,3.5030826933173422,22.928411936391058,12.777046580353215,2.0,2.0,3.0,7,1,-0.018450504249605634,1000.0,0.018450504249605634,3.1402260990651487,19.807715556026135,0.142773110864356,false,false,0.0,0.3184484073607636,1.5,10.999261979830015,stalled,1,2026-08-06T09:01:28.374
5c7726a7ce8b4334b03a423bbff49c3d6ba3b5252f3f0e89dfb2ea754485f0ca,post-1d76492_design-aware-lift,55caa5d,0.2,0.07394941849401634,1.0,0.41824044757621204,13.435717458088257,3.1561619358633894,2.9873651790444393,11.421264941078894,0.16293260849696747,9.034933180527544,23.5396603003241,17.567547737075763,1.4896138041594968,0.8230043201912378,2.950889924669397,11,1,12.0,682.2366981509314,0.0,Inf,0.0,0.0,true,false,-1.0,-1.0,1.5,12.0,stalled,1,2026-08-06T09:15:02.932
66734d71270da6d4be8045f615c84170d2cd218b397e074546c10d0c4671aa50,post-1d76492_design-aware-lift,55caa5d,0.27676858749643707,0.08414099916557749,1.0,1.0,5.366563145999496,7.573886858467172,2.5695827345358118,5.176054755875769,0.22898609816326476,8.869660384663174,19.76642861602581,25.0,0.87026106957093,1.4265837706243014,-0.12951348553237163,5,1,-5.225598688421155,465.7113348714659,9.066500744282788,0.8645450161766678,41.10277062971531,8.07743871116027,true,false,0.7006608334614027,0.4560169349471913,1.5,10.63733997022869,stalled,4,2026-08-06T11:22:18.79
66f0582655ac33082712c34d40d0e4fa2fb2f90b18d9d7dd48f24acd4ff1c88e,post-1d76492_design-aware-lift,55caa5d,0.31199999997198663,0.05135321472955611,1.0,0.520490128627418,7.3489950586028,5.016461539804385,1.930259915042821,3.874439404239144,-0.05697274518348848,11.249291418542374,19.407547038943196,17.000007126471143,0.7893510474796663,1.4265837706243014,-0.27894593411568147,4,2,-6.652915892593907,766.2810239554038,10.402866771753354,0.9592907472378294,35.7403741411471,9.49690686477241,true,false,0.34346695525783244,0.6989698689056326,1.5,10.583885329129865,stalled,3,2026-08-06T10:59:50.219
6bba318f0a27bf5d3df8cbd496859cbfe666e5aca9be02311c4bc373bf2897af,post-1d76492_design-aware-lift,55caa5d,0.2,0.02368720730098535,1.0,0.6925285877396856,5.366563145999496,5.678265985794711,2.188696803348081,7.148638052159202,-0.12081419761256103,8.869660384663174,25.0,25.0,0.1,0.1,-2.0,7,1,-0.15020878403447674,6.149186938124423,0.6043085798602029,0.3728445757030915,59.4365002285477,1.7844312215593963,true,false,0.0,2.6820827367925375,1.5,10.975827656805592,stalled,2,2026-08-06T10:02:22.236
6c61a7515adb0f16a311b008e8ef6f9780569f626a03200b57d4492ace20ae2a,post-1d76492_design-aware-lift,55caa5d,0.2,0.04246515088337971,1.0,0.5057022973013676,5.366563145999496,2.514226525128363,2.213621988755876,5.444019236772139,-0.015473446915527406,17.2567825655821,25.0,25.0,0.7682067254201839,1.1612670164994412,0.6568432527074552,5,2,-3.419975043674117,725.7781704435491,9.452841259153654,0.5426900150834099,42.60630130386263,16.664087482253745,true,false,0.1935502127004315,1.6491223484416837,1.5,10.621886349633854,stalled,4,2026-08-06T11:18:13.559
6ff70bd2432f49ddd6828f2890a6c1c89d06bdcc191ede1de893f0d4c511b178,post-1d76492_design-aware-lift,55caa5d,0.06000000003501675,0.01,0.8799392364011867,0.9999998481455412,2.8885232552453664,2.0000000178739743,2.9878503277143196,13.207866704651128,-0.1097833891351554,18.558046111485208,31.990566201321005,34.99999109191107,0.5186481959328214,0.1,0.0,13,4,-0.0005482482960520844,330.8212778370634,0.0005482482960520844,3.9885497476884706,56.52532369880765,0.0008373106473754048,false,false,0.011921511513209604,0.23879618370409122,1.5,10.999978070068158,stalled,0,2026-08-06T08:25:14.168
7ae3bfa35b7da2bc3d9c0a6add0a9f2e0cb456908cf0f82fc614c49a12afadb8,post-1d76492_design-aware-lift,55caa5d,0.3868274718205551,0.01693101941077489,1.0,1.0,5.366563145999496,6.02889809130073,2.538426252776068,10.852595845466514,-0.179824036772856,8.51609727385134,25.0,8.472301992922397,0.2890111974506937,0.1,-2.0,11,1,-0.003383921403616598,25.681302067291718,0.008180964123142034,0.6204503563420373,47.3612606968418,0.2192615907516988,true,false,0.10169537146834323,1.5100371221604096,1.5,10.999672761435074,stalled,3,2026-08-06T10:37:54.72
7fc22cfe3a590d03c5f6fa14099ac5915a281819c8cd490f88ac97a70a1f89fa,post-1d76492_design-aware-lift,55caa5d,0.42005756714655973,0.055258750348707746,1.0,0.7917327769375146,6.990914850295706,7.994514028038241,2.853020790649492,10.446826206623209,-0.6458043276294566,10.966901286623532,9.937355165522266,21.240767108821544,0.4258380360775177,0.2683314708785294,2.1329849279484074,10,1,12.0,55.754073186324824,0.0,Inf,0.0,0.0,true,false,-1.0,-1.0,1.5,12.0,stalled,0,2026-08-06T08:25:16.727
801fbca3ee198483b24fd2e6b760615062cad355124474f2989b41a5c3e318b8,post-1d76492_design-aware-lift,55caa5d,0.2,0.0766871305373889,1.0,0.9999998481455412,13.820178896960478,3.259310930272938,2.9878503277143196,5.157894321394425,0.540025953142013,12.893635504266886,25.0,14.573418704526382,1.3429474124518894,0.9260325509289048,0.9106099066954831,5,1,12.0,554.5053157581539,0.0,Inf,0.0,0.0,true,false,-1.0,-1.0,1.5,12.0,stalled,1,2026-08-06T08:45:42.604
84cf736917239b3b7e55a91cfe124694d98793e310a602c6b250b5fd22b691b2,post-1d76492_design-aware-lift,55caa5d,0.22824130891821426,0.10426950933104223,1.0,0.7664671369521024,23.94206156383407,6.77438434589348,1.814951949254485,4.222878023093159,0.4219590744694237,16.618115325907993,4.796935576880876,10.4067674531686,1.8474489095917812,1.5858617213408308,1.0808859284180339,4,1,12.0,1000.0,0.0,Inf,0.0,0.0,true,false,-1.0,-1.0,1.5,12.0,stalled,0,2026-08-06T08:25:15.87
8ac3838a52fae8c0074d17fbb6f1bf50830a252e82a9ca5a1e46da4ee09f0067,post-1d76492_design-aware-lift,55caa5d,0.2,0.09941742500567162,1.0,0.7540227183372897,5.366563145999496,3.6507302924272107,1.930259915042821,3.149024108016849,0.44843715086323144,19.0,19.407547038943196,25.0,1.4397423016105437,1.4265837706243014,3.0,3,3,-9.33277469976952,1000.0,14.388032690370414,0.9729726329454061,40.05973660926335,28.116779113758707,true,false,1.0277506762271567,2.7460731100830905e-5,1.5,10.424478692385183,stalled,4,2026-08-06T11:49:19.615
9400a74ffd0d97203ccbf10d7b0327b7b6c41df22c89bd3e779f0eb584557914,post-1d76492_design-aware-lift,55caa5d,0.3573478416460648,0.04431059796624537,1.0,1.0,5.366563145999496,7.220038768450238,1.5850754419128923,3.9749028056519045,0.04213689898725964,16.333918592485254,19.243901933546734,14.584393494323677,0.3922858767228618,0.7025340329988823,3.0,4,2,-0.26890575440855113,94.62873651828787,0.7616736863171326,0.5295688151748532,54.25645411949649,4.7101718294917685,true,false,1.042530648410303,0.8457980660926829,1.5,10.969533052547314,stalled,5,2026-08-06T12:12:34.477
9902be31b828e049baf04355c110e61ec50b79c8ea182d61db7ead2800a13fc2,post-1d76492_design-aware-lift,55caa5d,0.2,0.04040344888876783,1.0,0.7664671369521024,5.366563145999496,2.073848765467795,2.5695827345358118,8.721822326232685,-0.04814809840156398,19.0,25.0,25.0,1.1242696042259235,1.4265837706243014,1.3210540658843186,9,3,-9.61234513777472,1000.0,23.825270440510128,0.6051775043924061,34.06494137762859,9.736948334922364,true,false,0.23281838587759812,1.4195893667932367,1.5,10.046989182379594,stalled,1,2026-08-06T08:55:54.715
992b4d326a0db2b8e51e31ea45966cd7c88a4a1c858551745233a80822de3a88,post-1d76492_design-aware-lift,55caa5d,0.44,0.058482984467995075,1.0,1.0,23.812750874479065,8.0,2.0276060476067146,6.636580322889841,-0.22145730363215643,11.381094938463528,15.910194905377761,14.775057588778964,0.2698531718998247,0.1,-0.6748194934963134,7,1,12.0,22.3894154350579,0.0,Inf,0.0,0.0,true,false,-1.0,-1.0,1.5,12.0,stalled,1,2026-08-06T09:15:02.935
99cb42355d16c8867ebd9eee1135b16be9e699f7caca60fec16460313a2df2f5,post-1d76492_design-aware-lift,55caa5d,0.2866161338192341,0.037478523351521305,1.0,0.30994178260258726,6.990914850295706,4.235414675988748,3.0,10.137052868218465,-0.3141847685370914,10.966901286623532,25.0,23.240618429048737,0.2056587136404786,0.1,1.752289106319782,10,2,-1.7712989938417554e-5,52.01659521762727,1.7712989938417554e-5,6.878832651311063,40.35874174380822,0.0005025485239013902,false,false,0.0025211342507210958,0.14285236888420488,1.5,10.999999291480403,stalled,1,2026-08-06T09:08:20.952
9ec9c7333ce904f844e9c099ed4877280e0f5e0a00901b2b3dec7fc33e644111,post-1d76492_design-aware-lift,55caa5d,0.2,0.01,1.0,0.535755799518289,6.495191773890703,5.678265985794711,2.5119478373304704,11.96636093900982,0.018307512631329598,19.0,25.0,24.156096977194252,0.816249749658529,1.5502593648643892,0.4409638104970136,12,2,-0.0008688380855653716,819.3959514804613,0.0008688380855653716,4.8833472831338876,21.801424369618868,0.021245541617011095,false,false,0.016523919128663755,0.18825365289735244,1.5,10.999965246476577,stalled,3,2026-08-06T10:56:02.449
9f9263179440e52a0eb2ea068b241e98d9f9dee7983d94fc3925551b040c1072,post-1d76492_design-aware-lift,55caa5d,0.44,0.039063825353631496,1.0,0.8623692327101858,6.9525086760821395,5.4994545345084695,2.33167674213186,8.233236927130466,-0.12875087482959796,10.4198021009547,20.52603763115456,2.072307694099311,0.8404920354344269,1.1612670164994412,-0.623156747292545,8,2,-6.850158257816332,434.3950830267466,6.850158257816332,4.23642319381809,31.02735621351053,2.9735506506978737,true,false,0.01788950036223256,0.2181586832704198,1.5,10.725993669687346,stalled,4,2026-08-06T11:28:48.984
a0f529487f49c7b5aa55013abddcf451531b6e55d4b802bb2983c819acf10818,post-1d76492_design-aware-lift,55caa5d,0.3385570225718569,0.09464257588793504,1.0,0.22422053011544163,8.292488998534266,8.0,1.983409317943022,3.0,-0.0360210901847867,11.113981797454212,16.717011647155395,13.783443616686238,0.678231184070422,0.9232302646827862,0.16200467614959546,3,2,-1.078005929393092,565.7221717336755,1.443256616644054,1.1203890392337872,34.35683725768565,5.4002750097038295,true,false,0.8925384249417165,8.685911742957678e-6,1.5,10.942269735334238,stalled,3,2026-08-06T11:02:07.714
a4b7c9ce5362cb87081390530385b842704fdcb726c6301017587398477b1e08,post-1d76492_design-aware-lift,55caa5d,0.2,0.06400022605016986,1.0,0.0,12.505550951425795,2.200344607174314,2.6211654306810175,7.657156551638285,-0.2658467951063219,8.761412687792644,25.0,4.864492912160179,1.643657285285059,1.5662930625701383,1.4949314232256423,8,1,-0.04572584940554102,1000.0,0.04572584940554102,1.8229592093813256,18.923247006337807,0.26112898819332725,false,false,0.0,0.5485586264650316,1.5,10.998170966023778,stalled,2,2026-08-06T09:30:46.465
b06487cfedc35033ead3c99e57bc639a3af0038ec66bc4c9cb6d0c0beee0b1c7,post-1d76492_design-aware-lift,55caa5d,0.2,0.018445234862763078,1.0,0.18180836664785938,7.72084287079497,1.5617098859914504,2.550688515929336,8.57791946301699,-0.0360210901847867,19.0,22.6022559057024,20.72855771170791,0.6281249226074361,1.077824757482896,0.6618918569154644,9,3,-3.304156611696434,485.22117239691363,8.947115266028959,0.5539478111300113,37.76377395324955,9.492417286319888,true,false,0.10084883505623776,1.704375375434054,1.5,10.642115389358842,stalled,2,2026-08-06T10:11:39.04
b78fe40edaab603b52c8ec8b4757be0fca5133a76d2536d47df84f6e933315e4,post-1d76492_design-aware-lift,55caa5d,0.31995091796318287,0.09069848955690463,1.0,0.6506658062659948,5.366563145999496,8.0,2.534150845326531,3.8865980726967186,-0.7782071610938203,19.0,19.931231818519056,25.0,0.683352069181469,0.9204279784366677,2.613399445603708,4,2,-0.0003017242184132682,574.2972269501397,0.0003017242184132682,13.399455819103885,47.761935572871266,0.00047893500371005944,false,false,0.026919478884378893,0.04771041754576411,1.5,10.999987931031264,stalled,1,2026-08-06T09:15:02.93
b8b448de3513e7ca705ade78a18a60307a225a7d4ac2f46bd343631d868e1033,post-1d76492_design-aware-lift,55caa5d,0.3385570225718569,0.10801556915816103,1.0,0.2833713694853751,8.292488998534266,7.701210481564221,2.2881180628932065,3.0,0.16699294764994002,19.0,16.717011647155395,13.783443616686238,1.497646867451161,2.0,2.8188479288570507,3,2,-0.0002491440156732887,1000.0,0.0002491440156732887,19.098274160346595,26.897383601383865,7.774789202382717e-5,false,false,0.052360219964820626,5.321955123803033e-7,1.5,10.999990034239373,stalled,3,2026-08-06T10:29:08.579
b973a73e44e5d9a9a4353b828732fba6c3a080651b5a11e2b17b62c8c204c15e,post-1d76492_design-aware-lift,55caa5d,0.38556073434813565,0.0782093890218259,1.0,1.0,6.9525086760821395,5.4994545345084695,2.896293478273839,7.517889046703888,0.4143652719864134,10.4198021009547,7.190732340069124,18.600005701176915,0.9933414953086239,0.1,-2.0,8,2,-0.002279860545709804,1000.0,0.002279860545709804,6.719942587878455,35.917115841054574,0.004297818193995197,true,false,0.047286419984666477,0.10152437518549119,1.5,10.99990880557817,stalled,5,2026-08-06T12:22:09.761
c032033977d19cbd2de85796ab7bcb6bdccf8de64b7de5a7776cd44b43845728,post-1d76492_design-aware-lift,55caa5d,0.2,0.08967633177690273,1.0,0.4957467624095174,5.366563145999496,3.7757317466958957,1.7021637331614836,3.0,0.3817947524963089,17.2567825655821,20.52603763115456,25.0,1.02058488332788,1.1612670164994412,-2.0,3,3,-3.900451157880427,1000.0,5.083088622965191,1.1510082099272314,41.41272430189546,20.76681809737951,true,false,0.8687682638211981,3.526978975804755e-5,1.5,10.796676455081393,stalled,5,2026-08-06T12:35:13.887
c567932eaff5ad574ff608ead947efd96da6bdc3b034f743b3eeb882641e8b3a,post-1d76492_design-aware-lift,55caa5d,0.44,0.11507347857255824,1.0,0.41995446883218135,7.397497591228177,8.0,1.6959461472127033,12.26180351995567,0.6587435576314076,15.318968698444573,8.705948832400779,14.262116310535225,0.1,0.1,0.6639401098869806,12,2,12.0,3.0745934690622114,0.0,Inf,0.0,0.0,true,false,-1.0,-1.0,1.5,12.0,stalled,2,2026-08-06T09:25:14.878
cc448e456378f379c25f87b8c622e869fc4a23bc0a704d1071eb658871ca3c9e,post-1d76492_design-aware-lift,55caa5d,0.44,0.15,1.0,0.0001458584703526722,5.366563145999496,1.5,2.5695827345358118,3.0,0.5423461309351885,15.03402307437285,14.674877073284446,4.239897310661076,2.0,2.0,-2.0,3,3,-1.3018792388108786,1000.0,6.1126231036956415,0.3194731337248095,31.26878877783268,9.303978683445568,true,false,3.130152841176566,8.225784231860614e-7,1.5,10.755495075852174,stalled,5,2026-08-06T12:16:31.91
d4521db5880e4b5e5642b121ba5d62f2cdb2ec147e1093fdcd7fb88eddcc36bb,post-1d76492_design-aware-lift,55caa5d,0.2,0.01,1.0,0.7664671369521024,5.366563145999496,4.77681558431116,2.5198425293183155,11.852118110937047,-0.04814809840156398,19.0,25.0,25.0,0.1,0.1,-2.0,12,2,12.0,3.0745934690622114,0.0,Inf,0.0,0.0,true,false,-1.0,-1.0,1.5,12.0,stalled,3,2026-08-06T10:26:53.293
d47cf068a9b81decbf76f55deac2bfee282c925ebeb597b8cab338f0b4c9795c,post-1d76492_design-aware-lift,55caa5d,0.303315197942419,0.04650165096151041,1.0,0.5661474421551789,16.3785671140826,2.515988336517959,2.9637474057863447,11.241386362059275,0.17809136876793907,3.5030826933173422,20.542480182452103,12.228244876710653,0.8380851256215305,0.2718343286861776,1.068741466130767,11,1,12.0,215.9553492283462,0.0,Inf,0.0,0.0,true,false,-1.0,-1.0,1.5,12.0,stalled,0,2026-08-06T08:25:16.668
e907d40ee9fe6f2afad3afea09b9050b634ccb047581d1a94fb95110b9dae544,post-1d76492_design-aware-lift,55caa5d,0.31995091796318287,0.09069848955690463,1.0,0.6506658062659948,5.366563145999496,8.0,2.534150845326531,3.8865980726967186,0.4409075248081382,19.0,13.82536459466833,25.0,0.683352069181469,0.9204279784366677,2.613399445603708,4,2,-0.00027130835199666185,574.2972269501397,0.00027130835199666185,14.79194302614317,47.68725544832808,0.0003178530672542716,false,false,0.028312603144096102,0.03929176757532917,1.5,10.99998914766592,stalled,1,2026-08-06T09:11:42.014
eb4b4e6365124e39da741e1c65baac2e3bf4c6a6aacd53a4c6595e7a7cc7dfa6,post-1d76492_design-aware-lift,55caa5d,0.2,0.01,1.0,0.0,7.72084287079497,1.5,2.77737817489978,10.413915566021222,0.009771190430669513,8.51609727385134,25.0,25.0,0.1,0.8655713541830079,-2.0,10,1,-4.302042484086367,12.298373876248846,8.160446546848037,0.7907733589189476,55.70731354281845,16.477418919325576,true,false,0.046820747223950375,1.2177640907972527,1.5,10.67358213812608,stalled,5,2026-08-06T12:31:15.249
ed4f88843af1c69ed302bfa22e86c860fbe5bf107786c305a324f49fa5fbf74c,post-1d76492_design-aware-lift,55caa5d,0.2,0.03319741979614174,1.0,0.5661475636387459,8.80790614348628,4.216420156436059,2.550688515929336,12.090317617820581,-0.2960847760399563,0.0,25.0,12.777046580353215,1.2739206476882963,2.0,-1.0,12,1,-0.002055732731057962,1000.0,0.002055732731057962,3.610804267309611,20.911126368427283,0.01652611138961814,true,false,0.06521798574643474,0.21172862391986383,1.5,10.999917770690757,stalled,4,2026-08-06T11:57:32.548
f0b215e509216cb58279dd6388bd1d6cff2c009da112743448ec6896eef30a18,post-1d76492_design-aware-lift,55caa5d,0.40033806152585605,0.11416154631671378,1.0,0.18180836664785938,8.848725142466812,7.724645479629334,1.5749762647937284,14.99125300611926,0.15320443705318298,14.263401251967554,15.910194905377761,8.361081878384127,0.21909642501844173,1.1920463885051735,-0.6748194934963134,15,2,-0.6031735991545273,59.036183529278226,0.7677813164298647,1.1784089810089031,21.303434895609115,1.1424534280165926,true,false,0.06637713752293517,0.7822246773952123,1.5,10.969288747342805,stalled,0,2026-08-06T08:45:42.574
f3b70044fbe56033e8bfa17c1a8d65787983445c3d3ec500c067b06f69bf00f3,post-1d76492_design-aware-lift,55caa5d,0.44,0.13752260293208043,1.0,0.0,13.956079265251713,8.0,1.5595503947598246,13.732705586860474,0.3374442821111635,6.159129559698092,11.855180360193005,0.0,0.4235360600192156,1.302020358864327,0.009175044827377521,14,1,-0.0014223357467312001,220.6116669258093,0.0014223357467312001,2.9868351067346315,25.8727195421713,0.03400753561365304,true,false,0.0,0.3348025465969742,1.5,10.99994310657013,stalled,2,2026-08-06T09:40:20.186
