t,hub_z,hub_z_delta,omega_hub,omega_gnd,P_kw,V_hub,tsr,tau_aero,tau_gen,tau_net,T_max,T_lift,lift_margin,FoS_min
0.49999999999993694,30.795813751169746,0.0,1.9681937647273489,8.847910272121739,0.06783820118388083,10.866630213577961,0.9056136658943595,251.19709949024607,7.6671438901937625,243.52995560005232,2771.5364837288607,3448.3129039709393,0.0,2.217962771504421
1.000000000000437,32.906885748487966,0.0,1.1721684550715266,-3.6679547316616605,0.0,10.970046640463039,0.5342586469723751,256.00107648822177,0.0,256.00107648822177,11173.795431835983,3514.2595884912453,0.0,0.5701783122167937
1.500000000000937,32.93591132636564,0.0,1.5375602840349092,3.0954287606339874,0.0029047892899038623,10.971428425263845,0.7007110762780797,256.06557223495525,0.9384125801392762,255.12715965481598,9349.08709993533,3515.144955066591,0.0,1.4042430392209266
2.000000000001437,32.93559894382532,0.0,1.7758741359834878,2.280076434447867,0.0011609149721974004,10.971413559611666,0.809318747458803,256.06487832728794,0.5091561645294239,255.5557221627585,3529.4604207208936,3515.1354294360463,0.0,2.3990598621897132
2.4999999999991616,33.39522893184755,0.0,1.778176108284178,1.5432136229174596,0.00035994018839451695,10.993156807656664,0.8087650069021528,257.08082748946254,0.23324067585280042,256.8475868136097,3900.9807269137405,3529.081890652416,0.0,3.846124185663316
2.999999999996886,33.2497474089131,0.0,1.8413662463975817,4.076108633559262,0.0066326861004487835,10.986302555741805,0.838028188762753,256.7603467668171,1.6272103363096866,255.13313643050745,4399.8436760143095,3524.6824855095433,0.0,1.5458994780825466
3.4999999999946105,33.152596552162066,0.0,1.9169874911086633,1.6144248757318982,0.00041210294346786147,10.981711037890925,0.8728091116650012,256.54577533007165,0.25526300397287605,256.2905123260988,3305.7750412004216,3521.736952079203,0.0,2.133076286992633
3.999999999992335,33.28746849983586,0.0,1.8804948432749977,0.8497907185539824,6.0101892103226516e-5,10.988082221112547,0.8556974754256057,256.843538451325,0.07072552193261991,256.7728129293924,2701.081768187142,3525.8245009220377,0.0,2.2573707823111753
4.499999999995611,33.27774061377131,0.0,1.7942609756345616,0.024699621319865497,1.475784957055686e-9,10.987623428974539,0.8164918406755125,256.82209060743537,5.9749294855331916e-5,256.8220308581405,4843.708357116824,3525.5300752419753,0.0,2.9032582575787473
4.999999999998886,33.18675196809582,0.0,1.8579334764386135,3.562492165725991,0.004428064601143825,10.98332659503983,0.8457972456530943,256.6212635388877,1.2429682354800184,255.3782953034077,3312.1146127596553,3522.7732178843653,0.0,3.1138575574414653
5.500000000002162,33.28528397753624,0.0,1.8336281302914845,2.070326366854046,0.0008690977664258684,10.987979203426804,0.8343791412162638,256.8387224511599,0.41978780753611405,256.4189346436238,4109.866394856749,3525.7583891892646,0.0,2.404080191793335
6.000000000005437,33.16503304493216,0.0,1.869750246778824,1.2873675550903732,0.00020895841873725204,10.982299451263803,0.8512562669940947,256.57326813308083,0.16231449822625302,256.4109536348546,2965.488367866809,3522.1143600491814,0.0,3.166945912203628
6.500000000008713,33.29464418441721,0.0,1.7985141583979196,2.0847678674753807,0.0008874120226178667,10.988420571215642,0.8183679113580521,256.85935638459944,0.42566466821675836,256.43369171638267,4359.6983164508765,3526.041641898326,0.0,2.5152664934213367
7.000000000011989,33.20278920049532,0.0,1.8687384652470869,2.978272418058739,0.00258729204238132,10.98408466729928,0.8506573473575402,256.6566889034901,0.868722426697198,255.7879664767929,3011.2629814426027,3523.25952024269,0.0,4.052195108772134
7.500000000015264,33.17348801830213,0.0,1.8533264491864798,0.4166708761342149,7.084865855827421e-6,10.982699377232638,0.8437481467572825,256.59195496302834,0.017003506272286948,256.5749514567561,3553.4576537880675,3522.370883858463,0.0,3.4078740125319813
8.00000000001854,33.238055148668415,0.0,1.780486412425466,1.3151016702695795,0.00022275639578363404,10.985750568425658,0.8103617505857059,256.7345464771313,0.16938340268244945,256.56516307444883,4500.937549217126,3524.328311548019,0.0,5.724909629772542
8.500000000021815,33.14699397009009,0.0,1.847567225316645,3.765405501994902,0.005228624491771696,10.98144589858999,0.8412222044247704,256.53338754347595,1.3885953289762774,255.1447922144997,3499.4658062614685,3521.5668985059083,0.0,4.091452151677839
9.000000000025091,33.150426394356046,0.0,1.8522455511280764,1.0693446229200565,0.00011975820121550468,10.981608340851754,0.8433398340376492,256.540977103592,0.11199214794617032,256.42898495564583,3352.8354472979813,3521.671084335031,0.0,2.9873884165290185
9.500000000028367,33.18412414802074,0.0,1.8038826775331287,0.7046609226114824,3.426831565270417e-5,10.983202349309632,0.821200693642194,256.6154576629252,0.04863092950536458,256.5668267334199,3889.2653035596295,3522.6935176129814,0.0,4.46344133646923
10.000000000031642,33.15012025161712,0.0,1.833865762361171,3.3856122048429413,0.003800702085363234,10.981593852983973,0.8349724943901763,256.5403002028705,1.1226040832220914,255.41769611964844,3437.746501496175,3521.6617921676557,0.0,4.600830350357319
10.500000000034918,33.11170618853801,0.0,1.8463949420482457,1.6336455039831546,0.0004269978220747997,10.979775039114747,0.8408163807867565,256.45532885493975,0.26137728230126644,256.19395157263847,3679.379154038503,3520.4953463920788,0.0,2.5659405413754994
11.000000000038193,33.13235231125092,0.0,1.7928643040860275,-0.07055463088766169,0.0,10.980752808242654,0.8163667534434533,256.50100652454677,0.0,256.50100652454677,3930.534424673576,3521.122387460025,0.0,5.325041354017297
11.500000000041469,33.11253631903839,0.0,1.8142205469516852,3.377947865437429,0.0037749484183942873,10.979814362920932,0.8261617578336966,256.45716583569214,1.1175271403738638,255.33963869531829,3639.7099790085413,3520.5205635798798,0.0,5.682633365632195
12.000000000044745,33.065508845060215,0.0,1.8429571339224171,1.979099641436098,0.0007591982085853647,10.977585308579966,0.839418270100794,256.35304769439296,0.38360787536420665,255.96943981902874,3725.1703554671435,3519.0912798385143,0.0,3.06119563215755
12.50000000004802,33.09415286012989,0.0,1.7789427334231454,-0.2647806735931882,0.0,10.978943328945196,0.8101611785958903,256.41647770803456,0.0,256.41647770803456,4004.771049337269,3519.9620165428146,0.0,5.189520883750586
13.000000000051296,33.07869189719535,0.0,1.8034282682589164,3.295367664601508,0.0035048046960686973,10.97821044578151,0.8213671422886151,256.3822454433254,1.0635549816540775,255.31869046167134,3670.8647386654798,3519.492092485696,0.0,5.872782203547544
13.500000000054571,33.02732321165651,0.0,1.837738159414519,2.0872474332469295,0.0008905821807535752,10.975773348534103,0.8371793499452879,256.2684274192234,0.4266778181483651,255.84174960107507,3785.321730738669,3517.929653420866,0.0,3.1069829368841035
14.000000000057847,33.056975324916536,0.0,1.7742610375553671,-0.30230593884873,0.0,10.977180537170913,0.8081588125235651,256.33414326898685,0.0,256.33414326898685,4084.9050518951144,3518.8317689834835,0.0,5.30570860097567
14.500000000061123,33.041394465117286,0.0,1.7966350367539816,3.294324784617167,0.0035014782683924907,10.976441257409206,0.8184050707424118,256.2996177799511,1.0628819249221042,255.23673585502902,3783.709058003292,3518.357819683912,0.0,6.337892870703943
15.000000000064398,32.98969797563226,0.0,1.8323870829364937,2.08329667786894,0.0008855346477696801,10.973986222908245,0.8348776122533202,256.18498061804,0.42506410977217,255.75991650826785,3847.743832629467,3516.7841358894143,0.0,3.7308387584161657
15.500000000067674,33.02356248459359,0.0,1.7678906544072535,-0.32443045093708056,0.0,10.975594799821284,0.8053735066987168,256.2600897788172,0.0,256.2600897788172,4092.6976951801607,3517.8151983055013,0.0,4.971071522960575
16.000000000070948,33.008121368505215,0.0,1.792095402141078,3.3496510956476153,0.003680873669021674,10.974861516450016,0.8164546766512449,256.22584926816194,1.0988827086511888,255.12696655951075,3747.442060900361,3517.345161052003,0.0,5.760293316343229
16.50000000005202,32.954005148979945,0.0,1.8273693342488475,1.9450067283334824,0.0007206352772870327,10.972289267465172,0.8327201779428697,256.10575673785354,0.37050528761125995,255.7352514502423,3909.978158055634,3515.696588585309,0.0,3.4132840054601763
17.00000000003309,32.988825719051064,0.0,1.7639915296226654,-0.32709608239718135,0.0,10.97394477169875,0.8037180641604423,256.18304528533054,0.0,256.18304528533054,4111.772909169935,3516.7575685732745,0.0,5.232629762191722
17.50000000001416,32.974063199654424,0.0,1.7899659855406305,3.468865596662659,0.004088035079059664,10.973243087556817,0.8156048176725322,256.1502851727089,1.1784933619200173,254.9717918107889,3765.199392871095,3516.3078535116033,0.0,5.497527182134648
17.999999999995232,32.91804717443238,0.0,1.822477353802874,1.6980009454477578,0.0004794750106512825,10.970578112244706,0.8306204719369954,256.0258823342699,0.28237617413389976,255.743506160136,3935.0753200674517,3514.6001112090444,0.0,3.1401289012962037
18.499999999976303,32.95602423345478,0.0,1.7617860800931529,-0.10605904972988948,0.0,10.972385303470965,0.8028272938682876,256.1102399374803,0.0,256.1102399374803,4106.935162089883,3515.758131792438,0.0,5.132635323933491
18.999999999957375,32.93863550899717,0.0,1.789054567918045,3.6234216286055343,0.004659172729638325,10.97155805847374,0.8153147248472572,256.0716233701205,1.285848903935421,254.78577446618507,3778.4310227201468,3515.2280221382894,0.0,5.428081421040563
19.499999999938446,32.88660745323831,0.0,1.816779136121355,1.3692323749243485,0.0002514106507639667,10.969080656718182,0.8281364651141664,255.95599336345714,0.18361430489682762,255.77237905856032,3908.933079238056,3513.640709048798,0.0,3.305652922085601
19.999999999919517,32.92184821622248,0.0,1.7656088258650748,0.39999603119984306,6.267859330113643e-6,10.970759070568267,0.8046885427471242,256.0343286341978,0.01566980380108357,256.0186588303967,4125.608116941069,3514.716057950035,0.0,5.132682446256827
20.499999999900588,32.90126027000512,0.0,1.7897346309086186,3.761129863135402,0.0052108333126100305,10.969778714414337,0.8157569434636358,255.9885717976691,1.3854436039775844,254.6031281936915,3793.3441151437055,3514.087930116685,0.0,4.85878160741375
20.99999999988166,32.85724805162905,0.0,1.809195354480202,0.9773594780739039,9.14355709613564e-5,10.967681177225963,0.8247848042104552,255.8906857366463,0.09355367499126295,255.79713206165505,3753.442520267872,3512.7441973744317,0.0,3.986165124149253
21.49999999986273,32.88383388055231,0.0,1.7626053932483707,0.8912755196897008,6.934068515173034e-5,10.968948494181683,0.8034523063825665,255.9498255558561,0.0777993825925696,255.87202617326355,4507.344467618376,3513.556040354043,0.0,3.771630964957958
21.9999999998438,32.859100213227194,0.0,1.7908286981068242,3.8507643387841486,0.0055923329240448825,10.967769496191723,0.8164051490727644,255.89480695267028,1.4522656885855085,254.44254126408478,3835.069177455841,3512.8007714448504,0.0,4.2554307917313015
22.499999999824873,32.83429804629854,0.0,1.79689531070394,0.5040478271400685,1.2542018442568197e-5,10.966586468895107,0.8192591723051351,255.83960626397393,0.024882595990405747,255.81472366798351,3738.6165347706683,3512.0430029533914,0.0,4.810070294788156
22.999999999805944,32.835336661139635,0.0,1.7189639035334239,1.3184746083917578,0.0002244747546677573,10.966636024676424,0.7837243342742118,255.8419184438416,0.17025337707607882,255.6716650667655,5101.817247314501,3512.074743445978,0.0,3.5376685997925597
23.499999999787015,32.81529418482444,0.0,1.7955726186766812,3.808647584284528,0.005410838375466232,10.965679493931713,0.8187238281359268,255.79729035775816,1.4206718410474,254.37661851671075,3953.187423207388,3511.462110555577,0.0,4.247686207581218
23.999999999768086,32.814115507700514,0.0,1.7753768813930124,-0.0032925959274871654,0.0,10.96562322576749,0.8095193701444874,255.79466522047937,0.0,255.79466522047937,3925.1324988466363,3511.4260739342485,0.0,4.391490450149
24.499999999749157,32.792260445264574,0.0,1.719575458568213,1.8754306450110099,0.0006460337678533725,10.964579585981639,0.78415020160313,255.74597764833496,0.3444722253909741,255.40150542294398,4733.917265470164,3510.7577143726558,0.0,4.522769339333153
24.99999999973023,32.77021443176218,0.0,1.794374509435046,3.3738770250241332,0.003761317035146748,10.963526223552435,0.8183382211374086,255.69684119728953,1.1148352495508764,254.58200594773865,4144.005046225955,3510.0831928175135,0.0,4.341496088390493
25.4999999997113,32.78961972090514,0.0,1.7485330285390799,-0.3503567318397943,0.0,10.964453443709273,0.7973644274727986,255.74009321055127,0.0,255.74009321055127,4202.105088183177,3510.6769356423947,0.0,3.62764794022788
25.99999999969237,32.77237189065746,0.0,1.7386153872129917,2.789117633311073,0.00212496943880694,10.96362933412849,0.7929013897801553,255.70165081274232,0.7618787438105662,254.93977206893175,4458.599482946148,3510.1492169040284,0.0,4.7687205820996335
26.49999999967344,32.73142587073223,0.0,1.7942749843272394,2.49817819198407,0.001526941619794159,10.961671423841654,0.8184312934360942,255.61033138293925,0.6112220596167528,254.9991093233225,4252.766432865784,3508.8956277152506,0.0,4.471979106354414
26.999999999654513,32.75944344731346,0.0,1.7324370261230342,-0.48737733162899444,0.0,10.963011363116744,0.7901282634584941,255.67282609608932,0.0,255.67282609608932,4381.007264638901,3509.753525064475,0.0,4.033648485273891
27.499999999635584,32.74618965220793,0.0,1.7549597406853394,3.5189019718756254,0.004267501673770074,10.96237762347074,0.8004466735974887,255.64326755278483,1.2127367309113857,254.43053082187345,4132.823591527269,3509.347759605771,0.0,4.467866874146952
27.999999999616655,32.698557199341394,0.0,1.7901956649232245,1.4591203950717622,0.00030424649101368684,10.96009822742938,0.8166877831637386,255.53696731561192,0.20851363056900005,255.32845368504292,4233.683379270353,3507.888521102293,0.0,3.109205048104964
28.499999999597726,32.72760780648636,0.0,1.7420946145506055,0.5032799121166787,1.2484782571994062e-5,10.961488748991659,0.7946432525923359,255.6018120270735,0.024806836655740856,255.57700519041776,4455.038166489013,3508.7786780975007,0.0,3.897388099885605
28.999999999578797,32.70596919333071,0.0,1.7635045646112084,3.84902658819515,0.005584765313472763,10.960453106746005,0.8044852468397479,255.55351575351864,1.45095524426905,254.1025605092496,4132.6962177573705,3508.1156900946503,0.0,4.370477081175902
29.49999999955987,32.67926289063941,0.0,1.7744432051275145,0.4689644974007049,1.0101179586241474e-5,10.959174110573022,0.8095697664916166,255.49387717927928,0.021539326840791875,255.4723378524385,4044.816489270476,3507.2970004459994,0.0,4.445140003550657
29.99999999954094,32.673203926355846,0.0,1.6874850260848424,1.3710858138747888,0.00025243298709845275,10.958883814982759,0.7699164689462936,255.48034189590587,0.18411173432322128,255.29623016158266,5365.654348016967,3507.111194589122,0.0,3.140775447401049
30.49999999952201,32.65620898397362,0.0,1.7742013468655324,3.666966618513383,0.004829176334603374,10.958069311230137,0.8095410315790214,255.44236686711272,1.3169403588847393,254.12542650822797,4223.659858999477,3506.589891667705,0.0,3.641096175554188
30.999999999503082,32.665347622056636,0.0,1.736666163608941,-0.32072717437305925,0.0,10.958507336972529,0.792382625756732,255.46278881654518,0.0,255.46278881654518,4325.9419966734395,3506.8702343623263,0.0,3.5786495527166675
31.499999999484153,32.64694960081118,0.0,1.713730739595443,2.5932229733773653,0.0017079367184207688,10.957625390861006,0.781980893882696,255.4216709270367,0.6586154511026808,254.763055475934,4744.386648450174,3506.3057877613737,0.0,4.488320435072591
31.999999999465224,32.61137300377938,0.0,1.7771557506522293,2.5735653304436856,0.0016693899183845668,10.95591874613445,0.8110482524705007,255.3421135255944,0.6486681719856562,254.69344535360875,4481.798399914214,3505.2136620379624,0.0,3.789012218931338
32.499999999446295,32.63809354481384,0.0,1.715313427921437,-0.5232389738451071,0.0,10.95720070612706,0.7827334161006406,255.40187255313077,0.0,255.40187255313077,4579.197265843934,3506.034005211512,0.0,3.481481840000618
32.99999999942737,32.624849657958016,0.0,1.738790234311213,3.636150235707663,0.004708446614177207,10.956565422306937,0.7934923798160034,255.3722576947346,1.2948988102690029,254.0773588844656,4359.878207281347,3505.62746668633,0.0,4.049159398116307
33.49999999940844,32.582236477579826,0.0,1.7717754309232188,1.1480540761731834,0.00014819693748002987,10.954519848922452,0.8086960703702137,255.27691140521165,0.1290853284315803,255.14782607678006,4262.796802886315,3504.318598705071,0.0,3.5679307369465603
33.99999999938951,32.59936498520977,0.0,1.7063864760853897,0.863348003778825,6.30245657258987e-5,10.955342349316677,0.7787919453707546,255.3152468586315,0.07300018700459579,255.2422466716269,5174.050985294663,3504.8448493623264,0.0,2.9023626207274824
34.49999999937058,32.57732536931682,0.0,1.7522581698774362,3.8673043922882786,0.005664704547696927,10.954283952160434,0.7998049792802071,255.26591715822227,1.4647682140027074,253.80114894421956,4321.168450634312,3504.1676749729113,0.0,3.733501883690743
34.99999999935165,32.57176789354644,0.0,1.7348107982003649,-0.13803519977807133,0.0,10.954016971464432,0.7918605579668184,255.2534744934113,0.0,255.2534744934113,4381.342845654293,3503.9968680578845,0.0,3.442207452664499
35.49999999933272,32.55204694823195,0.0,1.687694457617669,2.1495172421212967,0.0009726912153203471,10.953069263595246,0.7704207911964297,255.20930891240576,0.45251612606764957,254.7567927863381,4994.100519367836,3503.390584214633,0.0,3.8733649767845875
35.99999999931379,32.52791440106849,0.0,1.7632611538412568,2.8791279127427734,0.0023374109498501953,10.951908882403078,0.8050017457113652,255.1552374209753,0.8118468580381631,254.34339056293715,4588.142431434168,3502.6483167998613,0.0,3.723571797102391
36.499999999294864,32.55036828225193,0.0,1.702699249069484,-0.6136262778615023,0.0,10.952988571056705,0.7772761005014057,255.20554861277785,0.0,255.20554861277785,4695.26384636895,3503.3389646308237,0.0,3.306954583181229
36.999999999275936,32.536036200084176,0.0,1.723661290652592,3.608724129862504,0.004602706104982179,10.952299490582227,0.7868947028588613,255.17343835764981,1.2754386146877752,253.89799974296204,4500.697128895243,3502.8981705001074,0.0,3.8742038318715704
37.49999999925701,32.495906878031256,0.0,1.7597696508042324,1.1530093526701986,0.00015012419257226091,10.950368704629742,0.8035207298820056,255.08347700062276,0.13020205970107318,254.9532749409217,4455.51351417049,3501.6632242808873,0.0,3.4953677376176877
37.99999999923808,32.510418405132405,0.0,1.6829071288599546,0.8930495992165535,6.975557677223614e-5,10.951067149377204,0.7683758605003453,255.11601789514498,0.07810940941402437,255.03790848573095,5435.292172555887,3502.1099300219776,0.0,2.7229934687873985
38.49999999921915,32.48830545223896,0.0,1.740772105226298,3.8358596562687444,0.0055276472651686216,10.95000273871032,0.7948729086031829,255.06642729174467,1.441045231186985,253.62538206055768,4504.222397071226,3501.4291740818494,0.0,3.631557224418006
38.99999999920022,32.486935462287356,0.0,1.7144515453379672,-0.32331347020288376,0.0,10.949936773590034,0.7828591072201547,255.0633541533577,0.0,255.0633541533577,4582.409662529716,3501.386987516889,0.0,3.213097587179182
39.49999999918129,32.47096782892002,0.0,1.6844647372193735,2.564014242496718,0.001650872351369184,10.94916775492813,0.7692204443854692,255.02752899827732,0.6438623951486483,254.38366660312866,5057.022784272456,3500.895197027266,0.0,3.8402574971180368
39.99999999916236,32.44080049134555,0.0,1.7534663605062348,2.4046209604260604,0.001361733367925623,10.94771397788641,0.8008367610115271,254.9598108736556,0.566298551969848,254.39351232168576,4763.49255405267,3499.965595198902,0.0,3.542749815129077
40.499999999143434,32.46450936950724,0.0,1.6932889483798543,-0.25065341574268635,0.0,10.94885661639893,0.77327204460952,255.01303515460998,0.0,255.01303515460998,4818.803296547909,3500.696232515941,0.0,3.3186100032348045
40.999999999124505,32.44479297933207,0.0,1.7186628399175274,3.833659157919063,0.0055181396684712645,10.947906444122365,0.7849276246054472,254.96877559205535,1.4393923510577684,253.5293832409976,4591.005980808685,3500.088658539207,0.0,3.6582250763867226
41.499999999105576,32.41769232372275,0.0,1.736987601672705,0.4173822468453709,7.121215232591102e-6,10.946599601325584,0.7933914023229477,254.90790838930124,0.01706161506967335,254.89084677423156,4491.064088208222,3499.2531028695307,0.0,3.81402530838809
41.99999999908665,32.4087670432233,0.0,1.6434081774786256,1.4735688989620563,0.00031337441381090346,10.946169003114779,0.7506773269309961,254.88785453980654,0.21266356397154978,254.675190975835,5739.1054694188715,3498.977813273721,0.0,2.887083951825334
42.49999999906772,32.393727032895946,0.0,1.7389008053867876,3.3160392771040716,0.0035711754891496576,10.94544317108874,0.7943492000305272,254.85405282634392,1.076940045254349,253.77711278108956,4786.169030588832,3498.513799616932,0.0,3.2841102648879557
42.99999999904879,32.40742628799701,0.0,1.6847015647518793,-0.6744493792980664,0.0,10.946104309890194,0.7695439021304098,254.8848417106632,0.0,254.8848417106632,4909.448402966692,3498.936454605037,0.0,2.8245513303254706
43.49999999902986,32.39328388755518,0.0,1.6981736762106494,3.5282586091748573,0.0043016336821145645,10.945421780480896,0.7757461111453116,254.8530567081074,1.219194554199805,253.6338621539076,4806.627451574614,3498.5001253851196,0.0,3.5471398671226533
43.99999999901093,32.35517671438859,0.0,1.7400172001513525,1.1831583209107996,0.000162211179203203,10.943581409911001,0.7949944058420922,254.7673615848662,0.1371001465622388,254.63026143830396,4662.426042824946,3497.3237439703676,0.0,3.0725765920241046
44.499999998992,32.366162175770505,0.0,1.6489836392392245,0.9184093120474646,7.586841827757328e-5,10.944112138854068,0.7533656537495447,254.7920729999256,0.08260850285635203,254.70946449706926,5760.582735861557,3497.662970384995,0.0,2.576704491198086
44.999999998973074,32.345820820099625,0.0,1.7221239391121823,3.7409995682313206,0.005127612156939018,10.94312928671394,0.7868516829107621,254.7463110986845,1.3706529667853622,253.37565813189912,4755.92680766831,3497.0347730257085,0.0,3.342847024514651
45.499999998954145,32.3486169648064,0.0,1.6841965592327646,-0.5688727371914045,0.0,10.94326442203193,0.7695128685011,254.75260279741366,0.0,254.75260279741366,4880.876552565727,3497.1211424382527,0.0,2.822422850694125
45.999999998935216,32.33574029700232,0.0,1.6773615092541199,3.1348941334494187,0.0030173162499066374,10.942642020391485,0.7664335112710333,254.72362535106075,0.9624938264140337,253.76113152464671,5076.640528189783,3496.7233539988724,0.0,3.4193818563407343
46.49999999891629,32.29945650229943,0.0,1.7345758429906823,1.6770858208560444,0.00046197455497005367,10.94088707748955,0.7927034758267018,254.64192852295642,0.275462680099606,254.36646584285683,4898.538087196576,3495.601859255752,0.0,3.2201822373259823
46.99999999889736,32.31978395068067,0.0,1.6708706633402493,0.5312452254375977,1.468376122901408e-5,10.94187046579764,0.763521496878937,254.68770600831758,0.027640269551446345,254.66006573876612,5470.63546111396,3496.230270546339,0.0,2.633390484175743
47.49999999887843,32.29460183147604,0.0,1.7075714239296547,3.880813478129557,0.005724275191945076,10.940652142855447,0.7803791774171097,254.63099274314692,1.4750194061643014,253.1559733369826,4826.495705087801,3495.451738132902,0.0,3.391352884665261
47.9999999988595,32.29073758361347,0.0,1.6820008252465433,-0.4638009579003623,0.0,10.940465116641171,0.7687062694839677,254.62228718100263,0.0,254.62228718100263,4934.761179733362,3495.332232364964,0.0,2.8165598213262304
48.49999999884057,32.27757762721157,0.0,1.6609012912939718,2.8735904152314173,0.0023239500728460295,10.939828042322514,0.7591075860006682,254.59263421918268,0.8087269711535685,253.78390724802912,5273.749264370217,3494.9251707743156,0.0,3.319764209150173
48.99999999882164,32.245793715229944,0.0,1.7274188418433456,1.9074982731655594,0.0006797428603658843,10.93828846245525,0.7896202627004055,254.52098078706382,0.35635306722339916,254.1646277198404,5015.299763558076,3493.9415469383284,0.0,3.4184653269778695
49.499999998802714,32.26675673555871,0.0,1.6684843625278944,0.3624307566996557,4.6625911140353744e-6,10.939304035458123,0.7626099234100044,254.56824533621747,0.012864777692968364,254.5553805585245,5385.014628084036,3494.5903719250723,0.0,2.5746892312633367
49.999999998783785,32.24087019435165,0.0,1.6978068892020401,3.9092395259387116,0.0058509857176413235,10.938049855847916,0.7761012756283632,254.50987672347182,1.4967068860372141,253.01316983743462,4885.838425406933,3493.7891156966907,0.0,3.2590385170486993
50.49999999876486,32.23517880848072,0.0,1.6749331817168687,-0.46322080257735365,0.0,10.937773997587287,0.7656645593913051,254.49703937723584,0.0,254.49703937723584,5045.579499671705,3493.6128907849866,0.0,2.7938145329050186
50.99999999874593,32.22206313493183,0.0,1.65231951704346,2.8750648635579816,0.0023275291870606097,10.937138129304476,0.7553710566278344,254.46744982975656,0.8095571048022272,253.65789272495434,5307.07376441748,3493.2066997158936,0.0,3.351803361802995
51.499999998727,32.191395359232125,0.0,1.7197763634329428,1.857516356730803,0.0006276971177253106,10.935650441484597,0.7863164484980877,254.39822836168014,0.33792279430047484,254.06030556737966,5062.661231264249,3492.256460712003,0.0,3.272773850897597
51.99999999870807,32.21013836357642,0.0,1.6547844724614211,0.43207305499239873,7.89993913249762e-6,10.936559805237987,0.756537934199781,254.4405395433883,0.01828380418824451,254.42225573920004,5562.121516146398,3492.8372882540493,0.0,2.469233328357059
52.49999999868914,32.18438159294757,0.0,1.6914369813827683,3.8771669893152567,0.0057081544235333525,10.935310034373517,0.7733831853262452,254.38239069045818,1.4722487938394073,252.91014189661877,4973.628458053021,3492.039048782667,0.0,3.197302811722586
52.99999999867021,32.18110831196044,0.0,1.6624955565201225,-0.5831960568527679,0.0,10.935151146735059,0.7601612150630853,254.37499850430873,0.0,254.37499850430873,5128.735418709172,3491.9375724083798,0.0,2.6069858967432413
53.49999999865128,32.16875033355176,0.0,1.6512930414513456,3.1345493439363907,0.0030163207860670737,10.934551155824206,0.7550803951252251,254.34708512699095,0.9622821194064073,253.38480300758454,5340.071603749103,3491.5543909966777,0.0,3.1184271651553934
53.999999998632354,32.135251982780495,0.0,1.71175826206535,1.5313811057955078,0.00035172403573804375,10.932923786754445,0.7828456026279058,254.27138274612483,0.22967766443437562,254.04170508169045,5099.610688882983,3490.5151851406713,0.0,3.1153162103568253
54.499999998613426,32.14780154371146,0.0,1.6184111135339594,0.7225546374734728,3.6945731742239975e-5,10.933533621868623,0.7401134754352916,254.29974989574634,0.05113209413675151,254.24861780160958,6019.2036429212885,3490.9045957202006,0.0,2.212822590637678
54.9999999985945,32.12604130689199,0.0,1.689110832791626,3.7053585873141883,0.004982449715238034,10.932476071980874,0.7725197940842935,254.250557809298,1.3446606037796571,252.90589720551833,5096.51133477927,3490.2293104290197,0.0,3.0408347338941164
55.49999999857557,32.12969294921328,0.0,1.6488238887730033,-0.7656652672491362,0.0,10.9326535850605,0.7540821978600537,254.25881452362907,0.0,254.25881452362907,5241.0466013805935,3490.3426546301675,0.0,2.598660918777106
55.99999999855664,32.1146460177918,0.0,1.654619178514476,3.544008931314675,0.0043594993512411796,10.93192201470895,0.7567832885599524,254.22478765441426,1.2301039404051368,252.9946837140091,5216.602246032766,3489.875550143558,0.0,3.19075794758333
56.49999999853771,32.08265472602737,0.0,1.6995333718292238,0.9094161202249884,7.366142886065044e-5,10.930365645578634,0.7774366507659741,254.1524052415702,0.08099859593694765,254.07140664563323,5026.510697523027,3488.881919210967,0.0,3.0952626762610227
56.99999999851878,32.08057388902472,0.0,1.587372528589063,1.211048727959045,0.00017395505271393892,10.930264367258973,0.7261363839213044,254.1476954248771,0.14364001108948088,254.00405541378763,6303.992180601468,3488.817265113802,0.0,2.2811917426364814
57.49999999849985,32.065538311343175,0.0,1.692994597770464,3.229486722215294,0.003298775073488795,10.92953238953129,0.7745045887745741,254.11365704898787,1.021454911332155,253.09220213765573,5284.956691809267,3488.3500026691027,0.0,2.8904814344620466
57.999999998480924,32.07596467322696,0.0,1.6333828510866568,-0.7821460058831694,0.0,10.930040007852394,0.7471989351883418,254.13726203754086,0.0,254.13726203754086,5411.126527872677,3488.6740405930695,0.0,2.556735102172312
58.499999998461995,32.054880528351994,0.0,1.6582332508442255,3.873728042885745,0.005692978937559322,10.929013357988994,0.7586381297777783,254.08952246263797,1.469638259199611,252.61988420343837,5214.905397225782,3488.0186946814256,0.0,3.059850492357418
58.999999998443066,32.03396277222434,0.0,1.6716896213659884,0.00973287098284381,9.029736844410794e-11,10.927994237952028,0.764865713215856,254.04213746241336,9.277567595756243e-6,254.04212818484578,5164.677774213847,3487.368216200343,0.0,2.827586385140932
59.49999999842414,32.022907288877605,0.0,1.6021393896278662,2.1303732982899426,0.000946933158947241,10.927455380702625,0.7330798130995663,254.01708454430698,0.44449165773310584,253.5725928865739,5826.813526411329,3487.0243017962202,0.0,2.8194193663724207
59.99999999840521,32.00340606352113,0.0,1.6939773775691387,2.328543396431033,0.0012365315528306685,10.926504479231129,0.7751689393387498,253.9728775992326,0.5310322129816885,253.4418453862509,5365.586046291128,3486.417450126935,0.0,3.1145992316970386
60.49999999838628,32.020498589219514,0.0,1.6322199275026081,0.1035035458184532,1.0859701264015508e-7,10.927337956695888,0.7468515817717714,254.01162535137567,0.0010492105539131567,254.01057614082177,5589.577923113805,3486.949360622661,0.0,2.460370875807815
60.99999999836735,31.99271864350199,0.0,1.6615463009795115,3.916616161007811,0.005884170238797161,10.925983138029778,0.7603646646662905,253.94864233413318,1.502360710599495,252.44628162353368,5269.314222846171,3486.0847600698316,0.0,3.0203732401144068
61.49999999834842,31.98788128370145,0.0,1.6344712889687838,-0.6955573382005185,0.0,10.925747118535849,0.7479906276596204,253.93767102254995,0.0,253.93767102254995,5381.549825297691,3485.934151183891,0.0,2.419561123189586
61.99999999832949,31.97488189491057,0.0,1.6287763000772306,3.353291021523439,0.003692886267976748,10.925112714096912,0.7454276869727783,253.90818205363212,1.101272226082849,252.80690982754928,5523.089282979943,3485.5293408088887,0.0,2.875335259639718
62.499999998310564,31.943994362629898,0.0,1.6837344846476974,1.0837595549207808,0.0001246668575998581,10.923604433942952,0.7706863127594696,253.8380796672118,0.11503184173446189,253.72304782547732,5257.090935280726,3484.5670089818764,0.0,3.0252140964076184
62.999999998291635,31.94393392485403,0.0,1.566186137077512,1.1253507316536255,0.0001395776516551034,10.923601481459105,0.7168817627299192,253.83794245009938,0.12403035580738783,253.713912094292,6476.876629388114,3484.5651253313877,0.0,2.19966331458623
63.499999998272706,31.92846762897578,0.0,1.675177078301061,3.1747623116585317,0.0031339051094565443,10.922845770261393,0.7668226364881524,253.80282188288382,0.9871306264245517,252.81569125645927,5459.7393745051395,3484.0830070849197,0.0,2.771407083076568
63.99999999825378,31.937985968571084,0.0,1.614029881107996,-0.6988936117331038,0.0,10.923310890675602,0.7388006700815275,253.824437383006,0.0,253.824437383006,5596.785288086421,3484.3797342690636,0.0,2.5124172247237033
64.49999999823486,31.91363113889272,0.0,1.6417545622400074,3.950744472110645,0.006039333570215141,10.9221205375881,0.7515731750945093,253.76912004505635,1.5286570956052463,252.2404629494511,5392.876840805237,3483.620364472787,0.0,2.885168451385855
64.99999999821593,31.898431423643522,0.0,1.6372253080331403,-0.3704767680702171,0.0,10.92137725010286,0.7495507528676022,253.7345815152557,0.0,253.7345815152557,5461.91171991607,3483.14623615587,0.0,2.3839676255650484
65.499999998197,31.888589445390053,0.0,1.599783937071032,2.779480979951593,0.002103019568512023,10.920895801559336,0.7324417182162875,253.7122111769157,0.7566231190934966,252.9555880578222,5816.870346323674,3482.839146915906,0.0,2.800717092679385
65.99999999817807,31.861957206004284,0.0,1.6764571269299249,1.6494382010272879,0.0004395014782461454,10.91959237040015,0.7676372295152311,253.6516526526192,0.2664552560819915,253.3851973965372,5479.286482259012,3482.0078286355547,0.0,2.9574343778209133
66.49999999815914,31.868730811316386,0.0,1.565311123348774,0.7121781186245577,3.537676139181936e-5,10.919923971725883,0.7167225373554401,253.66705844773807,0.04967403584393063,253.61738441189414,6513.6130345316005,3482.2193119775693,0.0,2.040046620877602
66.99999999814021,31.847169902778518,0.0,1.6562512343240081,3.4939443430638755,0.004177343053789043,10.918868249115311,0.7584353966621971,253.61801248285872,1.1955951908855789,252.42241729197315,5531.178038501383,3481.5460325729728,0.0,2.724484531110688
67.49999999812128,31.85259983162603,0.0,1.604165298718265,-0.9113901142433217,0.0,10.91913418145058,0.7345661625092126,253.63036651994602,0.0,253.63036651994602,5670.683056393526,3481.7156228492563,0.0,2.3449992274534286
67.99999999810235,31.831279563603733,0.0,1.6269344858914552,3.9232633383908198,0.005914180488230035,10.918089791815328,0.7450637047842725,253.5818505380789,1.5074645717398663,252.07438596633904,5464.4645380392285,3481.0496187964204,0.0,2.8545948573925792
68.49999999808342,31.813108647456524,0.0,1.6307366470106406,-0.2741781479119836,0.0,10.917199202205794,0.7468658475523439,253.54048283461165,0.0,253.54048283461165,5491.141996154624,3480.481742869655,0.0,2.4258312972041396
68.9999999980645,31.803153110008335,0.0,1.5838463483262657,2.6684386843267007,0.001860903609519039,10.916711078331328,0.7254228571964572,253.5178110130581,0.6973754429694087,252.82043557008868,6023.1049806763995,3480.1705150132098,0.0,2.6019331226425972
69.49999999804557,31.776539052136826,0.0,1.6667979647962823,1.698570228442704,0.0004799574282159696,10.915405537367016,0.763507118031614,253.4571777153389,0.28256554847073223,253.17461216686817,5602.7244478870025,3479.338170279295,0.0,2.9508661980489657
69.99999999802664,31.782583838467044,0.0,1.551854798177242,0.6769054688702846,3.037639719616203e-5,10.915702143954201,0.7108359946578224,253.47095239180388,0.04487539042469025,253.42607700137918,6633.235333693941,3479.5272624093336,0.0,1.9689341422563733
70.49999999800771,31.761858496787504,0.0,1.6474854052230474,3.4326625145991474,0.003961370988727417,10.91468498801601,0.7547104689837296,253.42371631503826,1.1540228530709522,252.2696934619673,5606.328955479597,3478.8788282778332,0.0,2.606482763269932
70.99999999798878,31.768053901876048,0.0,1.5912663319115528,-0.8937207294630126,0.0,10.914989104993062,0.728936289631122,253.43783885330947,0.0,253.43783885330947,5815.953133344349,3479.0726956873523,0.0,2.3056185206219606
71.49999999796985,31.743531208312955,0.0,1.618210260846424,4.007036856798616,0.006301184638815945,10.913785049376221,0.7413606982020015,253.38192740540885,1.5725297430506333,251.8093976623582,5607.5204930316595,3478.305170235559,0.0,2.736907454719601
71.99999999795092,31.728907178102613,0.0,1.612532843021609,-0.5226095499902753,0.0,10.913066635093744,0.7388083006091519,253.34857010480988,0.0,253.34857010480988,5683.5621715059915,3477.8472572647074,0.0,2.208606921137207
72.499999997932,31.718854400264963,0.0,1.583176845602633,3.1053963809300575,0.0029329409679439374,10.912572621708438,0.7253912072269791,253.32563342602955,0.944465893615014,252.38116753241454,5969.754695338265,3477.5323935757024,0.0,2.5367446394856294
72.99999999791306,31.68986993368914,0.0,1.6545783297206258,1.2030763938193283,0.00017054218008792234,10.91114751603389,0.7582054624819382,253.25947263385908,0.14175507138537827,253.1177175624737,5558.362424216001,3476.6241700578316,0.0,2.9537184130499985
73.49999999789414,31.688866983994412,0.0,1.5301249251036428,1.0843993490752186,0.00012488777806801837,10.911098183096856,0.7011782404607385,253.25718249794926,0.11516769921940963,253.14201479872986,6760.226895018299,3476.592732174091,0.0,2.0944150898528267
73.99999999787521,31.670674963920806,0.0,1.649663925667203,2.9631465158652666,0.0025480712796149456,10.910203124402797,0.7560188874840506,253.21563383956118,0.8599207855474149,252.35571305401376,5757.222232898286,3476.022372185249,0.0,2.6042003176492363
74.49999999785628,31.680923244699077,0.0,1.580568218198172,-0.44367346988956463,0.0,10.910707400371313,0.7243197714863026,253.23904192986123,0.0,253.23904192986123,5945.937257374785,3476.3437071847484,0.0,2.2695652959987664
74.99999999783735,31.652268847177456,0.0,1.6159599705288403,4.019463820180943,0.006359991949163023,10.909297083412156,0.7406343223460041,253.17357885399707,1.5822985934668066,251.59128026053025,5704.037147318062,3475.445061580583,0.0,2.731811572426016
75.49999999781842,31.647665860379746,0.0,1.5901195541070563,-0.9336386914537138,0.0,10.909070430824974,0.7288061637286575,253.16305904687783,0.0,253.16305904687783,5814.285368555311,3475.300650730657,0.0,2.2116280831643684
75.99999999779949,31.63011579634921,0.0,1.590490625322133,3.80173105301214,0.005381413512331,10.908206000557723,0.7290340067105504,253.12293956250747,1.4155166257926808,251.70742293671478,5815.9413010327235,3474.749909755002,0.0,2.675088463228907
76.49999999778056,31.60534189930843,0.0,1.626276019007066,0.0801021838962859,5.033676076402595e-8,10.90698505959465,0.7455204211435424,253.06627930693196,0.0006284068463002282,253.06565090008567,5661.319791279068,3473.97210503178,0.0,2.4913229024619743
76.99999999776163,31.598106399501496,0.0,1.5453639382479742,2.3084980986156807,0.0012048715725219638,10.906628315053728,0.7084517293557195,253.04972504620721,0.5219287697245582,252.52779627648266,6336.15132345188,3473.7448561065776,0.0,2.3727059023107135
77.4999999977427,31.57476865840364,0.0,1.645221831403666,1.8732833879449748,0.0006438172962602066,10.9054771761173,0.7543098778871673,252.99631165197235,0.3436838763442437,252.6526277756281,5837.801374912504,3473.011622733426,0.0,2.746728141670237
77.99999999772378,31.58028894092337,0.0,1.523118548977166,0.4838856508213195,1.1096357119583913e-5,10.905749531035502,0.6983098890372855,253.00894854058743,0.022931775515040793,252.98601676507238,6862.852054091709,3473.185095859373,0.0,1.9239831766031577
78.49999999770485,31.556986960079588,0.0,1.6272860736680137,3.386187802507327,0.003802640919817693,10.904599600522953,0.7461466414548471,252.95559551424657,1.1229858299654851,251.8326096842811,5885.1976264274035,3472.4526911876223,0.0,2.6331024166158947
78.99999999768592,31.562959090931265,0.0,1.5631649799821548,-0.8387755389880558,0.0,10.90489438882555,0.7167263268427245,252.96927219404844,0.0,252.96927219404844,6039.968459041708,3472.6404380666268,0.0,2.1810296926726975
79.49999999766699,31.53459960229997,0.0,1.5987791359721584,4.12394433317415,0.006868953515310845,10.903494120054484,0.7331499051444297,252.90431012899478,1.6656271182069748,251.2386830107878,5790.717946287032,3471.7486700977784,0.0,2.678388971889416
79.99999999764806,31.526806688631346,0.0,1.5789972824308283,-0.9461521042172937,0.0,10.903109150665038,0.7241041342480355,252.88645187217628,0.0,252.88645187217628,5878.806866012855,3471.503520541694,0.0,2.14650019353034
80.49999999762913,31.51049989260901,0.0,1.5731824243060284,3.8136570803217777,0.005432217019928886,10.902303332105037,0.7214908521547599,252.84907298084423,1.4244115046312824,251.42466147621295,5969.895718289734,3470.9904011084755,0.0,2.5404875089050147
80.9999999976102,31.485693389748377,0.0,1.6139266036441633,0.04676817203047274,1.0018515647668996e-8,10.901076805296821,0.7402601745086128,252.79218431940293,0.0002142165325841949,252.79197010287035,5764.598155176575,3470.2094609394376,0.0,2.4277234637105236
81.49999999759127,31.47903630237427,0.0,1.5326808437385893,2.4393892968334203,0.0014216593189331525,10.900747512894004,0.7030163949424799,252.7769121972067,0.5827931280909584,252.19411906911574,6447.797158231149,3469.9998125949814,0.0,2.2892464781575574
81.99999999757235,31.454151225140283,0.0,1.6326864556804324,1.6931550617386886,0.0004753816286065474,10.899516045293481,0.7489719951306657,252.71980253679197,0.28076674094951554,252.43903579584247,5952.878692316039,3469.215838658384,0.0,2.7220887582616027
82.49999999755342,31.45689197299526,0.0,1.5020503485715464,0.6458112440483689,2.637964827417319e-5,10.899651715370013,0.6890359379343508,252.72609395894267,0.0408473040958659,252.6852466548468,7025.3845248145035,3469.3022042741914,0.0,1.879700664077868
82.99999999753449,31.433959556886812,0.0,1.62284436307912,3.127554247232333,0.0029961720477496264,10.898516222761781,0.7445253692836532,252.67344022810212,0.957992031761249,251.71544819634087,6038.6241261770965,3468.579399194562,0.0,2.492418209532339
83.49999999751556,31.4411691785654,0.0,1.543146908719546,-0.6371530627445914,0.0,10.898873281803692,0.7079387331238727,252.68999675974925,0.0,252.68999675974925,6310.772387286581,3468.806679293893,0.0,2.0518083095979773
83.99999999749663,31.410775610084837,0.0,1.5915767925651763,4.054744254268152,0.0065289387668953135,10.897367553673734,0.7302574611373102,252.62018107444544,1.6101974273772621,251.00998364706817,5911.906016688378,3467.848283161847,0.0,2.5816249192639233
84.4999999974777,31.408170943628647,0.0,1.5592729810323909,-1.1367819846366785,0.0,10.897238457773417,0.7154440948844714,252.61419576902514,0.0,252.61419576902514,6065.3804385716985,3467.766119769208,0.0,2.0511636510362146
84.99999999745877,31.384940093431666,0.0,1.5693940102137345,4.108453112362091,0.006791836134097659,10.89608665377721,0.7201640644394528,252.5607975315865,1.653137068465362,250.90766046312115,5976.558597129247,3467.0330944612624,0.0,2.504515371140244
85.49999999743984,31.368219085214093,0.0,1.5753420286488518,-0.6308770399463405,0.0,10.895257160541428,0.7229485295464869,252.522345286196,0.0,252.522345286196,5960.474510314337,3466.505240540036,0.0,2.03877456622358
85.99999999742091,31.357745276639292,0.0,1.5411587263375481,3.401824138159679,0.003855562695248404,10.894737384364191,0.7072950324389526,252.49825187261337,1.1333809564106945,251.36487091620268,6302.775382263883,3466.1744977522953,0.0,2.331905257140954
86.49999999740199,31.32972871239303,0.0,1.6119457075625871,0.6282048058475632,2.428040674477221e-5,10.893346294686264,0.7398762804175648,252.43377573610263,0.038650463222759814,252.39512527287988,5864.4164548329845,3465.289400376652,0.0,2.5724963651171278
86.99999999738306,31.32555576667761,0.0,1.499387465323747,1.8158740919662704,0.0005864208342044521,10.893139006685441,0.6882256181636572,252.42416877173375,0.3229413519356191,252.10122741979814,6740.757200849436,3465.157520592735,0.0,2.0974517487820603
87.49999999736413,31.30191065809793,0.0,1.618348960167451,2.0672500636399067,0.0008652293364893306,10.891964006140746,0.7429096163258743,252.36971568173763,0.4185412068464904,251.95117447489113,6116.849203974838,3464.410014776482,0.0,2.734422730125979
87.9999999973452,31.30565634561359,0.0,1.4882192200876403,0.3040491122439974,2.752855487082379e-6,10.892150191952261,0.6831613565093976,252.37834370546042,0.009053982979148549,252.36928972248128,7114.800719791963,3464.5284561342833,0.0,1.8105116768220646
88.49999999732627,31.279893213276225,0.0,1.602927072967949,3.296045318132646,0.003506967306089637,10.890869205146563,0.7359041058956403,252.31898456847676,1.063992441729074,251.25499212674768,6150.688860374871,3463.7136024658116,0.0,2.4598498356254876
88.99999999730734,31.28457939607793,0.0,1.5246617763929544,-0.7740259221440552,0.0,10.891102277404617,0.6999575146567654,252.3297842913727,0.0,252.3297842913727,6437.580150019559,3463.8618558648222,0.0,1.9846613914497397
89.49999999728841,31.253759927101694,0.0,1.5753358763318852,4.074997509653833,0.00662726348198073,10.889568889406597,0.7233233438030666,252.2587368959489,1.6263233207579826,250.63241357519092,6065.630426516931,3462.886551408956,0.0,2.5821838957940217
89.99999999726948,31.25124712400109,0.0,1.541712939652729,-1.1984298351135954,0.0,10.88944381057977,0.7078933352660579,252.25294198414258,0.0,252.25294198414258,6182.003007711903,3462.8070016482325,0.0,2.0492432912808365
90.49999999725055,31.225959879736642,0.0,1.555331213461176,4.176254107441232,0.007133668791646081,10.888184617106504,0.7142288949700505,252.1946071602683,1.7081500809386432,250.48645707932965,6102.096754093114,3462.006209257217,0.0,2.524166133219261
90.99999999723163,31.211963794600187,0.0,1.5536355569378122,-0.8499053313486101,0.0,10.88748729785589,0.71349592170995,252.16230526067827,0.0,252.16230526067827,6137.46577552266,3461.5627843235507,0.0,2.066145903817438
91.4999999972127,31.198063698537656,0.0,1.5321717060790165,3.7143362284118298,0.005018753173171236,10.88679449569462,0.7036835804537973,252.1302146548279,1.3511844013424565,250.77903025348544,6290.221665358376,3461.122259928664,0.0,2.3718623544051565
91.99999999719377,31.172473401752455,0.0,1.5853437355127729,0.0590988283571704,2.021570108453446e-8,10.885518343744423,0.7281893638183163,252.07110862373898,0.00034206602138300607,252.0707665577176,6029.152439473052,3460.3108807761173,0.0,2.4111792922310213
92.49999999717484,31.166352880472733,0.0,1.49930680407747,2.579193332442787,0.0016803660037899783,10.885212988930684,0.688689695645889,252.05696689076578,0.6515083544351761,251.4054585363306,6666.558043922114,3460.1167498709638,0.0,2.213081813040051
92.99999999715591,31.13852244408977,0.0,1.6016744500114994,1.3715539678130821,0.00025269165329982936,10.883823870774068,0.7358050208403396,251.99263841723428,0.1842374848018132,251.80840093243245,6124.428021280326,3459.233679541643,0.0,2.6609264539378334
93.49999999713698,31.136790931344237,0.0,1.4660464101938888,1.0731799476694397,0.00012105140714377746,10.883737409524674,0.67350320713862,251.9886347670331,0.11279693345618087,251.87583783357692,7193.100311588211,3459.1787193582654,0.0,1.9034985481197764
93.99999999711805,31.111901551973556,0.0,1.5997201719111933,2.5159352616924564,0.0015597341468687649,10.882494129199289,0.7349970295958695,251.9310672962479,0.619942083016691,251.3111252132312,6241.365936004933,3458.3884608212024,0.0,2.698040405492661
94.49999999709912,31.11519545758372,0.0,1.4762862399534082,-0.08327606051172008,0.0,10.882658716108883,0.6782746194953991,251.9386877679633,0.0,251.9386877679633,7073.371117097021,3458.4930709898863,0.0,1.847075343557124
94.9999999970802,31.08671000435273,0.0,1.576922011567853,3.49284651619765,0.004173406621343491,10.881234886470798,0.7246061812012355,251.8727674237512,1.1948439766791428,250.67792344707206,6235.743721591771,3457.588148225881,0.0,2.3353759206125817
95.49999999706127,31.08851961045206,0.0,1.5056892985401815,-0.916317000497505,0.0,10.881325371889497,0.6918685211040265,251.8769564533637,0.0,251.8769564533637,6577.012762193018,3457.6456532086113,0.0,1.9749698172328776
95.99999999704234,31.057471103869528,0.0,1.5555486806548033,4.0981890155562,0.006741059323996562,10.879772232650014,0.7148810873019142,251.80505858203347,1.6448873632739642,250.1601712187595,6229.753948347909,3456.658673828756,0.0,2.4192455363195133
96.49999999702341,31.054136036077832,0.0,1.5219081535553474,-1.249632574409807,0.0,10.87960532342997,0.6994316927461581,251.79733263655467,0.0,251.79733263655467,6398.173594205442,3456.5526157670038,0.0,1.9753914328650868
96.99999999700448,31.02764287474803,0.0,1.538100309074044,4.215752169856496,0.007337994990803407,10.878278881388926,0.7069594031577452,251.73593809188384,1.740613464726792,249.99532462715706,6278.823959140019,3455.7098210012555,0.0,2.3694240112121934
97.49999999698555,31.01541495526141,0.0,1.531886987444915,-1.0259484958816847,0.0,10.87766633455651,0.7041432143300667,251.7075888076402,0.0,251.7075888076402,6308.40305576319,3455.3206556690357,0.0,1.9448826523601217
97.99999999696662,30.998061906209063,0.0,1.5192243262341996,3.9343334280250355,0.005964385186177337,10.876796693465595,0.6983785617446069,251.66734368422183,1.5159836590594586,250.15136002516238,6422.251929954725,3454.7681899809872,0.0,2.2662788968442458
98.4999999969477,30.97577506525083,0.0,1.5484659978321291,-0.42605293660012455,0.0,10.875679185049336,0.711893929328472,251.61563251687505,0.0,251.61563251687505,6228.427033590884,3454.0583239594325,0.0,2.019204365854898
98.99999999692876,30.966709282890182,0.0,1.495163929136455,3.226498491533045,0.0032896265151164637,10.875224410726714,0.6874175063742632,251.5945899806912,1.0195654898798432,250.57502449081136,6676.079502602362,3453.76946214852,0.0,2.1286259330998925
99.49999999690984,30.937529859202037,0.0,1.5759473238829986,0.5630633492233523,1.748332263779328e-5,10.873759884035719,0.7246561174284901,251.52683189711144,0.031050365224283335,251.49578153188716,6146.543025398822,3452.8393117828077,0.0,2.4007125421874984
99.9999999968909,30.932062470194687,0.0,1.4644047890972283,2.0725609458675383,0.0008719149520051096,10.873485341946889,0.6733833462983396,251.51413089381342,0.4206944812617518,251.09343641255165,6957.627341525784,3452.664958521344,0.0,1.976288819172192
100.49999999687198,30.904512939791886,0.0,1.5826658030569802,1.628431092279638,0.0004229220728529056,10.872101323471412,0.7278564446599741,251.45010762265483,0.2597113717970453,251.1903962508578,6365.18713087225,3451.786077863333,0.0,2.6449050449057188
100.99999999685305,30.901928805506238,0.0,1.4418789515763146,0.874817090195181,6.55698168259028e-5,10.871971448881354,0.6631175212130792,251.44410017595771,0.07495260159043472,251.36914757436728,7409.6694257441795,3451.7036105259026,0.0,1.7711847132668972
101.49999999683412,30.87492245087655,0.0,1.5796704040616947,2.537528499575032,0.0016002394774902481,10.870613593986949,0.7265783069207267,251.38129587545245,0.6306291644638653,250.75066671098858,6441.68627514786,3450.841463310442,0.0,2.649932559589684
101.99999999681519,30.87546292734951,0.0,1.4498999486452127,-0.0570161017423172,0.0,10.870640778632747,0.666887986720675,251.38255315867292,0.0,251.38255315867292,7312.023079553182,3450.858722689478,0.0,1.7472618273204805
102.49999999679626,30.84603545019129,0.0,1.5609142094044417,3.3365717882830728,0.003637923937171427,10.869160054604544,0.7180473015222486,251.31407461299582,1.0903178975338108,250.223756715462,6437.707865972553,3449.918682166786,0.0,2.465124546769984
102.99999999677733,30.846445087521563,0.0,1.4744712000590134,-0.7753274705735501,0.0,10.86918067493619,0.678280748179609,251.31502817048414,0.0,251.31502817048414,6872.036182411354,3449.931772145128,0.0,1.9127910437782638
103.4999999967584,30.814258094774935,0.0,1.5397322067054515,3.915674663399764,0.005879927851722455,10.86755972968516,0.7084075197211078,251.2400754141056,1.501638506049233,249.73843690805637,6409.7265636047005,3448.9028567733617,0.0,2.473085752650066
103.99999999673948,30.812128361449478,0.0,1.4901093379835635,-1.2170422947133186,0.0,10.8674524245833,0.6855835571052431,251.23511400428458,0.0,251.23511400428458,6645.88531093131,3448.834748926805,0.0,1.9828886139480553
104.49999999672055,30.781681338240308,0.0,1.5254612475465081,4.2066295092331725,0.007290460922772384,10.865917677411389,0.7019477290527025,251.16415806376418,1.7330884278661765,249.431069635898,6419.593191555817,3447.860699919845,0.0,2.369248852759541
104.99999999670162,30.77490375684035,0.0,1.5039523841854336,-1.2749330656105986,0.0,10.865575861905356,0.692072101515706,251.14835627766755,0.0,251.14835627766755,6523.36199978348,3447.643780604243,0.0,1.9534331106962275
105.49999999668269,30.7492289721648,0.0,1.5110244016684993,4.200716309288656,0.007259759824159519,10.864280413418307,0.6954093341526127,251.0884735126152,1.728219496305114,249.36025401631008,6468.065178206939,3446.821738821615,0.0,2.285893761146191
105.99999999666376,30.735336605764587,0.0,1.5093513349078054,-1.0611487356782698,0.0,10.863579072736256,0.6946841942246013,251.05605666206083,0.0,251.05605666206083,6455.7001293299945,3446.3767358964237,0.0,1.939188678541423
106.49999999664483,30.716802637614652,0.0,1.4958246205615116,3.9727512625556463,0.006140819290715563,10.862642982763258,0.6885178049831299,251.01279266397262,1.5457346521023347,249.46705801187028,6571.284621979444,3445.782828549614,0.0,2.218940275313573
106.9999999966259,30.695249379508613,0.0,1.5186952264837652,-0.6302266261298686,0.0,10.861553789300812,0.6991150879258905,250.96245725549844,0.0,250.96245725549844,6413.196068570925,3445.091848283836,0.0,1.97365540420559
107.49999999660697,30.683314106621534,0.0,1.478032489921348,3.506576852979512,0.004222817176215621,10.860950358481437,0.6804342350976385,250.93457279670935,1.2042562742144167,249.73031652249492,6733.591268597718,3444.70906385178,0.0,2.147652941570749
107.99999999658804,30.65537712289526,0.0,1.5414730885793109,0.021017077090453733,9.092203468826434e-10,10.85953711638008,0.7097324094294112,250.86927312795171,4.326102735263909e-5,250.86922986692437,6366.985196982061,3443.8126614217404,0.0,2.2516268453169825
108.49999999656912,30.647391761692575,0.0,1.4560134533958968,2.7818090461310008,0.0021083084019971844,10.859132959789727,0.6704096260665413,250.85060040143426,0.7578911302087628,250.0927092712255,6933.32446251596,3443.556331217557,0.0,2.11227864329336
108.99999999655019,30.617028348450308,0.0,1.5546422150937333,0.8374720676897853,5.752586886362263e-5,10.85759537647827,0.7159238124040276,250.77956777080078,0.06868989555951524,250.71087787524127,6352.87086064986,3442.5812294456287,0.0,2.5803627079593703
109.49999999653126,30.610493922851894,0.0,1.4314593254605377,1.8747479643129485,0.000645328531013018,10.857264306560126,0.6592173152658852,250.76427445726554,0.3442214864596564,250.4200529708059,7143.419239827264,3442.3712901966674,0.0,2.0314554657181634
109.99999999651233,30.581245379710673,0.0,1.5574214673109938,1.6014851200798164,0.00040227303105927427,10.855781671773515,0.7173235029958728,250.6957919296831,0.2511874921692843,250.44460443751382,6509.861633482559,3441.4311950122956,0.0,2.651136135308293
110.4999999964934,30.57603018506517,0.0,1.4145554181603057,1.011731883351562,0.0001014258143916571,10.855517181224357,0.6515375520785472,250.68357616080806,0.10024969664459325,250.58332646416346,7508.100470000111,3441.2635028154928,0.0,1.8145206520181194
110.99999999647447,30.546798711856795,0.0,1.5554071685185753,2.2548254863340347,0.0011227705155480066,10.854033979934712,0.7165111014918396,250.61507849339054,0.497941203145367,250.11713729024518,6619.182132585584,3440.3231997987505,0.0,2.6236029395086997
111.49999999645554,30.543304934730457,0.0,1.4134486916580482,0.3066248345441532,2.8234114714335984e-6,10.853856624737318,0.6511274013131052,250.60688844650875,0.009208032596678122,250.59768041391206,7610.028365927084,3440.2107707762657,0.0,1.6933599342242187
111.99999999643661,30.513088648232326,0.0,1.5485525340021973,2.8547590778767713,0.0022785605936531442,10.85232202432986,0.7134659893663733,250.53602805855627,0.7981621325985326,249.73786592595775,6673.535128722814,3439.2380334689765,0.0,2.4229572043433603
112.49999999641769,30.5104167876122,0.0,1.4241557989344744,-0.29003654279078145,0.0,10.852186265352115,0.6561607790871555,250.52975985121063,0.0,250.52975985121063,7454.436912110839,3439.151986534842,0.0,1.7051052322604008
112.99999999639876,30.47852046564096,0.0,1.529491639487445,3.3749065179590914,0.0037647612309219067,10.85056480501895,0.7047981681008787,250.45490051682094,1.1155157071427781,249.33938480967817,6646.399951243646,3438.124353615185,0.0,2.3551764997163085
113.49999999637983,30.47583082844043,0.0,1.440252751298669,-0.7690259965409364,0.0,10.850428009915351,0.6636847643164562,250.44858549291004,0.0,250.44858549291004,7128.5810343891435,3438.03766400577,0.0,1.8077305477328693
113.9999999963609,30.442427124503457,0.0,1.5139496437654827,3.7812212119882807,0.005294786476330522,10.848728232714297,0.697754433187926,250.37012343580918,1.4002847703127008,248.96983866549647,6630.022485647296,3436.960574642389,0.0,2.532253935171449
114.49999999634197,30.43890004383047,0.0,1.4529303389225623,-1.10734293981302,0.0,10.848548660774613,0.6696427256559955,250.36183507690703,0.0,250.36183507690703,6939.5618931657555,3436.846796039798,0.0,1.9839939857680124
114.99999999632304,30.405865617478888,0.0,1.5031833578276454,4.057711994915567,0.00654328520725948,10.846865934397542,0.6929113750086815,250.28417348298674,1.61255535519978,248.67161812778696,6624.576423559926,3435.780695049772,0.0,2.3870887153528835
115.49999999630411,30.40036932839014,0.0,1.4625445454069457,-1.3121926723582813,0.0,10.84658580926484,0.6741958119935226,250.27124624992024,0.0,250.27124624992024,6834.428975250622,3435.6032362149112,0.0,1.9425015187902552
115.99999999628518,30.36922771601865,0.0,1.4930573507323417,4.206120678548647,0.007287815697049382,10.844997818418296,0.6883622181078957,250.19796985447277,1.7326691871247253,248.46530066734806,6615.969509263137,3434.597333119332,0.0,2.3249531377080057
116.49999999626625,30.360755907229255,0.0,1.471532496856706,-1.3438705914306008,0.0,10.84456557762289,0.6784653964807613,250.17802635311526,0.0,250.17802635311526,6717.8103553888195,3434.3235583296487,0.0,1.9426595085510692
116.99999999624733,30.33250429748502,0.0,1.4830876191222913,4.226938021941977,0.007396560846070752,10.843123402503036,0.6838839530222142,250.11149044038487,1.7498626210451411,248.36162781933973,6628.9880191526,3433.410185337241,0.0,2.3283922518689315
117.4999999962284,30.320092597723477,0.0,1.476545070374904,-1.2653418332997355,0.0,10.842489451742356,0.6809068512110138,250.082245410402,0.0,250.082245410402,6671.429413353386,3433.0087236385534,0.0,1.9920337839998246
117.99999999620947,30.295611395466025,0.0,1.4732322867278584,4.1569209463020105,0.007035054895484051,10.84123837624316,0.6794575654549814,250.0245365750206,1.6923715861718331,248.33216498884875,6710.441641247474,3432.216524516339,0.0,2.39708881162652
118.49999999619054,30.278611097287065,0.0,1.4774545177268363,-1.1071930012165425,0.0,10.84036909133648,0.6814595081027287,249.9844426605076,0.0,249.9844426605076,6688.438254599147,3431.666134551381,0.0,2.124178786751312
118.99999999617161,30.258337497178047,0.0,1.4632478165326008,4.012669692664706,0.0063277954173237855,10.839331883920522,0.6749714060804977,249.93660788451834,1.5769539737823939,248.35965391073594,6795.0623397194895,3431.009481765036,0.0,2.3834673958808077
119.49999999615268,30.236702598154867,0.0,1.4796381258083107,-0.8795466221340376,0.0,10.838224374564454,0.6826017226958229,249.88553591934044,0.0,249.88553591934044,6689.511049410966,3430.3083904032665,0.0,2.136505564352405
119.99999999613375,30.220366245504014,0.0,1.4527187940298572,3.7959551577331943,0.005356923130413067,10.837387652248914,0.670234765353437,249.84695455652204,1.411218759921291,248.43573579660074,6878.380760237084,3429.778764020122,0.0,2.243064213905721
120.49999999611482,30.194603280987373,0.0,1.4857802547164602,-0.5904720757598382,0.0,10.836067325541153,0.6855717162325127,249.7860801977183,0.0,249.7860801977183,6626.176974408727,3428.9431101156383,0.0,2.113924460609048
120.9999999960959,30.181439539125012,0.0,1.4412453708688846,3.50916377893749,0.004232170038208389,10.835392323878459,0.6650637687076383,249.7549617553955,1.2060337746589338,248.54892798073658,6955.039399953499,3428.5159311138473,0.0,2.1856063309081604
121.49999999607697,30.152406502013797,0.0,1.4968819322371176,-0.24815108732753216,0.0,10.833902694483513,0.6908322764424085,249.68629478928963,0.0,249.68629478928963,6641.705407049396,3427.5733040461787,0.0,2.2752355770353936
121.99999999605804,30.14135800472086,0.0,1.4287526533892316,3.16047709642748,0.0030917910559227824,10.833335494335424,0.659424170024229,249.66015122863212,0.9782671924494126,248.6818840361827,7043.857139719159,3427.2144178259396,0.0,2.2251148348986454
122.49999999603911,30.110157997894248,0.0,1.5077961197572145,0.13490117244497352,2.4043592950670575e-7,10.831732807126548,0.6960087303691551,249.58628708334098,0.001782311637097002,249.58450477170388,6584.0076597487,3426.200446383335,0.0,2.568781518974532
122.99999999602018,30.10022509732683,0.0,1.4155808329432356,2.765127568813373,0.002070607157813809,10.831222273490361,0.6534723400552395,249.56276006434013,0.748828799498169,248.81393126484195,7188.527348276884,3425.8774787878606,0.0,2.108154652032318
123.49999999600125,30.067904621387903,0.0,1.5135968169457357,0.5380800832089273,1.5257836110867526e-5,10.829560057811461,0.6988265492160802,249.4861675447868,0.02835606926737552,249.45781147551943,6573.358724591537,3424.8260535362983,0.0,2.475132278304231
123.99999999598232,30.05840493575262,0.0,1.4021842831759659,2.3460199009379554,0.0012645827980124903,10.829071205518716,0.6474166881742287,249.46364416772477,0.5390332782372822,248.9246108894875,7308.702606573264,3424.5168634543993,0.0,1.969015887155512
124.49999999596339,30.0258772352768,0.0,1.51624256237459,0.9305520471459572,7.89176602714511e-5,10.827396331654931,0.700187984225584,249.3864837504254,0.0848073576469956,249.3016763927784,6669.653992826741,3423.4576423758563,0.0,2.521956397239451
124.99999999594446,30.016459969831967,0.0,1.389402382079544,1.9299561382241794,0.0007040354236068118,10.826911139818131,0.6416430153239823,249.36413348794022,0.36479348398799344,248.99934000395223,7407.7533615038465,3423.1508287275647,0.0,1.9484792798524666
125.49999999592553,29.984044697088642,0.0,1.5165892921008697,1.2805941832323182,0.00020567749239009162,10.825240057556098,0.7004876030634901,249.28716309141075,0.16061098440330707,249.12655210700743,6718.012063706998,3422.094216162708,0.0,2.7367672674358348
125.9999999959066,29.97468196659537,0.0,1.3786430118096298,1.5443359747597984,0.0003607260939994215,10.824757098929034,0.6368008996460661,249.26492012964292,0.2335800628198976,249.03134006682302,7534.277471439971,3421.788875487031,0.0,2.025438669560971
126.49999999588768,29.94222196149264,0.0,1.5154758246984035,1.5788994524184632,0.0003854922192095096,10.823081709515984,0.7001129000836938,249.187766714299,0.2441524814129461,248.94361423288603,6797.485199046999,3420.7297505279626,0.0,2.7196807329471566
126.99999999586875,29.93298266295694,0.0,1.3708522620329855,1.2065870590030332,0.00017203950468455402,10.82260454810727,0.6333282602812691,249.16579512285514,0.1425835818483791,249.02321154100676,7736.244670882439,3420.428135093506,0.0,1.8356586793966303
127.49999999584982,29.900209242999438,0.0,1.5136116054226916,1.8365962115580652,0.0006067268949160081,10.82091095375223,0.6993919513300475,249.08781892689979,0.3303539945785334,248.75746493232126,6870.210926136621,3419.3577153981337,0.0,2.6642369939872723
127.99999999583089,29.891164455251513,0.0,1.3659076705645425,0.9165615485536783,7.541141603516392e-5,10.820443276501088,0.6311699232927471,249.0662883571441,0.08227643430401604,248.98401192284007,7836.4894923370575,3419.0621540971906,0.0,1.7910872940311364
128.49999999598958,29.857934104630772,0.0,1.5113267825575856,2.064450141030946,0.0008617184470375653,10.818723998468572,0.6984773725494425,248.98714554063613,0.41740821437675407,248.56973732625937,6874.387615770101,3417.9757195962557,0.0,2.8114395615040535
128.9999999961483,29.84907515031935,0.0,1.3630954983266677,0.6668380368861836,2.904111504338167e-5,10.81826537535435,0.6299972551200334,248.96603605679513,0.04355047768269168,248.92248557911245,7832.190370245383,3417.6859387601194,0.0,1.8763821078379712
129.499999996307,29.815359430695008,0.0,1.5087032166254521,2.267389280165932,0.001141643376654643,10.816518863740287,0.6974070103473899,248.8856558924454,0.5035056779359455,248.38215021450947,6892.902586354138,3416.5825185434333,0.0,2.857110814013442
129.9999999964657,29.80660998185724,0.0,1.361675871207076,0.45105392359383767,8.987472804472642e-6,10.816065355957226,0.6294691398370194,248.86478610665588,0.019925495233172223,248.84486061142272,7883.757488464042,3416.2960281668047,0.0,1.848707812377488
130.4999999966244,29.77245459592784,0.0,1.5056826308861402,2.446629817202905,0.001434356107233386,10.814293896342843,0.6961539261455291,248.78327442899771,0.586257919832435,248.19701650916528,6950.786194885918,3415.1770750799114,0.0,2.7349405311467168
130.99999999678312,29.763700749420643,0.0,1.3610890155615556,0.26507610287805533,1.8241641877384849e-6,10.813839600099051,0.629327355451568,248.76237266061113,0.006881662163932095,248.75549099844721,7891.683608067876,3414.890145661581,0.0,1.7909782654871047
131.49999999694182,29.729171751983273,0.0,1.502121671114884,2.6023829173866013,0.0017260993648119875,10.812046539572076,0.6946518707707743,248.67988410378055,0.6632764737579024,248.01660763002266,6947.993759536178,3413.7577824474915,0.0,2.82847536942016
131.99999999710053,29.720303546332545,0.0,1.3609328958381997,0.10626213855416265,1.1751352401791531e-7,10.81158573334402,0.6293863497012032,248.65868722916434,0.0011058832959400468,248.6575813458684,7818.3270444946975,3413.4668019528453,0.0,1.881798634682215
132.49999999725924,29.685449201731554,0.0,1.4979218173174704,2.7350987664954243,0.0020038778060568045,10.809773502913202,0.6928553206567116,248.5753342254294,0.7326528133477395,247.84268141208167,6946.757027400356,3412.3225720276305,0.0,2.864932301735324
132.99999999741794,29.676391033716108,0.0,1.3609113966671855,-0.02728084882468322,0.0,10.80930223040874,0.6295093650164894,248.55366047497378,0.0,248.55366047497378,7852.843248051118,3412.025045210939,0.0,1.8894444347738524
133.49999999757665,29.641232909212675,0.0,1.4931711325296746,2.8455238512608356,0.002256518430200756,10.807471877442287,0.6908050048440425,248.46949178356115,0.7930063314004223,247.67648545216073,6999.785671329555,3410.8696179178,0.0,2.710512088834804
133.99999999773536,29.631947519002704,0.0,1.3608009779395418,-0.13711610250744247,0.0,10.806988163859518,0.6295930731608929,248.4472506193382,0.0,248.4472506193382,7831.688316235725,3410.564301917953,0.0,1.8350685336423147
134.49999999789407,29.596492583376588,0.0,1.4881579033691368,2.9346171010562796,0.002475178513222277,10.805139976689638,0.6886342548914681,248.36228008910223,0.8434417261220779,247.51883836298015,6988.867301441488,3409.3978673672973,0.0,2.806650797584399
134.99999999805277,29.58696552420451,0.0,1.3604337973016318,-0.2246416467667715,0.0,10.804643028749615,0.6295598076131305,248.33943535307668,0.0,248.33943535307668,7769.750655710008,3409.0842658241886,0.0,1.9499347221023158
135.49999999821148,29.551220337550717,0.0,1.4832897887242458,3.003420649675674,0.002653387515791858,10.802777274227337,0.6865316904491754,248.25367584795708,0.8834551750446231,247.37022067291247,6977.526202957146,3407.90700060599,0.0,2.814822183363366
135.99999999837019,29.541442643784563,0.0,1.3596888947136156,-0.2911139397979747,0.0,10.802266581132669,0.629353517848032,248.23020439464182,0.0,248.23020439464182,7811.618604978419,3407.584795789509,0.0,1.920175009853535
136.4999999985289,29.50541968627204,0.0,1.478887292775243,3.052940406844027,0.0027868088129243576,10.800383835748043,0.6846457104053534,248.14368300764323,0.9128277796307258,247.2308552280125,7025.088903883666,3406.3970718235,0.0,2.7167624667631043
136.9999999986876,29.49537904614347,0.0,1.3584857070073182,-0.33760827582456987,0.0,10.799858709045662,0.6289367961219198,248.11955354926042,0.0,248.11955354926042,7779.154609662489,3406.065834230087,0.0,1.8921578993993307
137.4999999988463,29.459096087957573,0.0,1.4751126924774223,3.084049736931889,0.0028728722503825683,10.7979598277672,0.6830515745595461,248.03231015693567,0.9315259141185553,247.1007842428171,7004.319820065227,3404.8681989223933,0.0,2.897591307624875
137.999999999005,29.44877533177312,0.0,1.3567774796789358,-0.36497243028112114,0.0,10.797419321186403,0.6282878525504255,248.00747958844434,0.0,248.00747958844434,7778.472456974256,3404.5273368267917,0.0,2.055982532147779
138.49999999916372,29.412252221994045,0.0,1.4720242640352266,3.097420836035301,0.002910401065686905,10.795505270686576,0.6817764556293011,247.91955917868862,0.9396208070364177,246.9799383716522,7017.961433733578,3403.320407749591,0.0,2.8001378160721426
138.99999999932243,29.401630875016487,0.0,1.3545449304014516,-0.3737794628804097,0.0,10.79494826007052,0.627397601993047,247.89397626054878,0.0,247.89397626054878,7811.448738290416,3402.9692177600487,0.0,1.933963450241347
139.49999999948113,29.364886669558622,0.0,1.4696328415997062,3.09348481213435,0.0028993200488780773,10.793019968552505,0.6808255918555502,247.80542203187258,0.9372342923764644,246.8681877394961,7052.126100718875,3401.753587921707,0.0,2.7998634175309034
139.99999999963984,29.35394321416933,0.0,1.3517957304031734,-0.3642515466738959,0.0,10.792445269530944,0.6262694397068388,247.77903280208756,0.0,247.77903280208756,7767.555653496752,3401.391329273904,0.0,1.9648883071486678
140.49999999979855,29.316994009236634,0.0,1.467971878293909,3.072485935500699,0.002840677327110647,10.790503512580791,0.6802147261165251,247.68988092495158,0.9245534029263909,246.7653275220252,7004.606843908626,3400.1674952050994,0.0,3.0340290220904773
140.99999999995725,29.305708283073283,0.0,1.348565225747098,-0.3366835934950326,0.0,10.789910006187025,0.624919589215211,247.66263446977345,0.0,247.66263446977345,7839.290966527034,3399.7934689796016,0.0,2.054463739600297
141.50000000011596,29.268561098262143,0.0,1.4669640871728389,3.0342397049738628,0.00273591030691216,10.787955083814692,0.6799083217234302,247.57289927006784,0.9016790276744887,246.67122024239336,7075.733943449608,3398.5616273392598,0.0,2.841003260132905
142.00000000027467,29.256920517576937,0.0,1.3448920004070448,-0.2903600208425705,0.0,10.787342044396798,0.623365790605302,247.54476277291755,0.0,247.54476277291755,7855.727279299601,3398.175383045862,0.0,1.952625437137612
142.50000000043337,29.219588237919012,0.0,1.4665204753808692,2.978451165607794,0.0025877579163543917,10.785374566188615,0.6798653428218927,247.4544727813046,0.8688267063886287,246.58564607491596,7069.5381966190225,3396.9359254891847,0.0,2.9934493425163806
143.00000000059208,29.207581514785655,0.0,1.3407551535017894,-0.2254152099051223,0.0,10.784741332383629,0.6215981970174234,247.42541640752842,0.0,247.42541640752842,7863.452033865325,3396.53705357212,0.0,2.0868422922717738
143.5000000007508,29.17005734462799,0.0,1.4666573078001766,2.9059888751219214,0.00240344415970342,10.782760870716793,0.6800935889171208,247.33455255734017,0.8270658502099679,246.5074867071302,7085.6301517267075,3395.289718361067,0.0,3.005670859546678
144.0000000009095,29.157686546597546,0.0,1.336457005818755,-0.1404860605541324,0.0,10.782107482473366,0.619756855508631,247.3045786769068,0.0,247.3045786769068,7935.024492909904,3394.878251354122,0.0,1.9992233106400525
144.5000000010682,29.11994893060456,0.0,1.466862390359053,2.8140118986235945,0.0021823780385459264,10.780112826339794,0.6803557689929584,247.21308599475913,0.7755397337208786,246.43754626103825,7112.63307064305,3393.6222838405283,0.0,3.007845616450363
145.0000000012269,29.107212796621535,0.0,1.3319271989779373,-0.03484426327955172,0.0,10.779439146274433,0.6178091368688117,247.18218885541478,0.0,247.18218885541478,7915.930901785192,3393.198142779532,0.0,2.0233256622355538
145.50000000138562,29.069282908047057,0.0,1.4668756691107394,2.7033865699518653,0.0019349807558618533,10.777431340301156,0.6805312058103773,247.09011585457438,0.7157617698368259,246.37435408473755,7080.994043834628,3391.9342089301786,0.0,3.287004700943169
146.00000000154432,29.05619911659303,0.0,1.327231119951622,0.09012584032789077,7.16968665390394e-8,10.776738233264185,0.6157851713679486,247.0583356676797,0.0007955195344442381,247.05754014814525,7998.18225369755,3391.49794581734,0.0,2.0934545910567053
146.50000000170303,29.018047793411153,0.0,1.466391097964042,2.5755799987431933,0.0016733135419277425,10.774715658365732,0.6804778633882106,246.96560870593052,0.6496841654090613,246.31592454052145,7131.423232756833,3390.2250347073214,0.0,3.123593459125229
147.00000000186174,29.00463042292069,0.0,1.3228319738144427,0.24014272997348668,1.3563148745165408e-6,10.774003800848451,0.6138999012188348,246.93297702948104,0.0056479530930055085,246.92732907638802,8014.823399275187,3389.777082755618,0.0,2.0188893749163537
147.50000000202044,28.96632173710587,0.0,1.4653742552445166,2.425631742141646,0.001397741294302508,10.771969782037546,0.680179338085433,246.83974912307048,0.5762380455445434,246.26351107752592,7076.538850385744,3388.497294918345,0.0,3.3924795056591646
148.00000000217915,28.9525142142736,0.0,1.3186151115854203,0.41104410241643524,6.801699777237989e-6,10.771236099394235,0.6121001802474546,246.8061255842352,0.016547372258237828,246.78957821197696,8028.821622015568,3388.035727157101,0.0,2.2076952564895884
148.50000000233786,28.914118923991985,0.0,1.463821082738545,2.2587884583600593,0.001128700907491685,10.769194332580575,0.6796335164599894,246.7125666294305,0.49969305594519986,246.21287357348533,7131.0035073076715,3386.7513948467763,0.0,3.265504461613578
149.00000000249656,28.899912705197952,0.0,1.3150215693890757,0.6026684729439452,2.143816521286868e-5,10.768438291878594,0.6105906602914031,246.6779274189364,0.03557207017673656,246.64235534875968,8062.346330397963,3386.275884433748,0.0,2.0622685487107404
149.50000000265527,28.861486941567293,0.0,1.4614952901774378,2.0734279557180177,0.0008730096485973237,10.766391714029833,0.6787303160598102,246.58417239252455,0.4210465312719317,246.1631258612526,7096.829824961567,3384.988860546751,0.0,3.3514964416011845
150.00000000281398,28.84679960284,0.0,1.3123474629177043,0.8283264302071129,5.56617365435875e-5,10.765608841088168,0.6095091704934426,246.54831319977302,0.06719782746720995,246.48111537230582,7996.669978758048,3384.4966028043577,0.0,2.216930203387861
