t_s,P_kw,ω_rpm,min_fos,worst_ring,fos_worst,n_failing,collapse_margin_deg,max_twist_deg,T_max_kN
1.000000000000437,5.533115866093523,106.50932920605884,129.2862763282009,13,129.2862763282009,0,45.76486297292793,12.949935920179284,2.5695667302836642
2.000000000001437,7.664037993983829,115.50907452741927,75.37277406039263,2,75.37277406039263,0,45.171941986964775,15.6291649567054,2.534583038346422
2.999999999996886,8.892728549401756,120.33081840655697,56.42608397927423,2,56.42608397927423,0,44.8248459095542,17.1399948400434,2.5059872300195063
3.999999999992335,9.607737608505538,122.86276804644172,49.78974960303755,2,49.78974960303755,0,44.61628062710553,18.08779910801756,2.4409711060766357
4.999999999998886,10.006108885832903,124.15588964954794,48.227832506505564,2,48.227832506505564,0,44.49360679051039,18.674370009994917,2.337197243396112
6.000000000005437,10.219237475246326,124.7914657337297,48.64511284464421,2,48.64511284464421,0,44.42429752313502,19.0249735975371,2.3791253383953648
7.000000000011989,10.329153034434093,125.09030008110179,49.06909816069228,2,49.06909816069228,0,44.38736178317463,19.22513302690835,2.3149109125472527
8.00000000001854,10.384161671065206,125.22517184012047,50.32047872123455,2,50.32047872123455,0,44.36933026475432,19.332852936569488,2.2989191172311636
9.000000000025091,10.411484937107138,125.2855868305567,47.87508438272875,2,47.87508438272875,0,44.361970581439664,19.386244670669647,2.2774475068148785
10.000000000031642,10.425632788573413,125.31546244245077,46.07777104111354,2,46.07777104111354,0,44.36038256924743,19.409233985734463,2.2285958819070544
11.000000000038193,10.433877449639532,125.334779388252,43.97887089491487,2,43.97887089491487,0,44.3616801982775,19.416061190702685,2.234076808500885
12.000000000044745,10.439725106276372,125.35165235427819,43.33629701368538,2,43.33629701368538,0,44.36431689088358,19.41482732118426,2.1673334937516002
13.000000000051296,10.444719745945045,125.368726134671,41.3605156655485,2,41.3605156655485,0,44.36750850971349,19.409933868055383,2.18990288295763
14.000000000057847,10.449398717970864,125.38638789295584,41.35321360112698,2,41.35321360112698,0,44.370851556996996,19.403592849981784,2.1749924197320882
15.000000000064398,10.453913536246954,125.40428011847702,39.169271377170894,2,39.169271377170894,0,44.37414458463645,19.396857343066312,2.201314034437895
16.000000000070948,10.458288576911904,125.42193460491956,39.18835911410601,2,39.18835911410601,0,44.377331916338385,19.390197959921533,2.200403208321977
17.00000000003309,10.46248279347215,125.43897711093537,37.52985784750723,2,37.52985784750723,0,44.3803862460233,19.38380151529755,2.2401624295384197
17.999999999995232,10.466445692310295,125.45517273843569,37.35431632010272,2,37.35431632010272,0,44.38329342307792,19.377710317672445,2.2230356442780383
18.999999999957375,10.470166867652928,125.47040479879722,36.41150110784224,2,36.41150110784224,0,44.386056692119936,19.371930961102876,2.272489168501049
19.999999999919517,10.47364315876672,125.48463852883162,35.60576547224763,2,35.60576547224763,0,44.38868486503596,19.366457312570745,2.2487037521540176
20.99999999988166,10.4768725697004,125.49788641610466,35.65747028029898,2,35.65747028029898,0,44.39118138744578,19.36127158779844,2.297991526342632
21.9999999998438,10.479863366198767,125.51018920974502,34.21885402045162,2,34.21885402045162,0,44.39354363090399,19.356361595938296,2.28331896898176
22.999999999805944,10.482634674609493,125.52160192137738,35.289965498980635,2,35.289965498980635,0,44.395784010592706,19.351713383667917,2.316759319634708
23.999999999768086,10.485200327915654,125.5321826651252,33.15946730334296,2,33.15946730334296,0,44.39790124814105,19.347325593382855,2.3159083615136447
24.99999999973023,10.487571846354786,125.54199046330955,35.264246909597375,2,35.264246909597375,0,44.39990382644603,19.34317822097091,2.329119094934745
25.99999999969237,10.489766170284547,125.55108094553364,32.39136855955965,2,32.39136855955965,0,44.40178957110171,19.33927062101784,2.344022464376895
26.999999999654513,10.491796991874265,125.55950851318124,33.97023749156731,2,33.97023749156731,0,44.40357088405098,19.335586895588342,2.3394183194330584
27.999999999616655,10.493677363208205,125.5673213819809,31.85934275061798,2,31.85934275061798,0,44.40524580266708,19.33212341897792,2.3675222170991717
28.999999999578797,10.495416158296033,125.57456647934131,32.75394352109278,2,32.75394352109278,0,44.40682339232187,19.328864372699794,2.34977021455038
29.99999999954094,10.49702780301919,125.58128529036183,31.468798712055555,2,31.468798712055555,0,44.40830465093886,19.32580448659786,2.386410483562716
30.999999999503082,10.498519618120442,125.58751801659263,31.74804361119441,2,31.74804361119441,0,44.409697541680835,19.322931226434456,2.3622538648010907
31.999999999465224,10.499902648394045,125.59329993332803,31.279885010284815,2,31.279885010284815,0,44.41100450935032,19.320236482307696,2.4007909073034677
32.99999999942737,10.501182881728436,125.59866509301241,30.935676188441423,2,30.935676188441423,0,44.412230130930176,19.317709968554922,2.3702639867179163
33.99999999938951,10.502370730169774,125.60364400740295,31.277969875557556,2,31.277969875557556,0,44.41338020515641,19.31534195569225,2.4108284464170415
34.99999999935165,10.503471282622726,125.60826531640758,30.30016087509546,2,30.30016087509546,0,44.41445645824152,19.313126022582615,2.374058514414791
35.99999999931379,10.504492141163382,125.61255540635344,31.45247627958006,2,31.45247627958006,0,44.41546645366953,19.31104906155459,2.416727859763255
36.999999999275936,10.505438718379796,125.61653826596792,29.82644615149412,2,29.82644615149412,0,44.416409313836155,19.309109208759583,2.3920703706529682
37.99999999923808,10.50631699236069,125.62023697825337,31.796433420381288,2,31.796433420381288,0,44.417294623736694,19.307290488982844,2.4187161045392407
38.99999999920022,10.50713204355057,125.62367149949966,29.501544188007284,2,29.501544188007284,0,44.41811950458831,19.305595193471138,2.411383100794293
39.99999999916236,10.507887995236745,125.62686201127185,32.24211591004856,2,32.24211591004856,0,44.41889412720928,19.304005768799968,2.4183900935437426
40.999999999124505,10.508590275183316,125.62982516275002,29.314792190412277,2,29.314792190412277,0,44.41961475839498,19.302525420691616,2.427558256926663
41.99999999908665,10.509241434546565,125.63257861817104,31.3155553718506,2,31.3155553718506,0,44.4202914797673,19.30113894827601,2.4201931759770496
42.99999999904879,10.509847024210952,125.63513629094726,29.19488420906644,2,29.19488420906644,0,44.420920531594284,19.299847788199006,2.440616820461769
43.99999999901093,10.510408136784562,125.63751354517697,30.530200228746494,2,30.530200228746494,0,44.42151075282892,19.298639664324806,2.4216625896840918
44.999999998973074,10.510930618154665,125.63972216496262,29.148425976090085,2,29.148425976090085,0,44.4220594670193,19.297514518967404,2.450598761705611
45.999999998935216,10.51141451585217,125.64177538529985,29.87606695684448,2,29.87606695684448,0,44.42257352698995,19.296462840672024,2.425647237912115
46.99999999889736,10.511865447559984,125.64368333575523,29.218593228423746,2,29.218593228423746,0,44.42305196670882,19.29548302993538,2.457563108876415
47.9999999988595,10.512282994991601,125.64545725608205,29.344229817258807,2,29.344229817258807,0,44.42349905345477,19.29456834606106,2.426710787611748
48.99999999882164,10.51267226609075,125.64710605835313,29.40341697754226,2,29.40341697754226,0,44.42391607530095,19.293715421309635,2.461581641310276
49.999999998783785,10.513032866477545,125.6486391122677,28.92689914030617,2,28.92689914030617,0,44.424304470821305,19.292920657119506,2.4249648985796446
50.99999999874593,10.513368915842163,125.65006442703977,29.702461312162963,2,29.702461312162963,0,44.424667842726706,19.292178255122707,2.4627358420996868
51.99999999870807,10.513680562043886,125.65138965110906,28.61736587919496,2,28.61736587919496,0,44.42500491149659,19.29148836344901,2.420528430756648
52.99999999867021,10.513970709573622,125.65262213133326,30.116877774458647,2,30.116877774458647,0,44.425321414738434,19.29084208081509,2.461114875011432
53.999999998632354,10.514240229584313,125.65376796434742,28.41032586151269,2,28.41032586151269,0,44.42561375353889,19.290243801238354,2.433368970425545
54.9999999985945,10.514490821809492,125.65483396691165,30.649249083420507,2,30.649249083420507,0,44.42588927068873,19.289681414873186,2.4568157633983985
55.99999999855664,10.514723992269657,125.6558249071508,28.301513299805563,2,28.301513299805563,0,44.426142738980424,19.289162681450648,2.447183005378933
56.99999999851878,10.514940446430186,125.65674711703578,31.181744725587272,2,31.181744725587272,0,44.42638237994571,19.288674255123098,2.4530896671143245
57.999999998480924,10.515142326029878,125.65760428556736,28.287963104195203,2,28.287963104195203,0,44.42660218306291,19.288224061260404,2.458596949148102
58.999999998443066,10.515329242675449,125.6584022384421,30.428728736408566,2,30.428728736408566,0,44.426810377276446,19.287800686424283,2.4503642904718808
59.99999999840521,10.515504109069497,125.65914385186967,28.295646087393614,2,28.295646087393614,0,44.42700109981011,19.287410035834682,2.467594951803022
1.000000000000437,3.5853733720918304,121.05540921445818,87.99480233133895,14,87.99480233133895,0,47.295135442562234,7.305091609232101,3.080532918407345
2.000000000001437,6.335586062972996,141.252074890793,137.08250096171503,14,137.08250096171503,0,46.89859791441958,8.787432494495784,3.1966464902383716
2.999999999996886,8.145830435536778,153.47622941304982,264.3424023529519,14,264.3424023529519,0,46.65195663142109,9.595198940027448,3.245425718810787
3.999999999992335,9.443551648395667,160.8738239416293,325.26492446239024,14,325.26492446239024,0,46.477827567455144,10.181804007179998,3.2746201168437525
4.999999999998886,10.285675822243268,165.25240100835242,351.838959431593,14,351.838959431593,0,46.36344046509226,10.574566771097741,3.1756404678263297
6.000000000005437,10.814330278663775,167.86601182244704,442.818602751881,14,442.818602751881,0,46.293876245168505,10.816603688685827,3.1817709047224265
7.000000000011989,11.1419465448689,169.43955129427084,561.9154668009646,14,561.9154668009646,0,46.25241867632245,10.96268723912641,3.1334001461818906
8.00000000001854,11.344062194076722,170.39402793330402,742.0524534407762,14,742.0524534407762,0,46.228299525405866,11.049092113422088,3.094865564935756
9.000000000025091,11.468877186683734,170.9778416855738,1112.6594965078957,14,1112.6594965078957,0,46.21477364313627,11.098914703335295,3.1060033031833454
10.000000000031642,11.546410369266475,171.33874114181538,1200.172451393437,14,1200.172451393437,0,46.20767886450288,11.126509107491637,3.0819249220843767
11.000000000038193,11.595094462744314,171.565020979965,1261.8406301277735,14,1261.8406301277735,0,46.2044547007735,11.140669929077673,3.0207250745452265
12.000000000044745,11.626165922899878,171.70961035840716,1803.9983885540853,14,1803.9983885540853,0,46.203533791551564,11.14674777422737,2.9909851670703347
13.000000000051296,11.646452064553252,171.8043168799018,2140.006719324896,8,2140.006719324896,0,46.20397841020337,11.14800510897404,2.9837149933555502
14.000000000057847,11.660088138516274,171.86829895625078,1959.956995671962,14,1959.956995671962,0,46.20522839434111,11.146413167617581,2.9564352020468734
15.000000000064398,11.669578375445688,171.91312606101428,1892.041160901267,14,1892.041160901267,0,46.206938192607325,11.143158782797851,3.002250750827491
16.000000000070948,11.676445040633322,171.94581091774435,2242.9126872764455,9,2242.9126872764455,0,46.20890179411499,11.138978357976976,3.0333383106142087
17.00000000003309,11.681613462178467,171.9706254572586,2387.6325310447587,14,2387.6325310447587,0,46.210991679125954,11.134302995210248,3.025531163406534
17.999999999995232,11.685651123378687,171.9901907121043,1760.430708459599,14,1760.430708459599,0,46.21312089665152,11.129386195828873,3.0739364187540317
18.999999999957375,11.688914851412655,172.00613349222238,2267.9142048469953,10,2267.9142048469953,0,46.21524527233105,11.124407689815866,3.103506712922205
19.999999999919517,11.69162720579181,172.0194775036881,2519.9200077681207,2,2519.9200077681207,0,46.217340042182215,11.119465682518758,3.0824884311116687
20.99999999988166,11.693927968430273,172.0308788812537,1859.2765605724542,14,1859.2765605724542,0,46.219381636227084,11.11460888087337,3.1357607904657425
21.9999999998438,11.695912708713703,172.04077108807854,1592.0646081113937,2,1592.0646081113937,0,46.22136320822982,11.109890044794417,3.1624296025168332
22.999999999805944,11.697644397475738,172.04944882879474,1424.3114931579635,2,1424.3114931579635,0,46.22327985156162,11.105327693168501,3.128417021747887
23.999999999768086,11.699165013600176,172.0571195298121,1248.5250449840319,2,1248.5250449840319,0,46.22512056530491,11.100920429455078,3.1892180416958698
24.99999999973023,11.70051025027529,172.0639374298859,1089.1343821801968,2,1089.1343821801968,0,46.22688850544928,11.096691474001872,3.2114215871815537
25.99999999969237,11.701705273147084,172.0700202174046,981.6962757771372,2,981.6962757771372,0,46.22858486382033,11.0926412429838,3.164431231642334
26.999999999654513,11.702767132766063,172.075460589469,887.7041590300843,2,887.7041590300843,0,46.23020366883901,11.088756556491667,3.235369367150021
27.999999999616655,11.703714841883725,172.08033623015766,822.2537675796711,2,822.2537675796711,0,46.23175175611395,11.085052254845023,3.2516181490771174
28.999999999578797,11.704561610637882,172.08471162358802,751.9123737397223,2,751.9123737397223,0,46.23323057491472,11.081522018179731,3.191656623681475
29.99999999954094,11.705316171804274,172.08864136499002,697.8233361260101,2,697.8233361260101,0,46.234635402831884,11.07814905325501,3.2750549031480882
30.999999999503082,11.705991855858725,172.0921746987639,662.3341855304702,2,662.3341855304702,0,46.23597465553701,11.074945248692364,3.2840504497803535
31.999999999465224,11.706596978018643,172.095353689808,616.0510641956419,2,616.0510641956419,0,46.23724934610464,11.071901727293147,3.2252136643422915
32.99999999942737,11.70713657741258,172.09821503355113,585.4689963475923,2,585.4689963475923,0,46.238456181508354,11.069001997961337,3.308969048585449
33.99999999938951,11.707621050594577,172.10079306387044,559.0592529772838,2,559.0592529772838,0,46.2396046495905,11.066256559522904,3.3096505685621485
34.99999999935165,11.708055829590725,172.10311698123925,529.3148395712938,2,529.3148395712938,0,46.24069420731058,11.06365494326506,3.2575979309510625
35.99999999931379,11.708443880682019,172.10521401294676,514.7853318951114,2,514.7853318951114,0,46.241725655745824,11.061181952867605,3.337715811889738
36.999999999275936,11.708793199645159,172.10710997009969,489.0800588117808,2,489.0800588117808,0,46.24270564033515,11.058844523867007,3.329272622276839
37.99999999923808,11.709109303105086,172.1088274125215,469.8893412946608,2,469.8893412946608,0,46.24359913530004,11.05662629109807,3.287560643431757
38.99999999920022,11.709398160929961,172.11040108942012,469.6196400104703,2,469.6196400104703,0,46.24453761413483,11.054562399567484,3.3618480838486606
39.99999999916236,11.709653826822858,172.1118278162514,439.3914902634573,2,439.3914902634573,0,46.245349242530075,11.052561054642743,3.34400948512957
40.999999999124505,11.709878688131868,172.11312181098324,427.61733219594015,2,427.61733219594015,0,46.24599143251946,11.050640024413084,3.315470673026
41.99999999908665,11.71011462351136,172.11434533738534,428.4676037535262,2,428.4676037535262,0,46.24697380455099,11.049020536356597,3.3818296578072995
42.99999999904879,11.71030064042505,172.1154275052786,400.9203224902359,2,400.9203224902359,0,46.24758214310446,11.04727787228811,3.3552122628906873
43.99999999901093,11.710449786979751,172.11641170258702,398.9642646609634,2,398.9642646609634,0,46.247991672883664,11.045590517082358,3.340049228575437
44.999999998973074,11.710662577516299,172.11738983119562,393.9579412871023,2,393.9579412871023,0,46.24906452242312,11.044408820385506,3.3980331374090733
45.999999998935216,11.710786192851314,172.1182032745478,370.54338618134796,2,370.54338618134796,0,46.24939939403774,11.042827518884783,3.363192154595383
46.99999999889736,11.710884310175258,172.11897044886078,380.89625972228987,2,380.89625972228987,0,46.249704271407516,11.04139366891687,3.361402462042039
47.9999999988595,11.711090064940919,172.1197673783806,368.6049563071824,2,368.6049563071824,0,46.25084429229468,11.04058962404853,3.4108680272351166
48.99999999882164,11.711146114659176,172.12035814924687,348.67396863627937,2,348.67396863627937,0,46.25081182456066,11.039057167230448,3.367914219900411
49.999999998783785,11.71122429250566,172.1209851763003,366.4734311836903,2,366.4734311836903,0,46.25119968244046,11.037952516895981,3.379864093314457
50.99999999874593,11.711429661884392,172.12164074167805,350.40375928345503,2,350.40375928345503,0,46.252345965072585,11.037435948554874,3.420709042315804
51.99999999870807,11.711409160829517,172.12204007985758,334.9355434943417,2,334.9355434943417,0,46.251872247124794,11.035852512444162,3.3694832565047204
52.99999999867021,11.711497409693818,172.1225872360849,346.61289067283377,2,346.61289067283377,0,46.252522654874426,11.035160947935085,3.3957750103690727
53.999999998632354,11.711703623458622,172.12312726972078,337.91762910397165,2,337.91762910397165,0,46.25360175001119,11.034834751184937,3.4278704068194474
54.9999999985945,11.711598809517353,172.1233603127183,327.97372031379444,2,327.97372031379444,0,46.25265652846724,11.033129746981313,3.368014708618265
55.99999999855664,11.711721231561677,172.12387049858376,332.492334011727,2,332.492334011727,0,46.25369804048446,11.032911337675378,3.4094674313714424
56.99999999851878,11.711926812562417,172.1243126962939,329.8990204826433,2,329.8990204826433,0,46.25464246716535,11.032688153387332,3.432754563820968
57.999999998480924,11.711734371303663,172.12440344073985,324.20111510212837,2,324.20111510212837,0,46.253244171660086,11.03082736698086,3.3636372434130557
58.999999998443066,11.711906997549546,172.12490350489364,322.84246045752303,2,322.84246045752303,0,46.25473732125982,11.031102615665421,3.421241003742784
59.99999999840521,11.712107675764715,172.1252600119682,324.9525211054957,2,324.9525211054957,0,46.25549247502183,11.030909812468858,3.435860669170067
1.000000000000437,4.911866097511202,133.49469307923098,167.79942449583652,14,167.79942449583652,0,47.1852426538909,7.660330188279132,3.592979409637404
2.000000000001437,9.525621379307772,162.10901196036474,200.67891754284076,14,200.67891754284076,0,46.805854617973026,8.996389493166424,3.855305272693661
2.999999999996886,12.767413050563416,178.22238783961257,320.27501655311147,14,320.27501655311147,0,46.50149752497495,9.985607348008964,3.892530563200324
3.999999999992335,14.89230803457458,187.17320356678442,462.0945606717912,14,462.0945606717912,0,46.307756435520304,10.62389572476425,3.9819599628459748
4.999999999998886,16.165591663636793,192.0415419695789,641.9341685873194,14,641.9341685873194,0,46.19216925643505,11.014244887295945,3.933133413666806
6.000000000005437,16.899049340953106,194.72118330017648,902.454670920324,14,902.454670920324,0,46.12800343698722,11.23332989693003,3.9306802726261916
7.000000000011989,17.31653011825648,196.20914427623296,961.3809874084014,14,961.3809874084014,0,46.09327671430743,11.353268660622126,3.9060228209616015
8.00000000001854,17.55322977589833,197.04182013591745,1158.5803259452553,14,1158.5803259452553,0,46.0751707696724,11.416834244714067,3.8114400187547237
9.000000000025091,17.687768553208745,197.5121238491173,1566.3979355223519,9,1566.3979355223519,0,46.06635075145971,11.448785124087845,3.8353430736614125
10.000000000031642,17.764899629770714,197.78119933027438,1436.6059575536988,14,1436.6059575536988,0,46.0626948956914,11.463168451758971,3.7694680725943703
11.000000000038193,17.809808041381615,197.93805675394267,1603.1393091772243,9,1603.1393091772243,0,46.061874451683636,11.467866510126884,3.7919436478654824
12.000000000044745,17.836595430192343,198.03199319995838,1550.3459633716018,14,1550.3459633716018,0,46.06260987577837,11.467301004161325,3.794559161961012
13.000000000051296,17.853123809364533,198.0903648855629,1632.608198841118,10,1632.608198841118,0,46.0641657569589,11.46391355025385,3.8589908409376874
14.000000000057847,17.863790460064223,198.12839209325207,1505.6683649228669,14,1505.6683649228669,0,46.066152309461515,11.459087000381949,3.8505943354984176
15.000000000064398,17.871043441895942,198.15456598959508,1628.4292223924772,10,1628.4292223924772,0,46.0683304641686,11.453566822303207,3.9181806773440915
16.000000000070948,17.876266313874808,198.17365095026977,1509.7476131376918,14,1509.7476131376918,0,46.07058638417003,11.447790558362113,3.903887259293254
17.00000000003309,17.880231547791105,198.18833661403622,1637.2393764799235,10,1637.2393764799235,0,46.07283630721474,11.441979475077076,3.9701791098430324
17.999999999995232,17.88338928987881,198.20016334731346,1565.8157032385407,14,1565.8157032385407,0,46.07505174367176,11.436274883385654,3.954396197920294
18.999999999957375,17.88599315208735,198.21002567522027,1431.87817453496,2,1431.87817453496,0,46.077199348346056,11.430737063809651,4.015277634070914
19.999999999919517,17.888201585818802,198.21846033962018,1320.0999486093428,2,1320.0999486093428,0,46.07927637630313,11.42541093489557,4.001929119505089
20.99999999988166,17.89010615147245,198.225798349081,1062.2648245617518,2,1062.2648245617518,0,46.08126786114277,11.420309088899279,4.053679350210102
21.9999999998438,17.891771305334867,198.2322562697697,982.8034747401299,2,982.8034747401299,0,46.083177637081974,11.415441353597547,4.046273517882658
22.999999999805944,17.8932369586954,198.23798169474946,834.5427141519251,2,834.5427141519251,0,46.08499945423085,11.410808893633977,4.085580260102979
23.999999999768086,17.8945346939923,198.24308266186884,777.6379415772158,2,777.6379415772158,0,46.086737180586816,11.406405063856237,4.0872232479669375
24.99999999973023,17.89568732830481,198.24764190339747,687.4664533226593,2,687.4664533226593,0,46.08839039443499,11.402231911807926,4.111195484488358
25.99999999969237,17.896712752864584,198.25172558834396,645.9116060901206,2,645.9116060901206,0,46.08996058382145,11.398271869219652,4.124593429070816
26.999999999654513,17.89762782013969,198.25538960163217,589.4793248780966,2,589.4793248780966,0,46.091452185598186,11.394532346420275,4.130769105765851
27.999999999616655,17.89844297604998,198.25868020545985,558.631658015495,2,558.631658015495,0,46.092863444924646,11.39098686148416,4.158231265674598
28.999999999578797,17.89917300907187,198.26163945614678,523.4805966651061,2,523.4805966651061,0,46.094203075865195,11.387649167168016,4.144566880997811
29.99999999954094,17.899823067919986,198.2643017597225,500.37145599814335,2,500.37145599814335,0,46.09546598034793,11.384486281305845,4.188023548145003
30.999999999503082,17.90040749710176,198.26670038514828,479.604893937972,2,479.604893937972,0,46.09666442868534,11.381516506937256,4.1529080115740635
31.999999999465224,17.900928665617048,198.26886372383348,462.59753764235006,2,462.59753764235006,0,46.0977929554155,11.378705175876988,4.213897651499541
32.99999999942737,17.901394521457547,198.2708164154693,448.2158906431131,2,448.2158906431131,0,46.09884419455211,11.376056009243335,4.156735662745187
33.99999999938951,17.90182494691647,198.27259726522794,420.54444457459584,2,420.54444457459584,0,46.09988400521662,11.373590053769544,4.235826231614944
34.99999999935165,17.902182992923986,198.27419933959297,400.51334838518045,2,400.51334838518045,0,46.100714840424864,11.371169217267886,4.157073162288708
35.99999999931379,17.902569818378584,198.27570953694092,383.77765408152726,2,383.77765408152726,0,46.10178289306335,11.36909538056926,4.253802750412173
36.999999999275936,17.902816838236667,198.27701348944643,366.28020988224523,2,366.28020988224523,0,46.10229034585698,11.366800117787516,4.158424193899386
37.99999999923808,17.903194418164254,198.27831811289542,358.3199589625724,2,358.3199589625724,0,46.10349204004153,11.365156194622708,4.267837882224636
38.99999999920022,17.903339724275007,198.27937523407005,344.0846711098133,2,344.0846711098133,0,46.103678535649166,11.362947596438458,4.1900170066929325
39.99999999916236,17.903724909925305,198.28051649619485,341.92933221577744,2,341.92933221577744,0,46.105015805117944,11.361710345342082,4.278023177198422
40.999999999124505,17.903784896480722,198.28137898562284,331.14226726295817,2,331.14226726295817,0,46.10497643888478,11.35961248829982,4.218240119430839
41.99999999908665,17.904179039069174,198.28237699421388,332.7990478628339,2,332.7990478628339,0,46.10635916918168,11.358695062249573,4.284780794255165
42.99999999904879,17.904176843578323,198.28309435736261,326.61941650425825,2,326.61941650425825,0,46.10624129128617,11.356781983444886,4.243030351378192
43.99999999901093,17.904559167430858,198.28395044523418,328.19529758312666,2,328.19529758312666,0,46.10750789446026,11.35603314282153,4.288866417373472
44.999999998973074,17.90452950777083,198.28457092802415,317.9707649895069,2,317.9707649895069,0,46.107485719286984,11.35441195841493,4.264607954818812
45.999999998935216,17.904856444594273,198.28527245151665,305.98201270298193,2,305.98201270298193,0,46.10841463432229,11.35363011129011,4.29039043255307
46.99999999889736,17.90484847862919,198.28584443786096,303.1998345281622,2,303.1998345281622,0,46.10868689891579,11.352429457713846,4.28340183264935
47.9999999988595,17.90506723505817,198.2863733011864,288.0283725276697,2,288.0283725276697,0,46.109039168318006,11.351407230538152,4.289048540251783
48.99999999882164,17.905135549122146,198.28694218791495,294.4349765389633,2,294.4349765389633,0,46.10980586230896,11.350752529050695,4.299710500672447
49.999999998783785,17.90519943029918,198.28728492313908,276.5889587810113,2,276.5889587810113,0,46.10939475396174,11.349326932466868,4.284523984015953
50.99999999874593,17.905391897608833,198.28788601553765,290.3460341784179,2,290.3460341784179,0,46.11080635137271,11.34930943254327,4.313591518279573
51.99999999870807,17.905270716275673,198.28804267993877,271.8981928060567,2,271.8981928060567,0,46.10955447789796,11.34739423193468,4.276459163009123
52.99999999867021,17.90562013615959,198.2886947742476,290.5052705490587,2,290.5052705490587,0,46.11166617167904,11.348047282557724,4.324933513307184
53.999999998632354,17.905304571126223,198.28868272242144,273.37262180648787,2,273.37262180648787,0,46.10962678607455,11.345644904227761,4.264540645690668
54.9999999985945,17.905823655840628,198.28938602876485,293.2844880690897,2,293.2844880690897,0,46.11237984292767,11.346930052701822,4.333569951513748
55.99999999855664,17.905326556681935,198.2892381517647,266.4798189232228,2,266.4798189232228,0,46.10972366765345,11.344129800805883,4.248669096289232
56.99999999851878,17.906005956064266,198.28997675215564,280.8886380841813,2,280.8886380841813,0,46.11295593984028,11.345933299966031,4.339388024650082
57.999999998480924,17.905361025271297,198.28973621384517,257.7898100565781,2,257.7898100565781,0,46.10993653503877,11.342898272732631,4.236039620347546
58.999999998443066,17.906168574939947,198.29048191500718,272.9615855597516,2,272.9615855597516,0,46.113410358922394,11.34503744753534,4.342587401616603
59.99999999840521,17.905427594074936,198.29019698142093,254.15241213886551,2,254.15241213886551,0,46.11032313019704,11.341982431008574,4.260119402165287
