t,omega_hub,omega_gnd,tau_gen,T_max,n_slack,backline_payout,k_mppt_scale
0.019999999999999355,9.596075144175721,114.05992160515085,143106.32288230472,418971.35065326496,32,0.0,1.0
0.040000000000001576,9.537485715647625,47.77075174782272,25102.491948073184,301861.2146149515,24,0.0,1.0
0.0600000000000077,9.624296449293148,-1.8335341723528156,36.980323173040766,236901.51502658508,24,0.0,1.0
0.08000000000000168,10.024729565207377,-0.02002378485597634,0.004410471559542702,195086.72503037046,16,0.0,1.0
0.09999999999999393,9.916465519327753,-1.39063642680146,21.272566387018454,165028.74980623307,16,0.0,1.0
0.11999999999998617,9.999445785826344,-5.0868900096388625,284.64094967180034,142056.12688853845,16,0.0,1.0
0.13999999999999924,10.271406317925157,8.43952309300946,783.4810504118394,123744.92940813753,8,0.0,1.0
0.16000000000001924,10.227537591644639,16.22386837404523,2895.352955201796,108533.42794212002,8,0.0,1.0
0.18000000000003924,10.198873152145564,16.55356387915729,3014.2252481147507,96033.5524084323,8,0.0,1.0
0.20000000000005924,10.213005107412979,12.712997286696586,1777.8233001271021,85578.89039475078,8,0.0,1.0
0.22000000000007924,10.257669461482292,9.24386234917141,939.9389024347166,76711.08993580694,8,0.0,1.0
0.24000000000009925,10.305416466632515,7.233344524739425,575.534003149356,68989.99079739091,8,0.0,1.0
0.26000000000011925,10.354414793526002,6.4922637672894785,463.64437706465753,62143.732239077464,8,0.0,1.0
0.28000000000013925,10.559875790254726,6.852009778212643,516.4504180079383,56052.566320866914,8,0.0,1.0
0.30000000000015925,10.715624010439225,9.408918838209175,973.8052907440824,50677.404189435176,8,0.0,1.0
0.32000000000017925,10.804744978920308,10.579169228450413,1231.107037206113,45931.36463256356,8,0.0,1.0
0.34000000000019925,10.882252745215348,11.108577385217039,1357.4054067569098,41736.67116675729,8,0.0,1.0
0.36000000000021926,10.94589341078874,11.41952257339402,1434.4604538468116,37946.65584777554,0,0.0,1.0
0.38000000000023926,10.969688512352485,11.192617899404288,1378.0216498627178,34535.21987410261,0,0.0,1.0
0.40000000000025926,10.977997688941107,10.669657775721536,1252.2575675611654,31518.723337384094,0,0.0,1.0
0.42000000000027926,11.017296144453416,10.12494413590101,1127.659431306279,28830.293345245453,0,0.0,1.0
0.44000000000029926,11.011580355183083,9.649244176391152,1024.1870449318042,26401.695801302296,0,0.0,1.0
0.46000000000031926,11.021592957548968,9.241800043304835,939.5195484447217,24242.709762356742,0,0.0,1.0
0.48000000000033927,11.04107760900227,8.968445010988258,884.7630650663219,22319.73309578299,0,0.0,1.0
0.5000000000003593,11.072096794787953,8.849031265540253,861.3588977235983,20611.365054677448,0,0.0,1.0
0.5200000000002682,11.109314786198409,8.827314417226079,857.1362780262413,19064.342980175756,0,0.0,1.0
0.5400000000001772,11.148070335388539,8.831819554936088,858.0114031604662,17639.069103981252,0,0.0,1.0
0.5600000000000862,11.185795440840623,8.84477487440327,860.5304683676294,16324.260320364496,0,0.0,1.0
0.5799999999999952,11.222321287363364,8.86053182855376,863.5992671329567,15121.171589477153,0,0.0,1.0
0.5999999999999042,11.25848296418273,8.877486593562628,866.9074504077261,14028.483256321839,0,0.0,1.0
0.6199999999998131,11.295152241528303,8.896343332183225,870.5941715248902,13029.774941522279,0,0.0,1.0
0.6399999999997221,11.332159257121905,8.922598786267857,875.740460107795,12111.912398644521,0,0.0,1.0
0.6599999999996311,11.368100615751285,8.961919710100064,883.4760537930802,11276.454707895788,0,0.0,1.0
0.6799999999995401,11.401013488337655,9.015496378593072,894.0709244766728,10507.037712541318,0,0.0,1.0
0.6999999999994491,11.429374627623668,9.080846973124167,907.0795992422819,9792.47833606425,0,0.0,1.0
0.719999999999358,11.453123646270317,9.153269570124126,921.6057820569632,9126.211121821605,0,0.0,1.0
0.739999999999267,11.47338396966538,9.227577012585547,936.6299527551693,8524.314043843604,0,0.0,1.0
0.759999999999176,11.492492703871392,9.2992955255896,951.2458699947581,7956.057476632338,0,0.0,1.0
0.779999999999085,11.511666686267185,9.365120087379323,964.7602167613927,7416.689337098684,0,0.0,1.0
0.799999999998994,11.531767077302638,9.422474006189448,976.6131803704742,6923.332108044234,0,0.0,1.0
0.8199999999989029,11.553782136295366,9.468055188940419,986.0847596690373,6456.615659612617,0,0.0,1.0
0.8399999999988119,11.577555065796561,9.497186599111545,992.1620862817831,6009.871826823459,0,0.0,1.0
0.8599999999987209,11.602576350618893,9.505850478069313,993.9731264255165,5599.676589119587,0,0.0,1.0
0.8799999999986299,11.628535964904685,9.491383984454991,990.9500693440557,5237.644839888403,0,0.0,1.0
0.8999999999985389,11.655585461610947,9.451771182717494,982.6957633949373,4932.664353817425,0,0.0,1.0
0.9199999999984478,11.683792411559178,9.3861871751399,969.1056065543683,4643.613386076356,0,0.0,1.0
0.9399999999983568,11.712580417170004,9.296091436493604,950.590475952147,4356.3110594763275,0,0.0,1.0
0.9599999999982658,11.741031321701747,9.185032292789138,928.0130004153722,4073.3229090244977,0,0.0,1.0
0.9799999999981748,11.768715653602984,9.058596011322841,902.639778659895,3804.994023873559,0,0.0,1.0
0.9999999999980838,11.796060204967807,8.925408085772617,876.2920044733272,3602.3545297137093,0,0.0,1.0
1.0199999999982148,11.823110290458072,8.795109281451245,850.8934199993681,3452.7614899900564,0,9.537112521095222e-8,1.0
1.0399999999983458,11.84956457349774,8.676852719944577,828.1655043597057,3334.128868131607,0,1.4876838809567806e-6,1.0
1.0599999999984768,11.87552915011403,8.579958726286911,809.7726091926561,3239.890266485726,0,7.22812362738914e-6,1.0
1.0799999999986079,11.900458877751088,8.515235302036416,797.6015547395193,3171.1153282538094,0,2.1848487321483807e-5,1.0
1.0999999999987389,11.923394329861765,8.496791645329276,794.1501509055113,3127.0935981517073,0,5.096297637206819e-5,1.0
1.11999999999887,11.944353499508459,8.52890552920892,800.1645247878754,3102.573602738075,0,0.0001009433940046351,1.0
1.139999999999001,11.962809313929753,8.599863344394816,813.5341449649214,3054.613814212744,0,0.00017865596297739233,1.0
1.159999999999132,11.979123444878956,8.693088003226702,831.267569350284,2979.9562295458772,0,0.000291249739117116,1.0
1.179999999999263,11.993793187331216,8.795425547280765,850.9546161353505,2911.3862218962927,0,0.000445988104501988,1.0
1.199999999999394,12.00753855954606,8.89758673695236,870.8375471574958,2826.092814936772,0,0.000650116116016533,1.0
1.219999999999525,12.020868077787794,8.992668030912267,889.5488614561066,2727.8909339420748,0,0.0009107575905319048,1.0
1.239999999999656,12.033866706759243,9.075559383968567,906.0235594513391,2634.16461770641,0,0.0012348367531254362,1.0
1.259999999999787,12.04620187549623,9.142817420455374,919.502214221605,2550.486916605968,0,0.0016290200820062637,1.0
1.279999999999918,12.057409297906588,9.192221306679286,929.4662580606552,2497.7312585795166,0,0.0020996746725509435,1.0
1.3000000000000491,12.06725108404755,9.22226494458411,935.5518777891546,2449.549907420254,0,0.0026528400298082592,1.0
1.3200000000001801,12.075889492502256,9.232239253944954,937.5766580629029,2390.311765365863,0,0.0032942106984415655,1.0
1.3400000000003112,12.083743506935477,9.223116837349638,935.7247261494263,2315.0956560711707,0,0.004029127563783931,1.0
1.3600000000004422,12.091142499750156,9.198729185808292,930.782804972254,2227.7665528913903,0,0.004862576018211118,1.0
1.3800000000005732,12.098042189705845,9.166399513989724,924.2516805507815,2163.886738045622,0,0.005799189492623575,1.0
1.4000000000007042,12.104047239138167,9.13650562355295,918.2330851013614,2181.0694360484745,0,0.006843257111422011,1.0
1.4200000000008353,12.108797598068962,9.121015042863506,915.1220695335661,2216.661274102968,0,0.007998734447798382,1.0
1.4400000000009663,12.112576462043085,9.131432542935862,917.213663148069,2273.8055975981097,0,0.009269256540324077,1.0
1.4600000000010973,12.116602138808984,9.176736792199257,926.3374796863386,2341.0507143981617,0,0.01065815248674858,1.0
1.4800000000012283,12.122258795615233,9.261736373877286,943.5773672512173,2404.2845059509555,0,0.01216846106096192,1.0
1.5000000000013594,12.130134597453246,9.386548617078962,969.1802443486567,2460.9389710736777,0,0.01380294690793836,1.0
1.5200000000014904,12.14048328591284,9.546607438206054,1002.5148493713228,2508.115411219238,0,0.015564116962359022,1.0
1.5400000000016214,12.153359868421944,9.732241808088023,1041.8818367220608,2535.3893734914614,0,0.017454236812232446,1.0
1.5600000000017524,12.168435623498679,9.929466752239714,1084.5374098221728,2539.232419686527,0,0.019475346791535394,1.0
1.5800000000018835,12.185003334632206,10.121988796723567,1127.0012292109714,2523.4476590870863,0,0.021629277637674,1.0
1.6000000000020145,12.20212876485717,10.293708921537812,1165.5648769748186,2490.6354120514234,0,0.02391766559212862,1.0
1.6200000000021455,12.218880309977793,10.430672223255133,1196.788153318848,2450.95273901189,0,0.02634196685744138,1.0
1.6400000000022765,12.234372373224152,10.522061554237185,1217.8515728627187,2402.8478391626104,0,0.028903471351984664,1.0
1.6600000000024075,12.247782341080145,10.56104815464382,1226.8931193717622,2335.0236620632545,0,0.0316033157267536,1.0
1.6800000000025386,12.258422358312199,10.545953122148195,1223.3883998000197,2245.055976692032,0,0.03444249562666712,1.0
1.7000000000026696,12.26586444771861,10.48155174401345,1208.4921965867452,2138.319674288108,0,0.037421877193287795,1.0
1.7200000000028006,12.269984921265824,10.379972835671822,1185.1821967621343,2033.335395977926,0,0.04054220781713809,1.0
1.7400000000029316,12.270827371488672,10.260007705777173,1157.9453393486767,1979.4143871256067,0,0.04380412615643844,1.0
1.7600000000030627,12.268408217862307,10.143828872346006,1131.8699061058448,1974.9777607160574,0,0.0472081714455813,1.0
1.7800000000031937,12.262713416805049,10.051930279626529,1111.4543258111994,2000.9989957610799,0,0.05075479212138188,1.0
1.8000000000033247,12.253997727868205,9.998790374309532,1099.7338984432345,2044.522141111829,0,0.05444435379842596,1.0
1.8200000000034557,12.24347694241429,9.99132300421157,1098.0918891193603,2100.338640207978,0,0.058277146626952554,1.0
1.8400000000035868,12.232836667694032,10.030166381100369,1106.6466139581166,2151.294599667668,0,0.06225339206789053,1.0
1.8600000000037178,12.224084271471744,10.112116725520934,1124.8039513761623,2193.842597891555,0,0.06637324912009868,1.0
1.8800000000038488,12.218419691197933,10.23173922095211,1151.5733623412666,2225.9250214617327,0,0.07063682003471243,1.0
1.9000000000039798,12.216801688371223,10.381192859108495,1185.4608169580574,2244.742592724767,0,0.07504415555089486,1.0
1.9200000000041109,12.21960272623631,10.549226179046316,1224.1479027434375,2246.7999207965504,0,0.07959525968633953,1.0
1.9400000000042419,12.225987862999355,10.72087625225986,1264.3090637789635,2255.073078397504,0,0.0842900941146732,1.0
1.960000000004373,12.234853315711337,10.87888830776575,1301.8523189412658,2279.8066001311686,0,0.089128582160523,1.0
1.980000000004504,12.245178572233684,11.005863435649703,1332.419329605882,2290.7408653571047,0,0.094110612441502,1.0
2.000000000004635,12.256112445579884,11.087304130190832,1352.2114416288134,2260.899820834759,0,0.09923604218480027,1.0
2.020000000004766,12.266876219413332,11.114861489846476,1358.9416053231944,2195.0660206151642,0,0.10450470024443964,1.0
2.040000000004897,12.27668343745072,11.088202562327329,1352.4305966952256,2102.545834425781,0,0.10991638984364402,1.0
2.060000000005028,12.284759531006651,11.014960299908426,1334.6228544941457,1999.448389795948,0,0.11547089106517253,1.0
2.080000000005159,12.290412671132549,10.909261415687102,1309.1318309937926,1944.7595597070167,0,0.12116796311090033,1.0
2.10000000000529,12.293092333701102,10.78952064056466,1280.5513121848792,1930.1257733910807,0,0.12700734635041522,1.0
2.120000000005421,12.292445111219495,10.675842849505987,1253.709826020829,1942.842183334444,0,0.13298876417695596,1.0
2.140000000005552,12.288418530679332,10.587053178914658,1232.9426451448367,1973.459204579798,0,0.1391119246876269,1.0
2.160000000005683,12.281408016000155,10.53759200937606,1221.4492989167284,2011.2913786671681,0,0.1453765222035032,1.0
2.180000000005814,12.272384167476297,10.535131225700473,1220.8788893700207,2056.9366921267797,0,0.15178223864402665,1.0
2.200000000005945,12.262769602672636,10.579879344339977,1231.2723163487087,2092.35027877309,0,0.15832874476888828,1.0
2.2200000000060762,12.25391770999022,10.665799762595684,1251.3521303336477,2117.3636518427884,0,0.16501570129954699,1.0
2.2400000000062072,12.246913425962038,10.782686514820695,1278.9296132458564,2125.6709061068314,0,0.17184275993148568,1.0
2.2600000000063383,12.242478881894398,10.91797132639415,1311.2230767236133,2118.6412518289853,0,0.1788095642473691,1.0
2.2800000000064693,12.240434511697021,11.057876333968663,1345.0429191907865,2101.247963251284,0,0.18591575054039894,1.0
2.3000000000066003,12.240035457808732,11.188172979670046,1376.927360853208,2111.1843417890277,0,0.19316094855634056,1.0
2.3200000000067313,12.240350734793516,11.294509579684636,1403.2254131014681,2140.0675144756647,0,0.20054478216194233,1.0
2.3400000000068624,12.240632508218813,11.363288530236328,1420.3675884354057,2141.803218252575,0,0.20806686994679385,1.0
2.3600000000069934,12.24046865016559,11.383634695440543,1425.4585276716148,2097.116694630449,0,0.21572682576501445,1.0
2.3800000000071244,12.239677946885836,11.349879340423177,1417.0173714638133,2024.9729204945088,0,0.22352425922259742,1.0
2.4000000000072554,12.23807676266819,11.26364795437486,1395.567417641023,1915.7075101177,0,0.23145877611568455,1.0
2.4200000000073865,12.23529885571804,11.134800519486593,1363.821608696348,1790.8467373833162,0,0.239529978824569,1.0
2.4400000000075175,12.230793200689684,10.980822518159744,1326.363094928565,1703.2320040319175,0,0.24773746666776936,1.0
2.4600000000076485,12.224029941861641,10.824584009695082,1288.887808812411,1702.0547684514054,0,0.25608083622011096,1.0
2.4800000000077795,12.21484462099138,10.690699948445872,1257.201719264706,1726.2799079927267,0,0.2645596815983795,1.0
2.5000000000079106,12.203744671073794,10.601189890875924,1236.2374981265089,1774.7447288714177,0,0.2731735947177628,1.0
2.5200000000080416,12.191955267786515,10.57157332785821,1229.3397888891143,1829.0322463541947,0,0.2819221655220142,1.0
2.5400000000081726,12.181147143139672,10.608418653516056,1237.9240096109413,1881.8750449690833,0,0.29080498218994527,1.0
2.5600000000083036,12.17269303204845,10.708621214598303,1261.420251495193,1927.6880505582983,0,0.2998216313206433,1.0
2.5800000000084347,12.16748673212592,10.860059364362666,1297.3497833722936,1965.6244717876489,0,0.3089716980995608,1.0
2.6000000000085657,12.165561131682642,11.043322934411695,1341.5047957707366,1977.2711056748576,0,0.31825476644739553,1.0
2.6200000000086967,12.166284059400237,11.234752305092092,1388.416252924493,1990.5512022456462,0,0.3276704191535344,1.0
2.6400000000088277,12.168671554930787,11.410224473978136,1432.1254480122661,2049.6150595967915,0,0.3372182379956029,1.0
2.6600000000089588,12.171689140356799,11.548738348920187,1467.1069319700175,2082.220060221639,0,0.3468978038465701,1.0
2.6800000000090898,12.174429188183062,11.635001788206715,1489.105932727308,2083.468309737741,0,0.3567086967706507,1.0
2.700000000009221,12.176157585908447,11.660578582299753,1495.6600216138647,2038.0395863100719,0,0.36665049610918554,1.0
2.720000000009352,12.17628332883985,11.623853570023112,1486.2536899907293,1957.322487804523,0,0.37672278055750347,1.0
2.740000000009483,12.174305174756626,11.529462971367245,1462.2136804894126,1858.341756223664,0,0.38692512823372566,1.0
2.760000000009614,12.169764385264104,11.387717280010781,1426.4811533440175,1738.8075651979682,0,0.3972571167403144,1.0
2.780000000009745,12.162224143428963,11.214119404210173,1383.3212141307145,1619.78174820968,0,0.4077183232191405,1.0
2.800000000009876,12.151317843846046,11.028613484096114,1337.933469197453,1570.1288008853967,0,0.41830832440073645,1.0
2.820000000010007,12.13691868554177,10.853976791850144,1295.896934178237,1568.4703095379648,0,0.42902669664833437,1.0
2.840000000010138,12.119414497068693,10.713081639596044,1262.4713003831487,1582.7821510698561,0,0.439873015997246,1.0
2.860000000010269,12.099926318999188,10.625519342984052,1241.9182743894107,1619.442847839738,0,0.45084685819005604,1.0
2.8800000000104,12.080228137340404,10.604604529366863,1237.0340094669502,1662.589954569108,0,0.4619477987080857,1.0
2.900000000010531,12.062266598017958,10.655391331842626,1248.9110087817767,1705.032818614702,0,0.473175412799499,1.0
2.920000000010662,12.047510366955981,10.773463452200687,1276.7426623149433,1743.6443386838623,0,0.48452927550441643,1.0
2.940000000010793,12.03651148648489,10.944224863538594,1317.5366365006598,1783.2604946346787,0,0.4960089616773502,1.0
2.960000000010924,12.02893749758606,11.143494510647114,1365.952168997046,1868.243195256293,0,0.5076140460072434,1.0
2.980000000011055,12.023978917748115,11.340788086004194,1414.7482185282013,1946.8756617661181,0,0.5193441030353569,1.0
3.000000000011186,12.0207905192194,11.505374096373258,1456.1099640724644,1988.4779924184334,0,0.5311987071712454,1.0
3.020000000011317,12.018695764948712,11.61303281285477,1483.4878422368574,1981.638970289327,0,0.5431774327070282,1.0
3.040000000011448,12.017136932267547,11.650679757877784,1493.1217270268546,1925.9387642702536,0,0.5552798538301084,1.0
3.0600000000115792,12.015531212130691,11.617392915204455,1484.6019996086693,1837.7036895595381,0,0.5675055446345383,1.0
3.0800000000117103,12.013187608896457,11.522476022785202,1460.441990652259,1735.7580447037017,0,0.5798540791311558,1.0
3.1000000000118413,12.009338986927796,11.382275593101479,1425.11817445045,1620.3788403538938,0,0.5923250312566372,1.0
3.1200000000119723,12.003259814650054,11.217199248267999,1384.0811487287858,1511.6860436014047,0,0.604917974881553,1.0
3.1400000000121033,11.99442813708463,11.049200872943866,1342.9332392372983,1490.6478275704671,0,0.6176324838175804,1.0
3.1600000000122344,11.982693874702697,10.89981230983458,1306.864992285836,1496.6550042563813,0,0.6304681318239077,1.0
3.1800000000123654,11.968425185380333,10.788901202162288,1280.4042806502075,1521.1352283735441,0,0.6434244926129705,1.0
3.2000000000124964,11.95247501137524,10.73149604288433,1266.8150805028627,1553.3840269734487,0,0.656501139855555,1.0
3.2200000000126274,11.936046711921467,10.735091959517597,1267.664193172293,1590.340645492264,0,0.6696976471853451,1.0
3.2400000000127585,11.920340085686878,10.800885873335295,1283.2504921369532,1631.6591189453613,0,0.6830135882029793,1.0
3.2600000000128895,11.906187146295007,10.920851904518404,1311.9150695246558,1677.473634234252,0,0.6964485364796715,1.0
3.2800000000130205,11.893880348552937,11.07831714297377,1350.0202179233715,1750.0401633789468,0,0.710002065560426,1.0
3.3000000000131515,11.88313617910067,11.249990038806278,1392.1850346056451,1821.4796565775496,0,0.7236737489669173,1.0
3.3200000000132825,11.873422635911217,11.408866669661256,1431.7846255471827,1881.484121250852,0,0.7374631602000439,1.0
3.3400000000134136,11.864158910353982,11.531186016408617,1462.6507603951939,1905.9951982213058,0,0.751369872742213,1.0
3.3600000000135446,11.854966834340466,11.598862335595687,1479.8696822811028,1883.5051130046793,0,0.7653934600593657,1.0
3.3800000000136756,11.845640722069161,11.597609911815363,1479.5501123330173,1819.042261951981,0,0.7795334956027946,1.0
3.4000000000138066,11.835858646530133,11.528552592261928,1461.9827735980411,1735.5657850107025,0,0.7937895528107446,1.0
3.4200000000139377,11.82534430124812,11.403778115722869,1430.5077084390382,1638.4482948386676,0,0.8081612051098591,1.0
3.4400000000140687,11.81366451130319,11.235690722222998,1388.6482060599274,1523.1257401674436,0,0.8226480259164521,1.0
3.4600000000141997,11.800112435435087,11.043482591100378,1341.5435851393086,1427.7419223479724,0,0.8372495886376465,1.0
3.4800000000143307,11.784425847974514,10.85226278414403,1295.4876828972926,1391.9611902459212,0,0.8519654666723885,1.0
3.5000000000144618,11.766635508081345,10.688698892924117,1256.7311242595697,1386.0545364719453,0,0.8667952334123527,1.0
3.520000000014593,11.74746292772116,10.580224817917788,1231.3527291745183,1409.488705104296,0,0.8817384622427406,1.0
3.540000000014724,11.72781820327188,10.537461751603903,1221.4191018316671,1467.1749169369343,0,0.8967947265429931,1.0
3.560000000014855,11.708833958542126,10.564533526482524,1227.703054953906,1546.4054636297788,0,0.911963599687439,1.0
3.580000000014986,11.691874292245203,10.67277672389595,1252.9897929794868,1634.9901977972252,0,0.9272446550458502,1.0
3.600000000015117,11.67740439910318,10.843358959501517,1293.36276877062,1757.002352748825,0,0.9426374659839446,1.0
3.620000000015248,11.665404115760287,11.043865992833442,1341.6367367442929,1819.9918527273696,0,0.9581416058638434,1.0
3.640000000015379,11.655076982953792,11.23862285313461,1389.3730799849948,1876.6749516829752,0,0.973756648044468,1.0
3.66000000001551,11.646622354444268,11.40322464045582,1430.3688542076866,1983.0106832829524,0,0.9894821658818788,1.0
3.680000000015641,11.639169509761516,11.528840991410124,1462.0559206574023,2009.1598743729357,0,1.0053177327296159,1.0
3.700000000015772,11.631301134825705,11.588070120485787,1477.1170602902503,1889.3192218190302,0,1.0212629219389697,1.0
3.720000000015903,11.623458009627962,11.541955179262484,1465.3840229611446,1871.94013786675,0,1.0373173068592252,1.0
3.740000000016034,11.615872002591518,11.45512914331129,1443.4198205893358,1906.861038215363,0,1.0534804608378912,1.0
3.760000000016165,11.606531941080101,11.36598733019794,1421.0423478924213,1824.586303337965,0,1.0697519572208838,1.0
3.780000000016296,11.595288724450727,11.20228157786454,1380.4022380473955,1723.005764121739,0,1.0861313693527201,1.0
3.800000000016427,11.580773149285413,10.989558254725859,1328.474296974146,1680.4906602392966,0,1.1026182705766907,1.0
3.820000000016558,11.563799908214666,10.824756060283363,1288.9287814110553,1751.89857775676,0,1.1192122342349395,1.0
3.840000000016689,11.54529068374851,10.740316423942367,1268.8983657504677,1972.8820907946024,0,1.1359128336686566,1.0
3.86000000001682,11.526577008216615,10.8120084429598,1285.8947922769737,2161.4225582936274,0,1.152719642218134,1.0
3.8800000000169512,11.508630838044231,10.916491189568319,1310.86757881115,2105.675960096478,0,1.169632233222884,1.0
3.9000000000170822,11.487778155278018,10.8653771623064,1298.6206296708642,2119.9652085141834,0,1.1866501800217406,1.0
3.9200000000172133,11.46846466954477,10.951085381328886,1319.1889813207076,2468.2826892290877,0,1.2037730559529192,1.0
3.9400000000173443,11.455899019664155,11.294989142216549,1403.344576950687,2727.9211069015387,0,1.2210004343540841,1.0
3.9600000000174753,11.448799708113738,11.532815667948311,1463.0642095396145,2757.463205216177,0,1.2383318885624124,1.0
3.9800000000176063,11.438281631652437,11.712478400561224,1509.0036531197452,2945.8735086056245,0,1.2557669919146572,1.0
4.000000000017737,11.434035249137798,12.065288496151876,1601.283051449123,3132.880425141087,0,1.2733053177471867,1.0
4.02000000001698,11.438386067362899,12.287835861292068,1660.900011694609,3131.1069300321446,0,1.2909464393960235,1.0
4.040000000016223,11.43876767208668,12.332649333948071,1673.0366355354276,3198.4632299639657,1,1.3086899301968817,1.0
4.0600000000154655,11.438180333732175,12.60030716341695,1746.4451467370218,3434.452589748034,0,1.326535363485209,1.0
4.080000000014708,11.445869844559343,12.88679173720495,1826.7634140590317,3648.6452324550914,0,1.3444823125962184,1.0
4.100000000013951,11.45315533951732,13.069717829818492,1878.9927656618293,3773.1996767354062,2,1.362530350864912,1.0
4.120000000013194,11.454459005267847,13.247912761746356,1930.5791179712617,3726.325579257708,1,1.3806790516261034,1.0
4.140000000012437,11.455331199562256,13.37361923743347,1967.3906065863564,3882.4967108002224,0,1.3989279882144354,1.0
4.16000000001168,11.453888312516357,13.556169383586496,2021.4670119213667,4185.468938786621,1,1.417276733964425,1.0
4.1800000000109225,11.451401195288337,13.894166971927815,2123.5266342819073,4322.193982264505,0,1.4357248622104346,1.0
4.200000000010165,11.45075369840916,13.97688501016267,2148.886460460409,4223.844631791521,1,1.4542719462867135,1.0
4.220000000009408,11.440824595773783,13.993257909976784,2153.9239362864064,4314.5867065542025,5,1.4729175595274253,1.0
4.240000000008651,11.431181906226655,14.337349505116288,2261.155499150441,4797.035509140484,6,1.491661275266627,1.0
4.260000000007894,11.43334360509805,14.709989522473181,2380.2217092639785,4854.430353336462,3,1.5105026668382993,1.0
4.280000000007137,11.436108640125225,14.535315890383567,2324.0294883656074,4429.468498899048,9,1.5294413075763407,1.0
4.30000000000638,11.422461493802029,14.415854084003909,2285.985338684214,4559.381234219418,10,1.5484767708146001,1.0
4.3200000000056225,11.421034206838524,14.818537434159191,2415.47956856335,4969.7188913083655,9,1.567608629886856,1.0
4.340000000004865,11.439918531391996,14.838795049590878,2422.08822376139,4694.747275485046,10,1.586836458126843,1.0
4.360000000004108,11.438370502603807,14.356319684723722,2267.1430637898443,4305.8817681137825,28,1.6061598288682601,1.0
4.380000000003351,11.431847242390461,14.220532727986004,2224.4590617449317,4523.036987111402,13,1.6255783154447476,1.0
4.400000000002594,11.448981633679203,14.45741933246291,2299.1867113013955,4432.3965959759435,9,1.6450914911899228,1.0
4.420000000001837,11.458599541022114,13.920273219260714,2131.5140714875374,4023.6166933485893,19,1.6646989294373684,1.0
4.4400000000010795,11.448486114653885,13.028972209643065,1867.295285236164,3106.977075398041,35,1.6844002035206385,1.0
4.460000000000322,11.440235201354746,12.39358740955014,1689.6110976597572,3019.867659018958,35,1.7041948867732628,1.0
4.479999999999565,11.447921034189152,11.84199951945552,1542.5624788066325,2490.1216391116964,20,1.7240825525287486,1.0
4.499999999998808,11.425939936498365,11.202009162092672,1380.3351019436898,2342.5731799513164,36,1.7440627741205839,1.0
4.519999999998051,11.408357226928862,10.84595830444312,1293.9829269589052,2630.5806003344683,16,1.7641351248822366,1.0
4.539999999997294,11.409663155153268,10.845391827810285,1293.8477628860755,2908.878907026939,25,1.7842991781471698,1.0
4.559999999996537,11.40023841438797,10.67858618656082,1254.354232381883,3034.0413821218717,26,1.8045545072488178,1.0
4.5799999999957794,11.373596753948172,10.474775375172285,1206.9301107634726,3062.328765875907,39,1.8249006855206087,1.0
4.599999999995022,11.359589158312286,10.54384696971802,1222.8997981291504,3229.6702648159144,40,1.8453372862959623,1.0
4.619999999994265,11.360618150503539,10.533120616740595,1220.4129291948634,3133.1546307866374,22,1.8658638829082914,1.0
4.639999999993508,11.34096442985736,10.35790426145186,1180.1479875834289,3141.4149844642097,41,1.886480048690992,1.0
4.659999999992751,11.327087773886337,10.585270105703339,1232.5273753176646,3713.122710410237,25,1.907185356977459,1.0
4.679999999991994,11.340391737386092,10.977135914130159,1325.4726416501478,4129.316162689256,31,1.92797938110108,1.0
4.6999999999912365,11.342811687394823,11.1041637192594,1356.3269709452843,4336.061987028431,27,1.9488616943952277,1.0
4.719999999990479,11.324769728620748,11.123625130929671,1361.0853965879517,4168.180436514363,31,1.9698318701932909,1.0
4.739999999989722,11.3207636834506,11.29581468046194,1403.549722248734,4106.553047073797,41,1.9908894818286273,1.0
4.759999999988965,11.333317395575172,11.408829800711514,1431.7753716376342,4087.7577601587086,29,2.0120341026345963,1.0
4.779999999988208,11.319737232270999,11.507731088599561,1456.7066228827293,4473.267721822765,35,2.033265305944574,1.0
4.799999999987451,11.309615023180388,12.048372263875155,1596.7960162980776,5483.8313411183,39,2.054582665091916,1.0
4.819999999986694,11.330091774768317,12.820339228165558,1807.9720771776474,6172.789113478797,30,2.075985753409991,1.0
4.839999999985936,11.322922850248082,13.30916743746021,1948.473316661863,6469.8938768601965,23,2.0974741442321347,1.0
4.859999999985179,11.302068481687469,13.478959528761461,1998.5058497578832,5493.548666100691,37,2.1190474108917035,1.0
4.879999999984422,11.289911271142135,13.474589060380664,1997.2100538074328,5029.461250683022,41,2.1407051267220454,1.0
4.899999999983665,11.286390097471722,12.906981479287243,1832.491879973303,3814.5095684633243,38,2.1624468650565127,1.0
4.919999999982908,11.256274929165324,12.140959481660051,1621.431868488422,3444.174983973068,42,2.184272199228448,1.0
4.939999999982151,11.238218825319896,11.75448136640169,1519.8461541239299,3875.927355343194,36,2.206180702571194,1.0
4.9599999999813935,11.25137149828564,11.59336098605145,1478.4662084818985,4761.844088230281,39,2.228171948418102,1.0
4.979999999980636,11.237718311417707,11.667707707677325,1497.4894346697213,5707.020487677789,25,2.2502455101025096,1.0
4.999999999979879,11.203975019609432,12.040097992957778,1594.603556480285,5947.996831835075,37,2.272400960957753,1.0
5.019999999979122,11.191492584504156,12.606375428022263,1748.1277157546785,5859.55108845773,35,2.2946378743171723,1.0
5.039999999978365,11.188943888206586,12.697498469782541,1773.4911412914298,4664.042819975521,34,2.3169558235141117,1.0
5.059999999977608,11.163991580726686,12.195610998479815,1636.0622038886602,3915.9953317357517,44,2.339354381881909,1.0
5.079999999976851,11.147712810448777,11.82593295738817,1538.3795934390369,4605.269140536235,50,2.361833122753892,1.0
5.099999999976093,11.172585316676912,11.825226560792109,1538.1958153546948,5314.710623225649,41,2.384391619463421,1.0
5.119999999975336,11.163153152145387,12.122576457569064,1616.5254596656848,6116.867589741218,30,2.4070294453438166,1.0
5.139999999974579,11.133508335045693,12.592965972638368,1744.4107118683057,6364.703331642864,35,2.4297461737284176,1.0
5.159999999973822,11.12335835898571,13.049266704833009,1873.1169768724967,5364.836781997429,40,2.4525413779505607,1.0
5.179999999973065,11.131668162704631,12.698480743025605,1773.7655449909134,3740.391048880247,39,2.475414631343591,1.0
5.199999999972308,11.109542475376331,11.574852961399117,1473.749431858109,3269.522042716221,48,2.4983655072408273,1.0
5.2199999999715505,11.08912888402679,10.77485926215704,1277.073513312205,3367.7389918514214,40,2.521393578975625,1.0
5.239999999970793,11.104040419250836,10.46212984847556,1204.0177706299955,3825.2976641903183,48,2.5444984198813048,1.0
5.259999999970036,11.090169042570384,10.511384263095334,1215.3811903909304,4627.824257088027,50,2.5676796032912055,1.0
5.279999999969279,11.051517878984587,10.708909026657185,1261.4880579534172,5046.267989301621,44,2.590936702538654,1.0
5.299999999968522,11.035242365628106,10.901698052797494,1307.3172247780553,4259.011324435192,49,2.6142692909569947,1.0
5.319999999967765,11.035530107287105,10.810531184746585,1285.5434294601625,3731.79321748513,41,2.637676941879565,1.0
5.339999999967008,11.006257733277897,10.296845576648298,1166.2753171227578,3599.814792810545,51,2.6611592286396917,1.0
5.35999999996625,10.974831668815996,9.85089424745302,1067.4412922195331,4316.493368061312,37,2.6847157245706996,1.0
5.379999999965493,10.986544316678103,9.636447125677796,1021.4722452658224,5106.587458390536,50,2.7083460030059467,1.0
5.399999999964736,10.979781026737776,10.188933446325924,1141.9580125102498,6017.732167281626,38,2.732049637278753,1.0
5.419999999963979,10.943516849980082,10.963927854249485,1322.284853925065,6547.602360286306,43,2.75582620072245,1.0
5.439999999963222,10.919612417550969,11.804791810045868,1532.884206463786,7408.808102339171,45,2.7796752666703797,1.0
5.459999999962465,10.934639311590251,12.71392034309684,1778.0814753967284,6975.907383771375,25,2.803596408455886,1.0
5.4799999999617075,10.909934702982993,12.983271046891556,1854.2185978475782,6322.887139715489,51,2.8275891994122815,1.0
5.49999999996095,10.88177233870861,12.951098028332371,1845.040341534221,6833.77008337785,41,2.85165321287291,1.0
5.519999999960193,10.888976757108395,13.199186319555192,1916.4037144816623,7028.923020583932,43,2.875788022171101,1.0
5.539999999959436,10.883471991524903,13.503178451899688,2005.6941113423286,7407.720075701851,28,2.8999932006401976,1.0
5.559999999958679,10.848034789958257,13.549696683198846,2019.5370822735879,7061.030030120886,46,2.9242683216135257,1.0
5.579999999957922,10.817245929389312,13.629854821922915,2043.502367133649,6131.286075844569,35,2.9486129584244094,1.0
5.599999999957165,10.833158986739592,13.267719849345172,1936.3562900077866,5661.144473142589,45,2.9730266844062023,1.0
5.619999999956407,10.805738437033897,12.42104520749489,1697.1060045129495,4166.15431537815,49,2.997509072892231,1.0
5.63999999995565,10.764816056594384,11.733603917813749,1514.4520699014756,4280.937254960962,46,3.022059697215818,1.0
5.659999999954893,10.74590877655145,11.418379641814795,1434.1733300907163,4831.280284160277,51,3.0466781307103075,1.0
5.679999999954136,10.748352316846958,11.194889254134225,1378.5809995356292,4425.556856901483,50,3.0713639467090252,1.0
5.699999999953379,10.70803155543306,10.793043394510118,1281.3876428735632,3627.22159303012,65,3.096116718545315,1.0
5.719999999952622,10.668612617540722,10.441940403048017,1199.3753131888725,3942.285726849545,41,3.1209360195525035,1.0
5.7399999999518645,10.673731590948845,10.21675632741446,1148.2032083913975,4054.8201989276904,54,3.1458214230639063,1.0
5.759999999951107,10.661362407236636,9.98462039781014,1096.6190893720295,3805.924728325801,58,3.170772502412881,1.0
5.77999999995035,10.617447948212638,9.773320941932944,1050.6958245742755,4003.5498676749453,49,3.1957888309327784,1.0
5.799999999949593,10.581727156144035,9.841552716427053,1065.4177585723398,4888.680410015479,56,3.2208699819568993,1.0
5.819999999948836,10.606637159995536,10.176641511277811,1139.2043569396901,5828.872000643005,56,3.2460155288185852,1.0
5.839999999948079,10.586250193103874,10.69508568914705,1258.2334368801783,6535.672698142093,61,3.2712250448511813,1.0
5.859999999947322,10.544656303505331,11.080179815993128,1350.4742323021567,6028.5938005529715,50,3.2964981033880076,1.0
5.879999999946564,10.521783622443595,11.275536539431657,1398.5149667726428,5936.914496425735,56,3.321834277762405,1.0
5.899999999945807,10.54155122846671,11.232542632590617,1387.8701539226233,5852.942566445727,49,3.347233141307702,1.0
5.91999999994505,10.508790534482666,10.964603709162239,1322.4478794887175,4420.201131821422,66,3.3726942673572395,1.0
5.939999999944293,10.465501953703866,10.519458812386844,1217.2491507605357,3855.7608098938285,46,3.398217229244341,1.0
5.959999999943536,10.470262656936331,10.11569472301286,1125.6000770210924,4155.384190043842,58,3.4238016003023355,1.0
5.979999999942779,10.474063745868074,9.835246117480388,1064.0527281055433,4221.0360804757565,56,3.4494469538645807,1.0
5.9999999999420215,10.428359201273325,9.63799478820804,1021.8003789127788,4674.7884114487515,60,3.4751528632643924,1.0
6.019999999941264,10.379367656538014,9.465314612743223,985.5139879003143,5389.991244760457,45,3.500918901835097,1.0
6.039999999940507,10.403120081529883,9.422477720789283,976.6139503864745,5687.242626083913,53,3.5267446429100375,1.0
6.05999999993975,10.395748643273226,9.808376064150455,1058.2466511737953,6623.1911095304995,55,3.5526296598225593,1.0
6.079999999938993,10.343483619744674,10.471214812970187,1206.1097362530288,7200.953894969307,58,3.578573525905969,1.0
6.099999999938236,10.297485472366516,11.04669856408555,1342.3250408234674,7389.802780300897,56,3.6045758144936166,1.0
6.119999999937479,10.325440157265426,11.414645809828384,1433.2355286021595,6884.597482171263,52,3.6306360989188398,1.0
6.139999999936721,10.302604917028487,11.617728307992875,1484.687721421729,6832.204126282894,54,3.65675395251496,1.0
6.159999999935964,10.254051010670057,11.465473826786182,1446.0279907999088,5954.964412378405,56,3.6829289486153036,1.0
6.179999999935207,10.22282850903088,11.243592406850835,1390.6020723253314,5793.210138660581,61,3.709160660553228,1.0
6.19999999993445,10.248439630069557,11.004532623228668,1332.0971208127444,5149.916772151096,54,3.735448661662052,1.0
6.219999999933693,10.215825163204222,10.820039988062128,1287.8059187758984,5898.883981244559,60,3.7617925252751134,1.0
6.239999999932936,10.1659054858672,10.77453699429057,1276.9971218546966,6930.682134230503,52,3.7881918247257547,1.0
6.2599999999321785,10.147597086804641,11.094233674724588,1353.9022291233234,8495.895327260336,57,3.8146461333472854,1.0
6.279999999931421,10.18179405329795,12.18782272919105,1633.9732516600454,10813.060552901328,47,3.8411550244730623,1.0
6.299999999930664,10.150023747264623,13.606850223574515,2036.610103074688,10219.47969113013,52,3.86771807143641,1.0
6.319999999929907,10.080314801865326,14.275116222634221,2241.568374866862,9907.592258077537,39,3.8943348475706565,1.0
6.33999999992915,10.072299027915994,14.456390400226006,2298.8594574412127,9619.551572292728,49,3.9210049262091404,1.0
6.359999999928393,10.089428884381825,14.109173907337775,2189.756671822512,7367.775761908083,44,3.9477278806851874,1.0
6.379999999927636,10.054945788224154,13.321484452026816,1952.0814280615143,4498.534384524471,62,3.9745032843321346,1.0
6.399999999926878,9.986036575500078,12.149319678361385,1623.665655117211,4223.752368994457,53,4.001330710483319,1.0
6.419999999926121,9.977060903196278,10.680316304313452,1254.7607199620213,4294.338692496761,68,4.0282097324720585,1.0
6.439999999925364,9.971948172448544,9.396342930592871,971.203865162329,4347.327122092988,60,4.055139923631711,1.0
6.459999999924607,9.935339378012843,8.342711568435732,765.8448626486025,4503.260922437561,65,4.082120857295594,1.0003078113397081
6.47999999992385,9.883530373662763,7.634545554250807,642.6872502211627,4166.632677077831,39,4.109152106797053,1.0023989834756422
6.499999999923093,9.905796296872989,7.4696957161217075,617.6318242517051,3611.9032931831957,56,4.136233245469417,1.006308540648051
6.5199999999223355,9.912021083683177,8.177461952298678,744.3085142307308,6369.969553059756,52,4.163363846646031,1.0118665457382225
6.539999999921578,9.850912890298723,9.140507908319027,936.42519423109,7058.216113012463,56,4.190543483660212,1.0189192027307297
6.559999999920821,9.776884577187285,9.627065878181082,1047.3441479708215,8211.916074100815,45,4.217771729845267,1.027327320647863
6.579999999920064,9.787700443485683,9.428460248538459,1014.0008057897452,9508.118825033705,47,4.2450481585345825,1.0369649236634726
6.599999999919307,9.853171169346748,8.890708994620669,910.9821733468425,8513.652050333085,33,4.272372343061457,1.0477179934851488
6.61999999991855,9.819672256175089,8.090845051445212,762.9122382582729,4484.126438273062,56,4.299743856759266,1.059483331417378
6.6399999999177926,9.735593947107757,7.170082650168811,606.3224641206673,6354.370112360036,57,4.327162272961277,1.0721675287162937
6.659999999917035,9.746729134102308,6.473468711194423,500.4619262896982,7488.124962602651,63,4.354627165000846,1.0856860349304516
6.679999999916278,9.740352711872479,5.91286409019827,423.0252441705961,7890.435697628004,41,4.382138106211337,1.0999623149028024
6.699999999915521,9.699597610082279,5.456758595360504,365.1813870910292,8028.47718939716,46,4.409694669926041,1.1149270859964837
6.719999999914764,9.698490453949603,5.1277592390466635,326.9830762392298,8550.617157997454,33,4.437296429478328,1.1305176279098301
6.739999999914007,9.748654078916726,4.883862477851874,300.8574009121902,7308.390993439438,49,4.464942958201562,1.1466771581727762
6.75999999991325,9.75283258707823,4.831105375439041,298.67418893655025,8394.513170162716,52,4.492633829429017,1.163354267074057
6.7799999999124925,9.715670447861974,7.391126519781451,709.3830951384804,13796.476140114042,51,4.52036861649403,1.180502406363427
6.799999999911735,9.632099820627827,14.107791602771439,2622.9883832039973,18875.57510100799,24,4.548146892729962,1.1980794266114936
6.819999999910978,9.63873558024948,16.93318372893405,3835.4854860171768,16752.788744356352,42,4.575968231470112,1.2160471585966182
6.839999999910221,9.751292553108827,17.345528496587715,4085.2014826699956,10742.349560087385,33,4.603832206047835,1.2343710345290682
6.859999999909464,9.718482728762398,15.336461216778432,3241.909755521529,6483.899868092656,59,4.631738389796478,1.2530197453212943
6.879999999908707,9.61838701158034,13.323641691985857,2483.783354942456,4544.085248185104,49,4.659686356049353,1.2719649304740732
6.8999999999079495,9.573368335028126,11.709595934277187,1947.4377998493148,4779.659929790528,59,4.6876756781397955,1.2911808974745327
6.919999999907192,9.606785058392123,10.17138179389425,1491.5487875944286,4074.2694732680666,54,4.715705929401159,1.3106443678976463
6.939999999906435,9.565508208573117,8.793604346404118,1131.5853061986572,3109.634322518807,78,4.743776683166707,1.330334247669966
6.959999999905678,9.506625629775591,7.756196401954997,893.5080923507841,3833.76634529413,69,4.771887512769861,1.3502314191961258
6.979999999904921,9.4965824181403,6.945434531442555,727.131680531453,3865.6850058647024,60,4.800037991543943,1.3703185532676099
6.999999999904164,9.504830025865823,6.231358760747789,593.9558395770775,4009.8748097527723,60,4.828227692822248,1.3905799388711992
7.019999999903407,9.479851095104912,5.659528855491565,497.1422403480972,5146.075506522709,52,4.8564561899381005,1.4110013291936838
7.0399999999026495,9.402454191894316,5.352257462234024,451.10662640175593,5507.846852169799,28,4.884723056224862,1.4315698022814742
7.059999999901892,9.38448545217429,5.23269149930009,437.41271210939544,10237.354760180124,46,4.913027865015873,1.4522736349605583
7.079999999901135,9.486919949052893,5.868403764502608,558.0402620511908,12628.452132146904,36,4.941370189644453,1.473102188754826
7.099999999900378,9.456192073505973,9.054823843226867,1347.462258113175,14664.99445861151,41,4.96974960344394,1.4940458066609577
7.119999999899621,9.358576549342803,16.796350536756147,4701.783373165263,20822.480634271695,23,4.998165679747671,1.5150957197467225
7.139999999898864,9.315353173856245,19.808514273647248,6630.658787919398,14074.777675771042,43,5.026617991888957,1.5362439626378341
7.1599999998981065,9.381234296442315,19.164456841222943,6292.295545518073,10930.899577543978,45,5.055106113201163,1.5574832970474752
7.179999999897349,9.379106627863852,16.687838109761234,4836.396782738128,4834.5710364102115,44,5.0836296170175785,1.5788071425831443
7.199999999896592,9.29478239923045,12.778264320003034,2874.175400422758,5235.490352508096,80,5.112188076671585,1.600209514138234
7.219999999895835,9.19306836392661,10.185929711173385,1850.8044091499794,7845.9993663479745,68,5.140781065496508,1.6216849652417589
7.239999999895078,9.211113877626572,8.443148389295223,1288.5447262348912,6030.01885892674,72,5.169408156825659,1.6432285367991513
7.259999999894321,9.193668298531124,7.211766115937658,952.4612931398652,5174.95953572794,68,5.198068923992355,1.6648357107111955
7.279999999893564,9.159636720989585,6.312884106178425,739.3247982364408,5724.188671017702,55,5.226762940329992,1.6865023679067452
7.2999999998928065,9.054034076774357,5.671995187263186,604.5182306429366,5074.745980632234,45,5.255489779171845,1.708224750369293
7.319999999892049,9.084606533835782,5.1865278244440045,511.90817911006275,3735.3269275161047,68,5.284249013851293,1.7299994267772638
7.339999999891292,9.081041460220897,4.785714484422313,441.3433061672848,3593.220174642539,64,5.3130402177016345,1.7518232614141298
7.359999999890535,9.029033439929094,4.453097414001979,386.89723239264475,4547.367637968069,62,5.341862964056204,1.7736933860372186
7.379999999889778,8.94925962455621,4.798982251601305,454.88572124486353,4333.987101026511,38,5.370716826248327,1.7956071744235917
7.399999999889021,8.938222128440112,6.613879790866702,874.5699807599941,10782.906581859435,64,5.399601377611369,1.8175622193382839
7.4199999998882635,9.089110521824491,8.465984439235717,1450.309540047012,10734.95046395227,37,5.428516191478674,1.8395563116943452
7.439999999887506,9.005601902536528,8.151437012049772,1360.6438876334498,5817.19549987739,61,5.457460841183541,1.861587421696104
7.459999999886749,8.88987228200397,6.816322212083784,962.7066399354502,12250.786591386386,64,5.486434900059316,1.8836536817769638
7.479999999885992,8.85079399685998,5.905598479793656,731.1175583648833,12046.450417705177,41,5.515437941439329,1.9057533711608727
7.499999999885235,8.948140698162259,5.266583637210803,588.2091261141047,6468.123984564806,54,5.544469538656931,1.9278849018930433
7.519999999884478,8.935099797593718,4.686135006304903,471.0503312617014,6086.254439201557,34,5.573529265045422,1.9500468062000382
7.539999999883721,8.853635048691036,4.179984351350118,379.05415255624246,6922.603502886573,55,5.602616693938144,1.9722377250527
7.5599999998829635,8.819929761028288,3.817463928774605,319.71802070317597,9900.932049683395,39,5.631731398668426,1.9944563978175665
7.579999999882206,8.821955363155555,3.5661580230267713,282.1210598567928,9941.359385568081,37,5.6608729525696555,2.0167016528930253
7.599999999881449,8.902210608022123,3.3186085358629547,247.01088058754138,8806.901553906282,40,5.69004092897508,2.0389723992366253
7.619999999880692,8.921120726667313,3.8414312815283504,334.5901897107304,10558.341201583635,64,5.719234901218084,2.0612676186986576
7.639999999879935,8.84351411446796,9.088945791849811,1893.351365066598,17230.83495408567,39,5.748454442631989,2.0835863590853654
7.659999999879178,8.78516557272288,14.782069142279864,5061.818941591693,18189.074291621706,45,5.777699126550124,2.1059277278822157
7.6799999998784205,8.874712331880028,14.76745275106356,5105.459677451575,11033.139525413619,35,5.806968526305851,2.12829088657457
7.699999999877663,8.872809289619783,12.177266512008192,3508.060732453561,10065.295718447664,55,5.836262215232503,2.150675045508792
7.719999999876906,8.765683481105434,9.644797954540692,2223.589221783827,9796.539574200733,46,5.86557976666339,2.173079459242345
7.739999999876149,8.677524723750198,7.87824106566964,1498.9437471595538,11914.855968718752,34,5.894920753931865,2.1955034223365146
7.759999999875392,8.673337894985577,7.420803976001499,1343.524605870549,14284.115287001381,47,5.924284750371224,2.217946265549425
7.779999999874635,8.803266459629823,11.23073751221273,3108.3951898123637,17927.76007485297,21,5.95367132931482,2.240407352391351
7.799999999873878,8.763977123884231,14.089397596049027,4941.288658176796,13515.491986164674,52,5.983080064095996,2.2628860760079035
7.8199999998731204,8.658042137708867,13.80563526854092,4791.420111912961,13081.055755742445,42,6.012510528048078,2.2853818563597814
7.839999999872363,8.62610047037334,14.534706836982618,5363.164553069335,15075.882157366348,30,6.041962294504399,2.307894137670868
7.859999999871606,8.633415911410735,15.838111247417755,6430.34252238227,15189.13581337884,31,6.071434936798321,2.3304223861192974
7.879999999870849,8.657426903495736,16.900897422428564,7393.122202952501,8557.022864713086,26,6.100928028263113,2.3529660877481433
7.899999999870092,8.619844790182375,14.670347190353159,5623.840929923479,5345.166281270218,63,6.130441142232148,2.3755247465749902
7.919999999869335,8.55344013524157,12.314174929193108,4000.094286020152,6338.895120107038,45,6.159973852038769,2.398097882881381
7.9399999998685775,8.536628554721116,11.17212906104384,3323.554907241283,10332.068276100987,55,6.189525731016304,2.420685031665041
7.95999999986782,8.553596489883484,12.348069876782098,4097.935349856564,13285.082396151745,30,6.219096352498037,2.4432857412394746
7.979999999867063,8.511883139853692,12.154360505525556,4007.119532558115,5018.982234533182,52,6.248685289817357,2.4658995719667054
7.999999999866306,8.390949171056572,9.705804600638372,2578.68308718851,2576.063053949972,58,6.278292116307605,2.488526095110737
8.019999999865549,8.316246844327068,7.840111099493165,1697.9009448966276,1912.5587737720057,53,6.307916405302084,2.5111648918000076
8.039999999864792,8.296072424035184,6.5554047224883565,1197.7514406491568,1727.0239177572778,65,6.337557730134127,2.5338155520886887
8.059999999864035,8.264998643719228,5.664936088722822,902.4532610733763,2009.1590961391994,59,6.367215664137076,2.556477674107261
8.079999999863277,8.105120809345596,4.929311849642151,689.3535558892328,3131.145176800876,76,6.396889780644282,2.579150863293936
8.09999999986252,7.969549336337728,4.459939092607449,569.2856641744036,3279.2974517824337,44,6.426579652989044,2.601834731699192
8.119999999861763,7.9391168963921235,4.130778266579513,492.61520303193515,1952.8309045238225,70,6.4562848545047125,2.6245288973565435
8.139999999861006,7.993562522549897,4.112753614406394,492.5499007939632,3454.363038351998,41,6.486004958524619,2.6472329837131574
8.159999999860249,7.9009975882192744,5.06595126060671,753.7325625186008,2750.4748041543858,54,6.515739538382125,2.6699466191146457
8.179999999859492,7.706792297797134,5.072600603513186,762.1440510220888,7238.962168956319,48,6.545488167410525,2.6926694363389805
8.199999999858735,7.620940905569648,5.292380374544305,836.6210179274182,5727.7035855593385,25,6.575250418943168,2.715401072174578
8.219999999857977,7.643948045418002,5.66683758350494,967.2306519651692,8049.595228676687,59,6.605025866313391,2.738141167038722
8.23999999985722,7.760469418472092,6.8438090305451915,1422.451455281781,10393.641397008754,29,6.634814082854526,2.760889364632212
8.259999999856463,7.548313103879,6.206396523653778,1179.4665274854428,8491.452434926105,52,6.664614641899871,2.7836453116268567
8.279999999855706,7.328673716433932,5.053761346463013,788.4479991245923,17633.059510817224,52,6.6944271167827925,2.8064086573827813
8.299999999854949,7.418182769438131,4.390625639216314,599.9374012103034,9387.060297636948,38,6.724251080836616,2.8291790536925534
8.319999999854192,7.4962449676181295,4.989149905169817,780.8877962791025,15769.67306952917,46,6.7540861073946905,2.8519561545497307
8.339999999853434,7.584083893431276,9.21626827782107,2685.971594537117,7555.648164704867,28,6.783931769790341,2.8747396159394016
8.359999999852677,7.094378871017884,6.969680362800917,1548.2682698464828,18759.07705744664,38,6.813787641356909,2.8975290956486335
8.37999999985192,6.842977672812498,5.4020585000907,937.4375082873796,19963.628121162037,43,6.843653295427696,2.9203242530950075
8.399999999851163,7.033726381520902,4.737018689716877,726.4597424062885,10854.156520042214,31,6.873528305336085,2.9431247491714845
8.419999999850406,7.0437593464218615,4.553403214662372,676.4346370811314,11428.653540098714,43,6.903412244415361,2.9659302461059127
8.439999999849649,7.0694433275724835,6.654653447321096,1455.9007437214286,7764.536272939578,37,6.933304685998905,2.988740407334097
8.459999999848892,6.778336010850419,6.259534547997244,1297.9786559990794,16921.290954780652,27,6.963205203420016,3.0115548973847606
8.479999999848134,6.263103122833131,4.846165557830694,783.8955490662673,23380.458915133753,43,6.993113370012041,3.0343733817755787
8.499999999847377,6.3856965342684475,4.206842972076999,595.1528308258854,16154.826407927687,30,7.023028759108281,3.0571955269190902
8.51999999984662,6.467508623756017,4.17390124643444,590.2428050782603,9475.62126469084,27,7.052950944042117,3.08002100003746
8.539999999845863,6.501527404189047,6.8203700983664355,1587.703036642233,13102.181822583363,49,7.082879498146851,3.1028494690854993
8.559999999845106,6.528115361526742,6.948075749457393,1659.8405565224707,9473.900533134256,23,7.112813994755835,3.1256806026809136
8.579999999844349,5.838370057451177,5.2565222408960395,956.9634178283497,24810.798839852298,24,7.142754007202387,3.148514070041228
8.599999999843591,5.710738563585519,4.388724504509766,671.9136069584179,19764.97738859661,32,7.1726991088198275,3.171349540926705
8.619999999842834,5.9649627787887205,4.006751070457496,564.0761058423031,10220.42800716354,31,7.202648872941517,3.1941866855887002
8.639999999842077,6.084686214493319,3.773360652948819,503.8529174757999,8709.198354530245,53,7.232602872900792,3.2170251747229033
8.65999999984132,6.11381871975161,4.1001374709044764,599.1235524652998,5436.952261588171,39,7.262560682030979,3.239864679427079
8.679999999840563,5.8835267776657965,3.600644102869316,465.2976615139806,15680.834507543157,16,7.292521873665411,3.262704871162793
8.699999999839806,5.15726759330012,3.0582726193567584,338.0279049673691,22193.0333004181,40,7.322486021137424,3.285545421720811
8.719999999839048,5.228856834376358,2.757516774713379,276.72295460264525,17582.531961653243,31,7.352452697780322,3.308386003189722
8.739999999838291,5.475385550268697,2.6573251698417137,258.75349374041735,11045.638512414424,32,7.382421476927474,3.3312262879276426
8.759999999837534,5.425334356954571,2.7304639065969116,275.0661588840173,7225.115915201953,48,7.412391931912205,3.3540659485365514
8.779999999836777,5.311462444031119,3.336394686891565,413.4912522412104,5317.565622208321,41,7.442363636067855,3.3769046578390784
8.79999999983602,5.217665392690318,3.512410327082561,461.3697834147353,7707.836898728819,35,7.472336162727722,3.3997420888575145
8.819999999835263,5.213061373220191,3.1789822348620422,380.4715876605417,8999.905032988498,43,7.502309085225202,3.4225779147948017
8.839999999834506,5.281821803621536,2.7967310455844,296.4389251269853,11893.28635425608,47,7.532281976893551,3.445411809017343
8.859999999833748,5.350446999079966,2.302660896272188,202.28432517205127,12922.534414297657,46,7.562254411066146,3.4682434450394504
8.879999999832991,5.360946217415126,1.7559634989867459,118.40840220245484,11385.996976012071,46,7.592225961076322,3.491072496509287
8.899999999832234,5.3594494761974,2.3793045939993713,218.81747436467435,11026.032684888616,33,7.622196200257417,3.513898637196063
8.919999999831477,5.360841768036745,3.8038325546582064,562.9065921409109,9656.59575232545,38,7.65216470194274,3.536721540978627
8.93999999983072,5.501437552188664,4.0759674627449565,650.5011780477258,6777.707386217887,53,7.682131039465646,3.559540881834926
8.959999999829963,5.661473256737055,4.046204284747825,645.1446185939373,8994.13609969841,44,7.712094786159462,3.5823563338326405
8.979999999829205,5.722611028332705,3.6677841893788212,533.4892703127798,15781.132898425332,54,7.742055515357536,3.6051675711205813
8.999999999828448,5.81301190615521,3.2040770566095733,409.69700343566325,17262.84236332177,43,7.772012800393196,3.627974267921073
9.019999999827691,6.018311360457456,2.833003895401027,322.3088473899951,13936.917354543435,47,7.801966214599723,3.6507760985228357
9.039999999826934,6.13666550559814,4.120056743552671,685.9425179678103,12674.575525001412,47,7.831915331310517,3.673572737274773
9.059999999826177,6.178487034902864,6.07146867035873,1498.838765710492,14061.024043856794,47,7.861859723858884,3.6963638585801624
9.07999999982542,6.312624732581211,7.077941530531969,2049.5108432105035,11475.92350872372,34,7.891798965578169,3.7191491368915286
9.099999999824663,6.520525017460556,6.63462011681177,1811.8417507470565,19280.862727826887,40,7.92173262980167,3.741928246705947
9.119999999823905,6.56848228486847,5.492330875622456,1249.2131406079425,22533.13539776163,35,7.951660289862744,3.764700862560796
9.139999999823148,6.624959711578837,5.999996377998187,1499.8349861725378,24751.536522370177,44,7.981581519094756,3.787466659029943
9.159999999822391,6.606117995805095,15.729494867682147,10369.860041240021,33115.96685531812,43,8.011495890830986,3.8102253107202193
9.179999999821634,6.565492706541233,32.753141994984404,45230.85287560494,37661.09524482389,38,8.041402978404832,3.8329764922683425
9.199999999820877,6.621562716417263,40.55433597208856,69754.58337502717,19295.049836341543,49,8.071302355149573,3.8557198783380784
9.21999999982012,6.727929640395805,39.5122540567105,66606.2632197443,6157.3319392792155,61,8.1011935943985,3.878455143617569
9.239999999819362,6.824726849632245,35.02266686347805,52636.53821748496,3488.0598191331023,61,8.131076269485055,3.901181962817124
9.259999999818605,6.805430454107939,30.529108472257874,40228.96517713399,4041.340852488608,83,8.160949953742508,3.9239000106670954
9.279999999817848,6.744421324007236,26.21936045422188,29844.270739381504,2095.769394417467,62,8.190814220504173,3.9466089619158873
9.299999999817091,6.732509173777148,22.026948522708825,21184.40214446902,1179.9808186008731,74,8.22066864310348,3.9693084913283103
9.319999999816334,6.721432680799249,17.859757299182984,14006.645455571825,428.17678232749586,90,8.250512794873687,3.991998273684036
9.339999999815577,6.869318116212111,13.755714323950382,8356.216765503603,1230.1012677313001,58,8.28034624914812,4.014677983776121
9.35999999981482,6.882264353504974,9.826255554556633,4288.099994601573,5103.226011746689,71,8.310168579260107,4.0373472964097825
9.379999999814062,6.8123960570859445,7.330348998967102,2399.764653807487,3440.8304614530894,71,8.339979358543012,4.060005886401155
9.399999999813305,6.71968360858215,5.836739403618448,1529.944958977408,1009.5146187947257,68,8.36977816033019,4.082653428576417
9.419999999812548,6.675761314369181,4.892451665919465,1080.9100917631354,447.1449787856563,103,8.399564557954896,4.105289597770681
9.439999999811791,6.638404948220743,4.236236129117659,814.8612255206166,904.0608793272917,82,8.429338124750542,4.127914068827216
9.459999999811034,6.679587785272018,3.7254980517289913,633.6720609381294,2898.876533927126,43,8.45909843405042,4.150526516596632
9.479999999810277,6.517868078872634,3.2481496840275605,484.3132112480246,3036.886900952727,63,8.488845059187872,4.173126615936234
9.49999999980952,6.263638376286223,2.8768964441598976,381.98562991477996,6104.7976366551975,62,8.518577573496271,4.195714041709294
9.519999999808762,6.166546415233772,2.611834842079943,316.5340125434308,1086.582863142528,73,8.548295550308906,4.2182884687846185
9.539999999808005,6.074052495336388,2.458812627269358,282.0307241505516,618.207309862766,92,8.577998562959095,4.240849572035912
9.559999999807248,5.960909551941888,2.359014504695604,260.98147752539523,732.0845954034991,78,8.607686184780173,4.263397026341335
9.57999999980649,5.899469705972872,2.265406779139545,241.95254893914478,823.0002707859383,53,8.637357989105539,4.285930506583085
9.599999999805734,5.8032469487016956,2.1557063615866854,220.2383362743599,2377.070022602677,60,8.66701354926846,4.30844968764705
9.619999999804977,5.666899881194999,2.0409726721679498,198.44979751932445,5234.0566144797385,78,8.696652438602305,4.330954244422409
9.63999999980422,5.499252363138852,1.943419815244605,180.86681285776777,5002.980193157805,68,8.726274230440382,4.353443851801337
9.659999999803462,5.366202320307778,1.871262265043508,168.5509476047828,1961.7654406802187,76,8.755878498116,4.37591818467873
9.679999999802705,5.2445742576585905,1.8190335911151159,160.0908706730558,1180.3948443895983,75,8.785464814962564,4.398376917951882
9.699999999801948,5.1351806761963665,1.77631156169464,153.43829915446446,1966.726524541345,51,8.815032754313389,4.420819726520364
9.71999999980119,4.996441618245018,1.7155631731216667,143.84888552736064,4373.887137962234,59,8.844581889501836,4.443246285285697
9.739999999800434,4.844116417678616,1.655085861917923,134.56094683033305,7408.850237072993,72,8.874111793861136,4.465656269151314
9.759999999799676,4.7463308993057165,1.5999444109590057,126.37468801380602,7664.208047162197,65,8.903622040724686,4.488049353022143
9.77999999979892,4.66858821749766,1.5635357450485028,121.29022453854314,6009.118486529752,75,8.933112203425829,4.510425211804767
9.799999999798162,4.557293230588053,1.5425695557902763,118.6443810735108,5706.439967474783,67,8.96258185529788,4.532783520406985
9.819999999797405,4.451324821500395,1.5252692796860656,116.56976773610236,5985.496238210397,70,8.992030569674151,4.555123953737889
9.839999999796648,4.446254585534493,1.5104621512474778,114.8776723030852,6158.526755930189,71,9.021457919888032,4.577446186707615
9.85999999979589,4.449548226209627,1.4970382685875225,113.39468732996187,7071.994012770356,67,9.050863479272827,4.59974989422735
9.879999999795134,4.392355364592676,1.4853218471833076,112.16749722137246,6731.796279820523,63,9.080246821161873,4.622034751209133
9.899999999794376,4.24649270438725,1.4701931983010774,110.42357650153966,6805.120777735356,61,9.10960751888848,4.644300432565875
9.91999999979362,4.1485677273929475,1.454621358506441,108.61460163038304,5729.380373987274,74,9.138945145785977,4.666546613211138
9.939999999792862,4.152679051613768,1.439586067671353,106.88755908564703,4360.616353963854,66,9.16825927518775,4.68877296805922
9.959999999792105,4.091260885583828,1.416298584012904,103.94737134387802,7999.36152869522,57,9.19754948042705,4.710979172025059
9.979999999791348,4.000451493684838,1.3663854688311332,97.20548912179524,11268.217988596347,61,9.22681533483729,4.7331649000240485
9.99999999979059,3.8947734997861354,1.320398294671781,91.19756430819659,10636.041930674937,50,9.25605641175178,4.755329826972133
