rank,mass_kg,min_fos,torsional_fos,feasible,n_rings,n_lines,axial_idx,r_hub_m,taper,worst_ring,Do_top_m,t_over_D,beam_aspect,Do_scale_exp,profile_exp,straight_frac,knuckle_mass_kg
1,15.435174011529034,1.8000000000000005,1.5,true,5,8,3,1.9939229340862803,1.0,2,0.04203248223819459,0.020000000000000004,1.0,0.47959683447470036,3.499499868079132,0.3481367793146123,0.010000000000000007
2,15.435174011529034,1.8000000000000014,1.5,true,5,8,3,1.9939229340862805,0.9999999999999999,6,0.0420324822381946,0.02,1.0,0.2695620420459197,3.4988189899739846,0.6407329790191528,0.01000000000000002
3,15.435174011529034,1.8000000000000005,1.5,true,5,8,3,1.9939229340862803,1.0,2,0.04203248223819459,0.020000000000000004,1.0,0.4242321515207458,0.46377000309038485,0.419803160448044,0.010000000000000009
4,15.435174011529034,1.8000000000000005,1.5,true,5,8,3,1.9939229340862803,1.0,2,0.04203248223819459,0.020000000000000004,1.0,0.3976088714898728,0.30211349333666737,0.4603120917697726,0.010000000000000016
5,15.435174011529034,1.8000000000000005,1.5,true,5,8,3,1.9939229340862803,1.0,2,0.042032482238194606,0.02,1.0,0.11019805863416557,2.121581297924855,0.19789305100233773,0.010000000000000021
6,15.435174011529034,1.8000000000000005,1.5,true,5,8,3,1.9939229340862803,1.0,2,0.04203248223819459,0.02,1.0,0.5162743699638359,3.294102359802423,0.6939969894971247,0.010000000000000023
7,15.435174011529034,1.8000000000000005,1.5,true,5,8,3,1.9939229340862803,1.0,2,0.04203248223819459,0.020000000000000004,1.0,0.6705074799884057,2.7340549018988245,0.17269567053772739,0.010000000000000002
8,15.435174011529034,1.8000000000000005,1.5,true,5,8,3,1.9939229340862803,1.0,2,0.04203248223819459,0.020000000000000007,1.0,0.6890426014288402,1.1394623550535783,0.5940902647860069,0.010000000000000021
9,15.435174011529034,1.8000000000000005,1.5,true,5,8,3,1.9939229340862803,1.0,2,0.04203248223819459,0.020000000000000007,1.0,0.41490850806288493,2.6985085896635352,0.34132916739993874,0.010000000000000021
10,15.435174011529034,1.800000000000002,1.5,true,5,8,3,1.9939229340862803,1.0,2,0.0420324822381946,0.02,1.0,0.015105231012987955,1.9133616713722306,0.32643712432985045,0.01000000000000002
11,15.435174011529034,1.8000000000000005,1.5,true,5,8,3,1.9939229340862803,1.0,2,0.04203248223819459,0.020000000000000004,1.0,0.5162743699638359,3.2286912556571536,0.31860514719619765,0.010000000000000002
12,15.435174011529034,1.8000000000000005,1.5,true,5,8,3,1.9939229340862803,1.0,2,0.04203248223819459,0.020000000000000004,1.0,0.26740255838928517,2.002454565514001,0.5399908582960723,0.010000000000000014
13,15.435174011529034,1.800000000000002,1.5,true,5,8,3,1.9939229340862803,1.0,2,0.0420324822381946,0.02,1.0,0.14038145752808634,2.358387282026697,0.40307645917680535,0.010000000000000004
14,15.435174011529034,1.800000000000002,1.5,true,5,8,3,1.9939229340862803,1.0,2,0.0420324822381946,0.02,1.0,0.5080026667954525,0.7003864980088044,0.31463255062945183,0.01000000000000002
15,15.435174011529034,1.8000000000000005,1.5,true,5,8,3,1.9939229340862803,1.0,2,0.04203248223819459,0.02,1.0,0.33297749587844677,1.817998062656486,0.6671880312753453,0.010000000000000014
16,15.435174011529034,1.8000000000000005,1.5,true,5,8,3,1.9939229340862803,1.0,2,0.04203248223819459,0.020000000000000004,1.0,0.0724362053395742,1.9062593369548784,0.46770242609338625,0.010000000000000016
17,15.435174011529034,1.800000000000002,1.5,true,5,8,3,1.9939229340862803,1.0,2,0.0420324822381946,0.02,1.0,0.5037082702981102,3.1593564375186785,0.2053279689961861,0.010000000000000002
18,15.435174011529034,1.8000000000000005,1.5,true,5,8,3,1.9939229340862803,1.0,2,0.04203248223819459,0.02,1.0,0.7835815451210921,2.743726869531039,0.40339947564315237,0.010000000000000018
19,15.435174011529034,1.8000000000000005,1.5,true,5,8,3,1.9939229340862803,1.0,2,0.042032482238194606,0.02,1.0,0.48257989107236565,2.993592248647389,0.06169958327405878,0.010000000000000014
20,15.435174011529034,1.8000000000000005,1.5,true,5,8,3,1.9939229340862803,1.0,2,0.04203248223819459,0.020000000000000004,1.0,0.09057277717186638,1.163625779448839,0.2700096456775419,0.010000000000000004
21,15.435174011529034,1.8000000000000005,1.5,true,5,8,3,1.9939229340862803,1.0,2,0.04203248223819459,0.020000000000000004,1.0,0.7586524779217385,3.485544161352793,0.49493467546351644,0.010000000000000023
22,15.435174011529034,1.800000000000002,1.5,true,5,8,3,1.9939229340862803,1.0,2,0.0420324822381946,0.02,1.0,0.5037082702981102,1.9416585919509888,0.012234692748352871,0.010000000000000005
23,15.435174011529034,1.8000000000000005,1.5,true,5,8,3,1.9939229340862803,1.0,2,0.04203248223819459,0.020000000000000007,1.0,0.611341790490976,2.012952911282222,0.589437733181175,0.01
24,15.435174011529034,1.8000000000000005,1.5,true,5,8,3,1.9939229340862803,1.0,2,0.042032482238194606,0.02,1.0,0.015297464882773441,2.4023479386246978,0.5360746683647941,0.01000000000000002
25,15.435174011529034,1.8000000000000005,1.5,true,5,8,3,1.9939229340862803,1.0,2,0.04203248223819459,0.020000000000000007,1.0,0.3289633500299416,1.5733512162769876,0.6030911507143362,0.010000000000000018
26,15.435174011529034,1.8000000000000005,1.5,true,5,8,3,1.9939229340862803,1.0,2,0.04203248223819459,0.020000000000000007,1.0,0.19318348015013637,0.8828648847308354,0.3009822549199221,0.010000000000000021
27,15.435174011529034,1.800000000000002,1.5,true,5,8,3,1.9939229340862803,1.0,2,0.0420324822381946,0.02,1.0,0.10096376782120481,2.692863132097992,0.5177606798262324,0.01000000000000002
28,15.435174011529034,1.800000000000002,1.5,true,5,8,3,1.9939229340862803,1.0,2,0.0420324822381946,0.02,1.0,0.40931111814783916,2.6159907241195786,0.2608434389108427,0.010000000000000018
29,15.435174011529034,1.8000000000000005,1.5,true,5,8,3,1.9939229340862803,1.0,2,0.042032482238194606,0.02,1.0,0.046108429400119944,1.9579915738966707,0.03820529347685053,0.010000000000000014
30,15.435174011529034,1.8000000000000005,1.5,true,5,8,3,1.9939229340862803,1.0,2,0.042032482238194606,0.02,1.0,0.298623525135881,0.35429989967249786,0.2705672790934983,0.010000000000000021
31,15.435174011529034,1.8000000000000005,1.5,true,5,8,3,1.9939229340862803,1.0,2,0.042032482238194606,0.02,1.0,0.8968427182982871,1.9115296189287416,0.24585399480537862,0.010000000000000005
32,15.435174011529034,1.800000000000002,1.5,true,5,8,3,1.9939229340862803,1.0,2,0.0420324822381946,0.02,1.0,0.13852180213775978,1.601449119485629,0.14786425043181176,0.010000000000000012
33,15.435174011529034,1.800000000000002,1.5,true,5,8,3,1.9939229340862803,1.0,2,0.0420324822381946,0.02,1.0,0.2707357587252332,3.003896793995365,0.3666617273249125,0.010000000000000012
34,15.435174011529034,1.8000000000000005,1.5,true,5,8,3,1.9939229340862803,1.0,2,0.04203248223819459,0.020000000000000004,1.0,0.2800981586718897,1.4826110752597734,0.40160591200498125,0.010000000000000005
35,15.435174011529034,1.8000000000000005,1.5,true,5,8,3,1.9939229340862803,1.0,2,0.04203248223819459,0.020000000000000004,1.0,0.11301361395337134,0.36613376067983294,0.33674967272071754,0.010000000000000018
36,15.435174011529034,1.8000000000000005,1.5,true,5,8,3,1.9939229340862803,1.0,2,0.04203248223819459,0.020000000000000004,1.0,0.4242321515207458,2.1434171064009537,0.6833393110445001,0.010000000000000002
37,15.435174011529034,1.800000000000002,1.5,true,5,8,3,1.9939229340862803,1.0,2,0.0420324822381946,0.02,1.0,0.01021399027798739,0.5681761114834731,0.12909797967656617,0.010000000000000005
38,15.435174011529034,1.8000000000000005,1.5,true,5,8,3,1.9939229340862803,1.0,2,0.04203248223819459,0.020000000000000004,1.0,0.763057249599637,2.121581297924855,0.32585390436289785,0.010000000000000002
39,15.435174011529034,1.8000000000000005,1.5,true,5,8,3,1.9939229340862803,1.0,2,0.042032482238194606,0.02,1.0,0.0904030306815497,1.817998062656486,0.18778706967697406,0.010000000000000009
40,15.435174011529034,1.8000000000000005,1.5,true,5,8,3,1.9939229340862803,1.0,2,0.042032482238194606,0.02,1.0,0.6091536091878597,0.7128496498829661,0.6661070781268015,0.010000000000000014
41,15.435174011529034,1.8000000000000005,1.5,true,5,8,3,1.9939229340862803,1.0,2,0.04203248223819459,0.020000000000000004,1.0,0.4299002388080889,3.4853240364702427,0.22661845207468273,0.010000000000000002
42,15.435174011529034,1.8000000000000005,1.5,true,5,8,3,1.9939229340862803,1.0,2,0.04203248223819459,0.02,1.0,0.1705725935186748,3.0130273218918067,0.660726222115333,0.010000000000000014
43,15.435174011529034,1.8000000000000005,1.5,true,5,8,3,1.9939229340862803,1.0,2,0.04203248223819459,0.020000000000000007,1.0,0.015105231012987955,3.112536959721289,0.3313765820164352,0.010000000000000002
44,15.435174011529034,1.800000000000002,1.5,true,5,8,3,1.9939229340862803,1.0,2,0.0420324822381946,0.02,1.0,0.20601253602773273,2.4734824402204785,0.40338288092598173,0.010000000000000002
45,15.435174011529034,1.800000000000002,1.5,true,5,8,3,1.9939229340862803,1.0,2,0.0420324822381946,0.02,1.0,0.9132768278629637,2.464968225615987,0.5883227883755768,0.01
46,15.435174011529034,1.8000000000000005,1.5,true,5,8,3,1.9939229340862803,1.0,2,0.04203248223819459,0.02,1.0,0.5665502486754184,2.743726869531039,0.49076294260448605,0.010000000000000016
47,15.435174011529034,1.8000000000000005,1.5,true,5,8,3,1.9939229340862803,1.0,2,0.04203248223819459,0.020000000000000004,1.0,0.3915075853889639,2.1719570229417586,0.4560010322985733,0.010000000000000005
48,15.435174011529034,1.800000000000002,1.5,true,5,8,3,1.9939229340862803,1.0,2,0.0420324822381946,0.02,1.0,0.08436368956029214,0.5475992371763605,0.10094075758002274,0.01000000000000001
49,15.435174011529034,1.8000000000000005,1.5,true,5,8,3,1.9939229340862803,1.0,2,0.04203248223819459,0.02,1.0,0.16756651597053518,2.8828468602256407,0.584213014972047,0.010000000000000002
50,15.435174011529034,1.8000000000000005,1.5,true,5,8,3,1.9939229340862803,1.0,2,0.042032482238194606,0.02,1.0,0.11964256714468949,1.8044250895824112,0.020929582876662467,0.010000000000000002
51,15.435174011529034,1.8000000000000005,1.5,true,5,8,3,1.9939229340862803,1.0,2,0.04203248223819459,0.020000000000000004,1.0,0.4050680630125244,1.312432182462297,0.27652408305821297,0.01
52,15.435174011529034,1.800000000000002,1.5,true,5,8,3,1.9939229340862803,1.0,2,0.0420324822381946,0.02,1.0,0.6076455506580849,2.7899413372038846,0.10902621290610867,0.010000000000000002
53,15.435174011529034,1.8000000000000005,1.5,true,5,8,3,1.9939229340862803,1.0,2,0.042032482238194606,0.02,1.0,0.0437063258912809,0.7265737536645201,0.11439939284366683,0.010000000000000005
54,15.435174011529034,1.8000000000000005,1.5,true,5,8,3,1.9939229340862803,1.0,2,0.04203248223819459,0.020000000000000004,1.0,0.628000374594073,2.527959639424326,0.4168356646733723,0.010000000000000002
55,15.435174011529034,1.800000000000002,1.5,true,5,8,3,1.9939229340862803,1.0,2,0.0420324822381946,0.02,1.0,0.09286711123709632,3.178934880429876,0.24966430626065894,0.010000000000000021
56,15.435174011529034,1.800000000000002,1.5,true,5,8,3,1.9939229340862803,1.0,2,0.0420324822381946,0.02,1.0,0.6412547649684803,3.349132621748061,0.22583799071076402,0.010000000000000002
57,15.435174011529034,1.8000000000000005,1.5,true,5,8,3,1.9939229340862803,1.0,2,0.04203248223819459,0.020000000000000004,1.0,0.028166625407982537,0.4206226536637725,0.6139098131669939,0.010000000000000021
58,15.435174011529034,1.8000000000000005,1.5,true,5,8,3,1.9939229340862803,1.0,2,0.04203248223819459,0.020000000000000004,1.0,0.4772323637662437,1.2094460209200852,0.27652408305821297,0.01000000000000002
59,15.435174011529034,1.8000000000000005,1.5,true,5,8,3,1.9939229340862803,1.0,2,0.04203248223819459,0.020000000000000004,1.0,0.9238955817580157,3.3719267114854046,0.4303539763710878,0.010000000000000012
60,15.435174011529034,1.8000000000000005,1.5,true,5,8,3,1.9939229340862803,1.0,2,0.04203248223819459,0.020000000000000004,1.0,0.6792835141611597,2.7045937595664435,0.6280748231679352,0.010000000000000005
61,15.435174011529034,1.8000000000000005,1.5,true,5,8,3,1.9939229340862803,1.0,2,0.04203248223819459,0.020000000000000007,1.0,0.3781210459367941,0.33732902016565747,0.2722884270626699,0.010000000000000012
62,15.435174011529034,1.800000000000002,1.5,true,5,8,3,1.9939229340862803,1.0,2,0.0420324822381946,0.02,1.0,0.040158431430808016,1.8177506489075692,0.36444211272362437,0.010000000000000018
63,15.435174011529034,1.8000000000000005,1.5,true,5,8,3,1.9939229340862803,1.0,2,0.04203248223819459,0.020000000000000007,1.0,0.44562147121686224,2.5897425314332008,0.24966430626065894,0.010000000000000004
64,15.435174011529034,1.8000000000000005,1.5,true,5,8,3,1.9939229340862803,1.0,2,0.04203248223819459,0.020000000000000004,1.0,0.2675396860336401,2.972124708130305,0.25112226581473784,0.010000000000000012
65,15.435174011529034,1.8000000000000005,1.5,true,5,8,3,1.9939229340862803,1.0,2,0.04203248223819459,0.020000000000000004,1.0,0.3374054857032237,3.1185282464404622,0.37135789361521726,0.010000000000000005
66,15.435174011529034,1.800000000000002,1.5,true,5,8,3,1.9939229340862803,1.0,2,0.0420324822381946,0.02,1.0,0.074089872731996,0.5325048722833065,0.1298188754595815,0.010000000000000007
67,15.435174011529034,1.800000000000002,1.5,true,5,8,3,1.9939229340862803,1.0,2,0.0420324822381946,0.02,1.0,0.4616335448518989,1.9542619462404003,0.3418769683299485,0.010000000000000009
68,15.435174011529034,1.800000000000002,1.5,true,5,8,3,1.9939229340862803,1.0,2,0.0420324822381946,0.02,1.0,0.5659693642010789,2.012952911282222,0.18186873033639828,0.010000000000000016
69,15.435174011529034,1.8000000000000005,1.5,true,5,8,3,1.9939229340862803,1.0,2,0.042032482238194606,0.02,1.0,0.25376078467204904,0.33010645357361557,0.15878584882565733,0.010000000000000018
70,15.435174011529034,1.8000000000000005,1.5,true,5,8,3,1.9939229340862803,1.0,2,0.04203248223819459,0.020000000000000004,1.0,0.2592001115864534,2.1269130626887005,0.26395095597986984,0.010000000000000014
71,15.435174011529034,1.800000000000002,1.5,true,5,8,3,1.9939229340862803,1.0,2,0.0420324822381946,0.02,1.0,0.11019805863416557,2.022326638870699,0.4995100157388856,0.010000000000000021
72,15.435174011529034,1.8000000000000005,1.5,true,5,8,3,1.9939229340862803,1.0,2,0.04203248223819459,0.020000000000000004,1.0,0.5395755824459685,1.312432182462297,0.0049352233868872886,0.010000000000000012
73,15.435174011529034,1.8000000000000005,1.5,true,5,8,3,1.9939229340862803,1.0,2,0.04203248223819459,0.020000000000000004,1.0,0.1480434047112555,1.1178055379775926,0.20466071748986053,0.010000000000000005
74,15.435174011529034,1.8000000000000005,1.5,true,5,8,3,1.9939229340862803,1.0,2,0.04203248223819459,0.020000000000000004,1.0,0.6792835141611597,1.428565127824558,0.6046137631119821,0.010000000000000004
75,15.435174011529034,1.800000000000002,1.5,true,5,8,3,1.9939229340862803,1.0,2,0.0420324822381946,0.02,1.0,0.17575894272156373,0.8173779430212703,0.10168222233892546,0.01000000000000002
76,15.435174011529034,1.800000000000002,1.5,true,5,8,3,1.9939229340862803,1.0,2,0.0420324822381946,0.02,1.0,0.7213939548855213,3.0867911303233466,0.431766167492078,0.010000000000000018
77,15.435174011529034,1.8000000000000005,1.5,true,5,8,3,1.9939229340862803,1.0,2,0.04203248223819459,0.02,1.0,0.01943087596514964,2.743726869531039,0.4969413394147765,0.01000000000000001
78,15.435174011529034,1.8000000000000005,1.5,true,5,8,3,1.9939229340862803,1.0,2,0.04203248223819459,0.02,1.0,0.5877066657571445,3.030671181745228,0.2768701488269304,0.010000000000000005
79,15.435174011529034,1.8000000000000005,1.5,true,5,8,3,1.9939229340862803,1.0,2,0.04203248223819459,0.020000000000000004,1.0,0.5372857156456549,0.30137630701360907,0.32267737276917297,0.010000000000000002
80,15.435174011529034,1.8000000000000005,1.5,true,5,8,3,1.9939229340862803,1.0,2,0.04203248223819459,0.020000000000000004,1.0,0.6702098369256605,3.170381923610631,0.13300938208932228,0.01000000000000001
81,15.435174011529034,1.800000000000002,1.5,true,5,8,3,1.9939229340862803,1.0,2,0.0420324822381946,0.02,1.0,0.3400492208353664,0.42996390191309264,0.14672045581466048,0.01000000000000001
82,15.435174011529034,1.8000000000000005,1.5,true,5,8,3,1.9939229340862803,1.0,2,0.04203248223819459,0.020000000000000004,1.0,0.2026446993150482,1.811608732556926,0.20876396108019138,0.01
83,15.435174011529034,1.800000000000002,1.5,true,5,8,3,1.9939229340862803,1.0,2,0.0420324822381946,0.02,1.0,0.6903915626129321,0.7746755428495955,0.14924271045811507,0.01000000000000001
84,15.435174011529034,1.800000000000002,1.5,true,5,8,3,1.9939229340862803,1.0,2,0.0420324822381946,0.02,1.0,0.38106286202792927,3.410744236168903,0.3447292272225324,0.010000000000000009
85,15.435174011529034,1.800000000000002,1.5,true,5,8,3,1.9939229340862803,1.0,2,0.0420324822381946,0.02,1.0,0.37488466411860366,1.075626198360455,0.46501155788217313,0.010000000000000018
86,15.435174011529034,1.8000000000000005,1.5,true,5,8,3,1.9939229340862803,1.0,2,0.04203248223819459,0.020000000000000004,1.0,0.11502257917809741,2.527959639424326,0.381484119348948,0.010000000000000004
87,15.435174011529034,1.8000000000000005,1.5,true,5,8,3,1.9939229340862803,1.0,2,0.042032482238194606,0.02,1.0,0.33078213796847233,1.7294985444154987,0.046162676830819704,0.010000000000000002
88,15.435174011529034,1.8000000000000005,1.5,true,5,8,3,1.9939229340862803,1.0,2,0.042032482238194606,0.02,1.0,0.23826523174302913,2.4918165331633717,0.29301236698336497,0.010000000000000002
89,15.435174011529034,1.800000000000002,1.5,true,5,8,3,1.9939229340862803,1.0,2,0.0420324822381946,0.02,1.0,0.3669240782287539,1.3493208113830315,0.006923675171031457,0.010000000000000009
90,15.435174011529034,1.800000000000002,1.5,true,5,8,3,1.9939229340862803,1.0,2,0.0420324822381946,0.02,1.0,0.47440268016856646,2.590436565022487,0.01581369905550291,0.01000000000000002
91,15.435174011529034,1.8000000000000005,1.5,true,5,8,3,1.9939229340862803,1.0,2,0.04203248223819459,0.020000000000000007,1.0,0.20176897265205906,0.6530314374757715,0.42090115787607874,0.010000000000000023
92,15.435174011529034,1.8000000000000005,1.5,true,5,8,3,1.9939229340862803,1.0,2,0.04203248223819459,0.020000000000000004,1.0,0.150309876157831,1.6838978517131098,0.19852922436688747,0.010000000000000005
93,15.435174011529034,1.8000000000000005,1.5,true,5,8,3,1.9939229340862803,1.0,2,0.04203248223819459,0.020000000000000004,1.0,0.18418631108300465,1.6038275316002466,0.5893670661453914,0.010000000000000014
94,15.435174011529034,1.8000000000000005,1.5,true,5,8,3,1.9939229340862803,1.0,2,0.04203248223819459,0.020000000000000004,1.0,0.18751036283848643,3.0183102066684917,0.16012877628658487,0.01000000000000001
95,15.435174011529034,1.8000000000000014,1.5,true,5,8,3,1.9939229340862805,0.9999999999999999,6,0.0420324822381946,0.02,1.0,0.13210582584618896,2.8264830176922837,0.44129747942738917,0.01000000000000002
96,15.435174011529034,1.800000000000002,1.5,true,5,8,3,1.9939229340862803,1.0,2,0.0420324822381946,0.02,1.0,0.47016165761062745,2.361739166432432,0.2053279689961861,0.010000000000000004
97,15.435174011529034,1.8000000000000005,1.5,true,5,8,3,1.9939229340862803,1.0,2,0.042032482238194606,0.02,1.0,0.3185557588228285,3.4144202657323586,0.21640958870739027,0.010000000000000014
98,15.435174011529034,1.8000000000000005,1.5,true,5,8,3,1.9939229340862803,1.0,2,0.04203248223819459,0.020000000000000004,1.0,0.2448289352669361,3.4954587661207857,0.29472718315616464,0.01000000000000001
99,15.435174011529034,1.8000000000000005,1.5,true,5,8,3,1.9939229340862803,1.0,2,0.04203248223819459,0.020000000000000007,1.0,0.8932277210097166,2.4598529052990656,0.11058316318511784,0.010000000000000012
100,15.435174011529034,1.8000000000000005,1.5,true,5,8,3,1.9939229340862803,1.0,2,0.04203248223819459,0.020000000000000004,1.0,0.4384478533870174,1.8177805161805614,0.3377502327380506,0.010000000000000002
101,15.435174011529034,1.800000000000002,1.5,true,5,8,3,1.9939229340862803,1.0,2,0.0420324822381946,0.02,1.0,0.507148862518933,3.0940487187272288,0.049806720919972375,0.010000000000000002
102,15.435174011529034,1.8000000000000005,1.5,true,5,8,3,1.9939229340862803,1.0,2,0.04203248223819459,0.020000000000000004,1.0,0.2115436561760368,3.2607985940914976,0.5128953228315927,0.010000000000000009
103,15.435174011529034,1.8000000000000005,1.5,true,5,8,3,1.9939229340862803,1.0,2,0.042032482238194606,0.02,1.0,0.6664830763920527,2.4101736423875204,0.18163583330207,0.01000000000000002
104,15.435174011529034,1.800000000000002,1.5,true,5,8,3,1.9939229340862803,1.0,2,0.0420324822381946,0.02,1.0,0.1188387580288924,0.6464154175027882,0.04508603713473047,0.010000000000000014
105,15.435174011529034,1.8000000000000005,1.5,true,5,8,3,1.9939229340862803,1.0,2,0.04203248223819459,0.020000000000000007,1.0,0.9346654279323152,2.2820628598211226,0.6765479761009681,0.010000000000000018
106,15.435174011529034,1.8000000000000005,1.5,true,5,8,3,1.9939229340862803,1.0,2,0.042032482238194606,0.02,1.0,0.6550953699907289,3.4707679701609164,0.1698432024876918,0.010000000000000009
107,15.435174011529034,1.800000000000002,1.5,true,5,8,3,1.9939229340862803,1.0,2,0.0420324822381946,0.02,1.0,0.1386766880316939,1.904737544245923,0.17158990601574867,0.010000000000000018
108,15.435174011529034,1.800000000000002,1.5,true,5,8,3,1.9939229340862803,1.0,2,0.0420324822381946,0.02,1.0,0.8790099638814451,2.3281641118375527,0.5389778623478667,0.010000000000000012
109,15.435174011529034,1.8000000000000005,1.5,true,5,8,3,1.9939229340862803,1.0,2,0.04203248223819459,0.02,1.0,0.5080026667954525,0.5726174771486567,0.5857137941696766,0.010000000000000018
110,15.435174011529034,1.800000000000002,1.5,true,5,8,3,1.9939229340862803,1.0,2,0.0420324822381946,0.02,1.0,0.11365761643368417,0.9785063342157547,0.15947181519856757,0.010000000000000007
111,15.435174011529034,1.800000000000002,1.5,true,5,8,3,1.9939229340862803,1.0,2,0.0420324822381946,0.02,1.0,0.3675368603011485,1.4728885333064614,0.4513915502182013,0.010000000000000014
112,15.435174011529034,1.800000000000002,1.5,true,5,8,3,1.9939229340862803,1.0,2,0.0420324822381946,0.02,1.0,0.18545490707049958,1.643235749021158,0.4911414419790553,0.010000000000000016
113,15.435174011529034,1.8000000000000005,1.5,true,5,8,3,1.9939229340862803,1.0,2,0.04203248223819459,0.020000000000000004,1.0,0.4700718413106678,2.4177528617255146,0.6130251740611848,0.01000000000000001
114,15.435174011529034,1.800000000000002,1.5,true,5,8,3,1.9939229340862803,1.0,2,0.0420324822381946,0.02,1.0,0.8777082051082166,1.7983073980588051,0.3603293162263712,0.01000000000000002
115,15.435174011529034,1.8000000000000005,1.5,true,5,8,3,1.9939229340862803,1.0,2,0.04203248223819459,0.02,1.0,0.21356555765981428,2.32996256871671,0.5387342536064885,0.010000000000000012
116,15.435174011529034,1.8000000000000005,1.5,true,5,8,3,1.9939229340862803,1.0,2,0.042032482238194606,0.02,1.0,0.18079605868330348,0.7792623262106022,0.13951520934314693,0.010000000000000005
117,15.435174011529034,1.8000000000000005,1.5,true,5,8,3,1.9939229340862803,1.0,2,0.04203248223819459,0.020000000000000004,1.0,0.410863593876025,2.532071582107398,0.39797823335319243,0.010000000000000012
118,15.435174011529034,1.8000000000000005,1.5,true,5,8,3,1.9939229340862803,1.0,2,0.042032482238194606,0.02,1.0,0.18606153478874193,1.5398899921360185,0.042904896288314495,0.010000000000000009
119,15.435174011529034,1.8000000000000005,1.5,true,5,8,3,1.9939229340862803,1.0,2,0.04203248223819459,0.02,1.0,0.26740255838928517,2.8218029056398533,0.4928186738131831,0.01000000000000001
120,15.435174011529034,1.8000000000000005,1.5,true,5,8,3,1.9939229340862803,1.0,2,0.042032482238194606,0.02,1.0,0.815520650537001,3.068869838191229,0.20563776888100477,0.010000000000000007
121,15.435174011529034,1.8000000000000005,1.5,true,5,8,3,1.9939229340862803,1.0,2,0.04203248223819459,0.020000000000000004,1.0,0.38978205480896194,0.6978337298651303,0.15146697910720805,0.010000000000000014
122,15.435174011529034,1.8000000000000005,1.5,true,5,8,3,1.9939229340862803,1.0,2,0.04203248223819459,0.020000000000000004,1.0,0.9647616893934047,3.1319156289531245,0.39264919821050714,0.010000000000000018
123,15.435174011529034,1.8000000000000005,1.5,true,5,8,3,1.9939229340862803,1.0,2,0.04203248223819459,0.020000000000000004,1.0,0.8743542408744283,2.9086862621945837,0.5397518975132518,0.010000000000000002
124,15.435174011529034,1.8000000000000005,1.5,true,5,8,3,1.9939229340862803,1.0,2,0.04203248223819459,0.02,1.0,0.1721203830170588,3.389528697642749,0.5004739123572237,0.01000000000000001
125,15.435174011529034,1.8000000000000005,1.5,true,5,8,3,1.9939229340862803,1.0,2,0.04203248223819459,0.020000000000000004,1.0,0.0686909233506642,3.178934880429876,0.10422474999871903,0.010000000000000007
126,15.435174011529034,1.8000000000000005,1.5,true,5,8,3,1.9939229340862803,1.0,2,0.04203248223819459,0.020000000000000004,1.0,0.32404983536455645,0.810164761277687,0.05589563924833606,0.010000000000000021
127,15.435174011529034,1.8000000000000005,1.5,true,5,8,3,1.9939229340862803,1.0,2,0.04203248223819459,0.02,1.0,0.85822545332716,3.3271619797071392,0.6974665081733272,0.010000000000000004
128,15.435174011529034,1.8000000000000005,1.5,true,5,8,3,1.9939229340862803,1.0,2,0.042032482238194606,0.02,1.0,0.8538083273446574,2.8375401853890496,0.40307645917680535,0.010000000000000016
129,15.435174011529034,1.8000000000000005,1.5,true,5,8,3,1.9939229340862803,1.0,2,0.04203248223819459,0.020000000000000007,1.0,0.40571342873161115,0.3984020374421245,0.192009472608071,0.010000000000000002
130,15.435174011529034,1.8000000000000005,1.5,true,5,8,3,1.9939229340862803,1.0,2,0.04203248223819459,0.02,1.0,0.20601253602773273,0.9518174788765468,0.17978038329439552,0.010000000000000016
131,15.435174011529034,1.800000000000002,1.5,true,5,8,3,1.9939229340862803,1.0,2,0.0420324822381946,0.02,1.0,0.010400928029240766,0.3944360504987505,0.3836953172999482,0.010000000000000016
132,15.435174011529034,1.800000000000002,1.5,true,5,8,3,1.9939229340862803,1.0,2,0.0420324822381946,0.02,1.0,0.1386766880316939,2.361870657997844,0.41532016463403226,0.010000000000000018
133,15.435174011529034,1.8000000000000005,1.5,true,5,8,3,1.9939229340862803,1.0,2,0.04203248223819459,0.020000000000000004,1.0,0.4847458321559076,1.241473668126244,0.0008973684243935021,0.010000000000000005
134,15.435174011529034,1.8000000000000005,1.5,true,5,8,3,1.9939229340862803,1.0,2,0.042032482238194606,0.02,1.0,0.36667660215264886,3.0580928737219595,0.032885859793967284,0.010000000000000016
135,15.435174011529034,1.800000000000002,1.5,true,5,8,3,1.9939229340862803,1.0,2,0.0420324822381946,0.02,1.0,0.451538130274587,3.3434500536968397,0.1551990816167066,0.010000000000000002
136,15.435174011529034,1.8000000000000005,1.5,true,5,8,3,1.9939229340862803,1.0,2,0.042032482238194606,0.02,1.0,0.4382725981978484,1.7661220546460488,0.23313888621024004,0.010000000000000023
137,15.435174011529034,1.8000000000000005,1.5,true,5,8,3,1.9939229340862803,1.0,2,0.042032482238194606,0.02,1.0,0.135055012259379,2.6904260666310997,0.13818909734171203,0.010000000000000014
138,15.435174011529034,1.800000000000002,1.5,true,5,8,3,1.9939229340862803,1.0,2,0.0420324822381946,0.02,1.0,0.1215912351189889,0.39979819121477245,0.027074545807795766,0.01000000000000001
139,15.435174011529034,1.8000000000000005,1.5,true,5,8,3,1.9939229340862803,1.0,2,0.04203248223819459,0.02,1.0,0.7692980266125737,3.0306471641321067,0.22241794979689897,0.010000000000000014
140,15.435174011529034,1.8000000000000005,1.5,true,5,8,3,1.9939229340862803,1.0,2,0.042032482238194606,0.02,1.0,0.732804714500326,3.200531230845928,0.05352959926951684,0.010000000000000004
141,15.435174011529034,1.8000000000000005,1.5,true,5,8,3,1.9939229340862803,1.0,2,0.04203248223819459,0.020000000000000004,1.0,0.40967879788313427,2.00406998544027,0.48293790419150795,0.01000000000000002
142,15.435174011529034,1.800000000000002,1.5,true,5,8,3,1.9939229340862803,1.0,2,0.0420324822381946,0.02,1.0,0.21356555765981428,2.8154743213747047,0.17940325476809896,0.010000000000000014
143,15.435174011529034,1.8000000000000005,1.5,true,5,8,3,1.9939229340862803,1.0,2,0.04203248223819459,0.020000000000000004,1.0,0.5118183610742479,1.5973114212712836,0.6798180915775803,0.01000000000000001
144,15.435174011529034,1.8000000000000005,1.5,true,5,8,3,1.9939229340862803,1.0,2,0.04203248223819459,0.02,1.0,0.42609470110516623,3.3043697264086322,0.6843428662016393,0.010000000000000004
145,15.435174011529034,1.8000000000000005,1.5,true,5,8,3,1.9939229340862803,1.0,2,0.04203248223819459,0.02,1.0,0.008142172618237839,1.936315964881457,0.6535641982950017,0.010000000000000021
146,15.435174011529034,1.8000000000000005,1.5,true,5,8,3,1.9939229340862803,1.0,2,0.04203248223819459,0.020000000000000007,1.0,0.011054308148842007,1.4291541057476902,0.47988715575530955,0.01000000000000002
147,15.435174011529034,1.8000000000000005,1.5,true,5,8,3,1.9939229340862803,1.0,2,0.04203248223819459,0.02,1.0,0.33297749587844677,0.4747756356878009,0.20614284421197443,0.010000000000000007
148,15.435174011529034,1.8000000000000005,1.5,true,5,8,3,1.9939229340862803,1.0,2,0.04203248223819459,0.020000000000000004,1.0,0.9943679372851968,2.666140488086393,0.3968270386019318,0.010000000000000002
149,15.435174011529034,1.8000000000000005,1.5,true,5,8,3,1.9939229340862803,1.0,2,0.04203248223819459,0.020000000000000004,1.0,0.002457140861349294,0.3673427034727961,0.48530186475012305,0.010000000000000012
150,15.435174011529034,1.8000000000000005,1.5,true,5,8,3,1.9939229340862803,1.0,2,0.042032482238194606,0.02,1.0,0.44125251870322446,1.070415022180394,0.08958742447324558,0.010000000000000014
151,15.435174011529034,1.8000000000000005,1.5,true,5,8,3,1.9939229340862803,1.0,2,0.042032482238194606,0.02,1.0,0.5285056551831582,2.743726869531039,0.24103072722520613,0.010000000000000005
152,15.435174011529034,1.8000000000000005,1.5,true,5,8,3,1.9939229340862803,1.0,2,0.04203248223819459,0.020000000000000004,1.0,0.7724083174895324,1.8847680376280165,0.6663246943283774,0.010000000000000016
153,15.435174011529034,1.800000000000002,1.5,true,5,8,3,1.9939229340862803,1.0,2,0.0420324822381946,0.02,1.0,0.1519019383070875,1.5347428597836765,0.060873707139373956,0.01000000000000002
154,15.435174011529034,1.8000000000000005,1.5,true,5,8,3,1.9939229340862803,1.0,2,0.042032482238194606,0.02,1.0,0.011487827326604687,3.2989145321742126,0.0005529152738241519,0.010000000000000012
155,15.435174011529034,1.8000000000000005,1.5,true,5,8,3,1.9939229340862803,1.0,2,0.04203248223819459,0.02,1.0,0.92220230142035,2.9887956724552174,0.6139729580244877,0.010000000000000018
156,15.435174011529034,1.8000000000000005,1.5,true,5,8,3,1.9939229340862803,1.0,2,0.04203248223819459,0.02,1.0,0.36961817576689826,3.18083178859013,0.6369523607371,0.010000000000000014
157,15.435174011529034,1.8000000000000005,1.5,true,5,8,3,1.9939229340862803,1.0,2,0.04203248223819459,0.020000000000000004,1.0,0.35146906674245804,0.5815895580843389,0.09755225694257688,0.010000000000000016
158,15.435174011529034,1.8000000000000005,1.5,true,5,8,3,1.9939229340862803,1.0,2,0.04203248223819459,0.020000000000000004,1.0,0.8751231640449386,2.855228633732144,0.46770242609338625,0.010000000000000007
159,15.435174011529034,1.800000000000002,1.5,true,5,8,3,1.9939229340862803,1.0,2,0.0420324822381946,0.02,1.0,0.14363893778032433,1.2790452984361684,0.5411777368965134,0.010000000000000004
160,15.435174011529034,1.8000000000000005,1.5,true,5,8,3,1.9939229340862803,1.0,2,0.04203248223819459,0.020000000000000004,1.0,0.6705074799884057,2.7340549018988245,0.4006322387328242,0.01000000000000002
161,15.435174011529034,1.800000000000002,1.5,true,5,8,3,1.9939229340862803,1.0,2,0.0420324822381946,0.02,1.0,0.08934280617300033,3.340759977665015,0.19149669593076085,0.01
162,15.435174011529034,1.8000000000000005,1.5,true,5,8,3,1.9939229340862803,1.0,2,0.04203248223819459,0.02,1.0,0.8520680896732267,3.4657703311059964,0.4086731499014217,0.01
163,15.435174011529034,1.8000000000000005,1.5,true,5,8,3,1.9939229340862803,1.0,2,0.04203248223819459,0.020000000000000004,1.0,0.9803958062908387,2.830017587366378,0.36571539323487984,0.010000000000000016
164,15.435174011529034,1.800000000000002,1.5,true,5,8,3,1.9939229340862803,1.0,2,0.0420324822381946,0.02,1.0,0.11019805863416557,2.0775624724149475,0.19135507576133307,0.010000000000000012
165,15.435174011529034,1.8000000000000005,1.5,true,5,8,3,1.9939229340862803,1.0,2,0.04203248223819459,0.020000000000000004,1.0,0.9238955817580157,3.3719267114854046,0.3861966858627889,0.010000000000000004
166,15.435174011529034,1.800000000000002,1.5,true,5,8,3,1.9939229340862803,1.0,2,0.0420324822381946,0.02,1.0,0.00023581097566760523,0.7789692174001488,0.08189783527153445,0.010000000000000004
167,15.435174011529034,1.800000000000002,1.5,true,5,8,3,1.9939229340862803,1.0,2,0.0420324822381946,0.02,1.0,0.3400492208353664,3.2889042213289685,0.14672045581466048,0.010000000000000004
168,15.435174011529034,1.8000000000000005,1.5,true,5,8,3,1.9939229340862803,1.0,2,0.042032482238194606,0.02,1.0,0.12022191931478757,0.3175500898279261,0.31323170634952924,0.01000000000000001
169,15.435174011529034,1.8000000000000005,1.5,true,5,8,3,1.9939229340862803,1.0,2,0.04203248223819459,0.02,1.0,0.9631570415124634,2.88232481902637,0.318070463389971,0.01000000000000001
170,15.435174011529034,1.8000000000000005,1.5,true,5,8,3,1.9939229340862803,1.0,2,0.04203248223819459,0.02,1.0,0.7792031250339273,3.305935110392409,0.5978850768520156,0.010000000000000021
171,15.435174011529034,1.800000000000002,1.5,true,5,8,3,1.9939229340862803,1.0,2,0.0420324822381946,0.02,1.0,0.1489466184363003,3.4795662076271365,0.15552835298654547,0.01
172,15.435174011529034,1.8000000000000005,1.5,true,5,8,3,1.9939229340862803,1.0,2,0.04203248223819459,0.020000000000000007,1.0,0.2823633508309244,0.6023621882776453,0.45818281909600345,0.010000000000000012
173,15.435174011529034,1.8000000000000005,1.5,true,5,8,3,1.9939229340862803,1.0,2,0.042032482238194606,0.02,1.0,0.3772565793667718,3.229994430168403,0.10621271471949757,0.01000000000000002
174,15.435174011529034,1.800000000000002,1.5,true,5,8,3,1.9939229340862803,1.0,2,0.0420324822381946,0.02,1.0,0.23224638893892824,2.2688215337505406,0.5029569206401692,0.010000000000000021
175,15.435174011529034,1.8000000000000005,1.5,true,5,8,3,1.9939229340862803,1.0,2,0.04203248223819459,0.02,1.0,0.8141822715057414,3.3442040548894303,0.5399908582960723,0.010000000000000002
176,15.435174011529034,1.8000000000000005,1.5,true,5,8,3,1.9939229340862803,1.0,2,0.04203248223819459,0.020000000000000004,1.0,0.06739769867495428,1.1918734864442293,0.12268131391574322,0.010000000000000009
177,15.435174011529034,1.800000000000002,1.5,true,5,8,3,1.9939229340862803,1.0,2,0.0420324822381946,0.02,1.0,0.4812727163314697,2.1712516958343544,0.0768377055911394,0.01
178,15.435174011529034,1.8000000000000005,1.5,true,5,8,3,1.9939229340862803,1.0,2,0.04203248223819459,0.020000000000000007,1.0,0.07871391752906967,2.527959639424326,0.425049182846151,0.010000000000000023
179,15.435174011529034,1.8000000000000005,1.5,true,5,8,3,1.9939229340862803,1.0,2,0.04203248223819459,0.020000000000000004,1.0,0.5861844053038977,2.1637691888393364,0.4668719595908304,0.010000000000000023
180,15.435174011529034,1.800000000000002,1.5,true,5,8,3,1.9939229340862803,1.0,2,0.0420324822381946,0.02,1.0,0.5980543634247086,0.30050443654728043,0.23317886342137317,0.010000000000000009
181,15.435174011529034,1.800000000000002,1.5,true,5,8,3,1.9939229340862803,1.0,2,0.0420324822381946,0.02,1.0,0.4522438821852565,1.0151575453439892,0.004150055095894681,0.010000000000000007
182,15.435174011529034,1.800000000000002,1.5,true,5,8,3,1.9939229340862803,1.0,2,0.0420324822381946,0.02,1.0,0.31016881267352525,3.020910715892775,0.27360048606630766,0.01000000000000001
183,15.435174011529034,1.8000000000000005,1.5,true,5,8,3,1.9939229340862803,1.0,2,0.04203248223819459,0.020000000000000004,1.0,0.10630306147761906,1.636465371678608,0.3296487784052578,0.010000000000000005
184,15.435174011529034,1.8000000000000005,1.5,true,5,8,3,1.9939229340862803,1.0,2,0.04203248223819459,0.02,1.0,0.45995386798308435,1.9872494244192076,0.07139686774507845,0.010000000000000014
185,15.435174011529034,1.8000000000000005,1.5,true,5,8,3,1.9939229340862803,1.0,2,0.04203248223819459,0.020000000000000007,1.0,0.4863370655722008,0.7059806364049941,0.6139098131669939,0.010000000000000009
186,15.435174011529034,1.8000000000000005,1.5,true,5,8,3,1.9939229340862803,1.0,2,0.04203248223819459,0.020000000000000004,1.0,0.29934759158598756,2.535108898380326,0.40788971779245586,0.010000000000000023
187,15.435174011529034,1.8000000000000005,1.5,true,5,8,3,1.9939229340862803,1.0,2,0.04203248223819459,0.02,1.0,0.08447591768028828,2.3735478295223444,0.17269567053772739,0.010000000000000002
188,15.435174011529034,1.8000000000000005,1.5,true,5,8,3,1.9939229340862803,1.0,2,0.04203248223819459,0.020000000000000004,1.0,0.16999678055144396,2.566017932358967,0.42090115787607874,0.010000000000000023
189,15.435174011529034,1.800000000000002,1.5,true,5,8,3,1.9939229340862803,1.0,2,0.0420324822381946,0.02,1.0,0.9841078680204446,3.4242043005648517,0.28433772870805096,0.010000000000000018
190,15.435174011529034,1.8000000000000005,1.5,true,5,8,3,1.9939229340862803,1.0,2,0.04203248223819459,0.02,1.0,0.6318326736228993,0.6469810324105134,0.4684391365447078,0.010000000000000005
191,15.435174011529034,1.8000000000000005,1.5,true,5,8,3,1.9939229340862803,1.0,2,0.04203248223819459,0.02,1.0,0.9803958062908387,2.648836871306817,0.6946187414836044,0.010000000000000012
192,15.435174011529034,1.800000000000002,1.5,true,5,8,3,1.9939229340862803,1.0,2,0.0420324822381946,0.02,1.0,0.058540505877322124,3.4985117558828787,0.10580560563216551,0.010000000000000016
193,15.435174011529034,1.800000000000002,1.5,true,5,8,3,1.9939229340862803,1.0,2,0.0420324822381946,0.02,1.0,0.9238955817580157,2.1605954365181175,0.4908464281324518,0.01
194,15.435174011529034,1.8000000000000005,1.5,true,5,8,3,1.9939229340862803,1.0,2,0.042032482238194606,0.02,1.0,0.14911166966909517,0.5796718486598085,0.0034171909512944465,0.010000000000000005
195,15.435174011529034,1.8000000000000005,1.5,true,5,8,3,1.9939229340862803,1.0,2,0.04203248223819459,0.020000000000000007,1.0,0.8790099638814451,2.600761985124482,0.36659501651758847,0.010000000000000018
196,15.435174011529034,1.8000000000000005,1.5,true,5,8,3,1.9939229340862803,1.0,2,0.04203248223819459,0.02,1.0,0.28989854847455304,0.9383824725273106,0.5582329131831449,0.01000000000000002
197,15.435174011529034,1.8000000000000005,1.5,true,5,8,3,1.9939229340862803,1.0,2,0.042032482238194606,0.02,1.0,0.8010885122264657,3.130700020589564,0.24824131975730407,0.010000000000000021
198,15.435174011529034,1.8000000000000005,1.5,true,5,8,3,1.9939229340862803,1.0,2,0.04203248223819459,0.02,1.0,0.9112537721933278,2.7957292009195926,0.2876265875232167,0.010000000000000012
199,15.435174011529034,1.800000000000002,1.5,true,5,8,3,1.9939229340862803,1.0,2,0.0420324822381946,0.02,1.0,0.049959917920648744,1.6226132203470582,0.3051647737953702,0.01
200,15.435174011529034,1.800000000000002,1.5,true,5,8,3,1.9939229340862803,1.0,2,0.0420324822381946,0.02,1.0,0.18545490707049958,0.5628072308736605,0.16107747101486503,0.01000000000000001
