run_id,wind_speed,payout_duration,active_winch,damping_mode,EA_back_line,c_back_line,i_pto,field_imu,mppt_stall,payout_base_m,lifter_elev_deg,duration_s,d_tau_gen_rms,d_omega_rms,T_min,T_mean,T_std,slack_events,slack_events_late,speed_ripple_rms,brake_time,brake_engaged,omega_hub_final,omega_gnd_final,time_to_omega1,max_payout_reached,peak_tau_gen,min_tension_before_brake,T_cyan_min,twist_max,fos_buckling_min,fos_buckling_ring_id,peak_strut_load,peak_strut_ring_id,max_out_of_plane_accel,max_node_jerk,T_trpt_max,peak_trpt_segment_idx,peak_trpt_line_idx,is_disqualified,disqualification_reason,smoothness_raw,tension_raw,composite_score
1,6.0,5.0,0,0,350000.0,250.0,12.5,1,0,15.0,75.0,10.0,152441.02404055317,11.472518480402167,72.85189691300644,4573.079344297272,8706.652284906531,389,293,7.2376944708758595,3.0756200000116816,1,1.5343794694520796,0.0,3.0800000000117103,14.999999999969415,52600.14049638913,161.66886242110903,554.4265549858985,1.2737437834710512,0.020423711850764196,1,39275.10322515573,1,17840.034716480164,3.1876461918279915e9,90143.1537835263,1,4,1,ring_buckling,152446.76029979336,-77727.14810308699,-999.0
2,6.0,5.0,0,0,350000.0,250.0,25.0,1,0,15.0,75.0,10.0,71644.91934140284,13.075601142344494,291.3513519724284,4986.9152864540665,7965.580476176158,390,293,4.926407523741644,3.080900000011716,1,-0.0721875620710232,0.0,3.1000000000118413,14.999999999969415,23524.92510968286,426.74426772889865,554.4265552164695,1.294112130926809,0.024128553253607753,1,34295.08296632767,1,14047.200418026734,9.27221399367558e8,92085.4979703444,1,4,1,ring_buckling,71651.45714197401,-77708.64864802758,-999.0
3,6.0,5.0,0,0,350000.0,500.0,12.5,1,0,15.0,75.0,10.0,152441.02404055317,11.472518480402167,72.85189691300644,4573.079344297272,8706.652284906531,389,293,7.2376944708758595,3.0756200000116816,1,1.5343794694520796,0.0,3.0800000000117103,14.999999999969415,52600.14049638913,161.66886242110903,554.4265549858985,1.2737437834710512,0.020423711850764196,1,39275.10322515573,1,17840.034716480164,3.1876461918279915e9,90143.1537835263,1,4,1,ring_buckling,152446.76029979336,-77727.14810308699,-999.0
4,6.0,5.0,0,0,350000.0,500.0,25.0,1,0,15.0,75.0,10.0,71644.91934140284,13.075601142344494,291.3513519724284,4986.9152864540665,7965.580476176158,390,293,4.926407523741644,3.080900000011716,1,-0.0721875620710232,0.0,3.1000000000118413,14.999999999969415,23524.92510968286,426.74426772889865,554.4265552164695,1.294112130926809,0.024128553253607753,1,34295.08296632767,1,14047.200418026734,9.27221399367558e8,92085.4979703444,1,4,1,ring_buckling,71651.45714197401,-77708.64864802758,-999.0
5,6.0,5.0,0,0,700000.0,250.0,12.5,1,0,15.0,75.0,10.0,639225.9476346044,8.142888388421884,73.75250647751581,3571.70028884243,8216.097915536237,390,293,9.150987509472621,3.0828200000117287,1,0.8170550438462114,0.0,3.1000000000118413,14.999999999969415,198183.10185777952,156.97987949461586,544.5557273944246,1.2128061753257988,0.027317886754679298,1,35907.694269165164,1,16387.34245775978,3.2070616392465816e9,91515.98700889136,1,3,1,ring_buckling,639230.0190787986,-77926.24749352249,-999.0
6,6.0,5.0,0,0,700000.0,250.0,25.0,1,0,15.0,75.0,10.0,45438.81478446741,12.160917126673985,165.31835429423012,5041.399981636228,8754.753547184473,389,293,4.575222378769773,3.08606000001175,1,-0.041091093530951264,0.0,3.1000000000118413,14.999999999969415,22059.652163129493,165.31835429423012,544.5557274324386,1.309500712646031,0.026922829307908114,1,30574.496635570657,1,20111.629516568148,9.426848772673498e8,94995.54026268888,1,4,1,ring_buckling,45444.89524303075,-77634.68164570577,-999.0
7,6.0,5.0,0,0,700000.0,500.0,12.5,1,0,15.0,75.0,10.0,639225.9476346044,8.142888388421884,73.75250647751581,3571.70028884243,8216.097915536237,390,293,9.150987509472621,3.0828200000117287,1,0.8170550438462114,0.0,3.1000000000118413,14.999999999969415,198183.10185777952,156.97987949461586,544.5557273944246,1.2128061753257988,0.027317886754679298,1,35907.694269165164,1,16387.34245775978,3.2070616392465816e9,91515.98700889136,1,3,1,ring_buckling,639230.0190787986,-77926.24749352249,-999.0
8,6.0,5.0,0,0,700000.0,500.0,25.0,1,0,15.0,75.0,10.0,45438.81478446741,12.160917126673985,165.31835429423012,5041.399981636228,8754.753547184473,389,293,4.575222378769773,3.08606000001175,1,-0.041091093530951264,0.0,3.1000000000118413,14.999999999969415,22059.652163129493,165.31835429423012,544.5557274324386,1.309500712646031,0.026922829307908114,1,30574.496635570657,1,20111.629516568148,9.426848772673498e8,94995.54026268888,1,4,1,ring_buckling,45444.89524303075,-77634.68164570577,-999.0
9,6.0,5.0,0,2,350000.0,250.0,12.5,1,0,15.0,75.0,10.0,451140.3766036368,15.19142630969601,136.89517758381717,6362.7664434380395,11770.981206226037,392,293,10.717807717612676,3.0405200000114516,1,-0.27409254731613175,0.0,3.0600000000115792,14.999999999969415,142242.13874255243,159.2723280073489,554.426554983145,1.2534704870109223,0.023875725566541224,1,30934.294757269323,1,30596.938485039405,7.949514304038657e8,97909.61160802108,1,4,1,ring_buckling,451147.9723167916,-78263.10482241618,-999.0
10,6.0,5.0,0,2,350000.0,250.0,25.0,1,0,15.0,75.0,10.0,65300.13364708294,9.462888114536202,169.63854586323956,3368.983680369503,7866.396167537552,391,293,4.24402015592459,3.0041800000112135,1,-0.06838561939883803,0.0,3.020000000011317,14.999999999969415,28350.043944563764,183.09300697532265,554.4265552208216,1.1316875872987424,0.024942938087798107,1,23789.386481104884,1,24815.19147428765,6.116326700410886e8,72813.07815533516,1,5,1,ring_buckling,65304.86509114021,-78030.36145413676,-999.0
11,6.0,5.0,0,2,350000.0,500.0,12.5,1,0,15.0,75.0,10.0,451140.3766036368,15.19142630969601,136.89517758381717,6362.7664434380395,11770.981206226037,392,293,10.717807717612676,3.0405200000114516,1,-0.27409254731613175,0.0,3.0600000000115792,14.999999999969415,142242.13874255243,159.2723280073489,554.426554983145,1.2534704870109223,0.023875725566541224,1,30934.294757269323,1,30596.938485039405,7.949514304038657e8,97909.61160802108,1,4,1,ring_buckling,451147.9723167916,-78263.10482241618,-999.0
12,6.0,5.0,0,2,350000.0,500.0,25.0,1,0,15.0,75.0,10.0,65300.13364708294,9.462888114536202,169.63854586323956,3368.983680369503,7866.396167537552,391,293,4.24402015592459,3.0041800000112135,1,-0.06838561939883803,0.0,3.020000000011317,14.999999999969415,28350.043944563764,183.09300697532265,554.4265552208216,1.1316875872987424,0.024942938087798107,1,23789.386481104884,1,24815.19147428765,6.116326700410886e8,72813.07815533516,1,5,1,ring_buckling,65304.86509114021,-78030.36145413676,-999.0
13,6.0,5.0,0,2,700000.0,250.0,12.5,1,0,15.0,75.0,10.0,333368.64279641287,7.792233242033674,187.24464084701694,5219.189691150232,9472.392912989537,392,293,12.37302233999628,3.2499000000128233,1,-0.15954914789658822,0.0,3.2600000000128895,14.999999999969415,128241.14029732303,187.24464084701694,544.5557273920265,1.2419845184675395,0.03477550053284374,1,21066.782132353866,1,23320.874097785676,5.330433389441284e8,97719.24625327827,1,4,1,ring_buckling,333372.5389130339,-78212.75535915299,-999.0
14,6.0,5.0,0,2,700000.0,250.0,25.0,1,0,15.0,75.0,10.0,69319.81807933022,9.180704058984718,131.75058954153488,3724.4989000496957,6961.822240569664,391,293,3.9540528194661997,3.0093900000112477,1,-0.03444323042100026,0.0,3.020000000011317,14.999999999969415,27124.310004130824,131.75058954153488,544.5557274330604,1.1109109210073136,0.02788523916938246,1,23092.148549671285,1,23097.467629213523,5.3532884884605336e8,71872.68228035414,1,5,1,ring_buckling,69324.40843135971,-78068.24941045846,-999.0
15,6.0,5.0,0,2,700000.0,500.0,12.5,1,0,15.0,75.0,10.0,333368.64279641287,7.792233242033674,187.24464084701694,5219.189691150232,9472.392912989537,392,293,12.37302233999628,3.2499000000128233,1,-0.15954914789658822,0.0,3.2600000000128895,14.999999999969415,128241.14029732303,187.24464084701694,544.5557273920265,1.2419845184675395,0.03477550053284374,1,21066.782132353866,1,23320.874097785676,5.330433389441284e8,97719.24625327827,1,4,1,ring_buckling,333372.5389130339,-78212.75535915299,-999.0
16,6.0,5.0,0,2,700000.0,500.0,25.0,1,0,15.0,75.0,10.0,69319.81807933022,9.180704058984718,131.75058954153488,3724.4989000496957,6961.822240569664,391,293,3.9540528194661997,3.0093900000112477,1,-0.03444323042100026,0.0,3.020000000011317,14.999999999969415,27124.310004130824,131.75058954153488,544.5557274330604,1.1109109210073136,0.02788523916938246,1,23092.148549671285,1,23097.467629213523,5.3532884884605336e8,71872.68228035414,1,5,1,ring_buckling,69324.40843135971,-78068.24941045846,-999.0
17,6.0,5.0,1,0,350000.0,250.0,12.5,1,0,15.0,75.0,10.0,346875.51771145454,9.091963386227356,180.83745785312652,4288.722899218221,8362.87580722854,379,293,8.020117702386532,3.3082000000132052,1,0.3270821511383505,0.0,3.3200000000132825,14.961327796574981,104810.08084718336,258.27923957601126,554.4265549858985,1.205898216766066,0.02697834137546276,1,34547.21982087381,1,15593.410885652615,3.1745084336038785e9,87365.81910535331,1,2,1,ring_buckling,346880.0636931477,-75619.16254214688,-999.0
18,6.0,5.0,1,0,350000.0,250.0,25.0,1,0,15.0,75.0,10.0,41830.04772738158,13.418077227745977,202.2193707752032,5998.5362187226365,9655.287470600968,377,293,4.087258984454097,3.308640000013208,1,-0.4578129588546873,0.0,3.3200000000132825,14.998303355393057,19285.901045000915,202.2193707752032,554.4265552164695,1.2301946295923258,0.03262529954456991,2,27697.195827747462,1,14074.912821759619,8.518080025610173e8,84420.56936091352,1,3,1,ring_buckling,41836.75676599545,-75197.7806292248,-999.0
19,6.0,5.0,1,0,350000.0,500.0,12.5,1,0,15.0,75.0,10.0,346875.51771145454,9.091963386227356,180.83745785312652,4288.722899218221,8362.87580722854,379,293,8.020117702386532,3.3082000000132052,1,0.3270821511383505,0.0,3.3200000000132825,14.961327796574981,104810.08084718336,258.27923957601126,554.4265549858985,1.205898216766066,0.02697834137546276,1,34547.21982087381,1,15593.410885652615,3.1745084336038785e9,87365.81910535331,1,2,1,ring_buckling,346880.0636931477,-75619.16254214688,-999.0
20,6.0,5.0,1,0,350000.0,500.0,25.0,1,0,15.0,75.0,10.0,41830.04772738158,13.418077227745977,202.2193707752032,5998.5362187226365,9655.287470600968,377,293,4.087258984454097,3.308640000013208,1,-0.4578129588546873,0.0,3.3200000000132825,14.998303355393057,19285.901045000915,202.2193707752032,554.4265552164695,1.2301946295923258,0.03262529954456991,2,27697.195827747462,1,14074.912821759619,8.518080025610173e8,84420.56936091352,1,3,1,ring_buckling,41836.75676599545,-75197.7806292248,-999.0
21,6.0,5.0,1,0,700000.0,250.0,12.5,1,0,15.0,75.0,10.0,121129.99546951686,10.520810362916622,140.75769849744833,3824.61079579858,8136.14675402946,379,293,6.705581844576342,3.3150700000132503,1,0.04076698904348116,0.0,3.3200000000132825,14.726663049426902,44612.071438080784,246.06786332164862,544.5557273944246,1.2101621477475497,0.022421468798327755,1,31917.63652687613,1,14751.553358047258,3.1336546589958577e9,92845.2000305377,1,2,1,ring_buckling,121135.25587469831,-75659.24230150256,-999.0
22,6.0,5.0,1,0,700000.0,250.0,25.0,1,0,15.0,75.0,10.0,38873.35924183437,12.9235264515109,66.66124495343799,5985.129206329872,9140.854195660684,379,293,4.057826583410496,3.314410000013246,1,-0.9475093594629501,0.0,3.3200000000132825,14.999980661531856,18319.546074369457,66.66124495343799,544.5557274324386,1.2584536002138123,0.024645700472870537,1,40228.74394506001,1,18248.952031150875,7.909980702434715e8,91058.61162630259,1,3,1,ring_buckling,38879.82100506013,-75733.33875504656,-999.0
23,6.0,5.0,1,0,700000.0,500.0,12.5,1,0,15.0,75.0,10.0,121129.99546951686,10.520810362916622,140.75769849744833,3824.61079579858,8136.14675402946,379,293,6.705581844576342,3.3150700000132503,1,0.04076698904348116,0.0,3.3200000000132825,14.726663049426902,44612.071438080784,246.06786332164862,544.5557273944246,1.2101621477475497,0.022421468798327755,1,31917.63652687613,1,14751.553358047258,3.1336546589958577e9,92845.2000305377,1,2,1,ring_buckling,121135.25587469831,-75659.24230150256,-999.0
24,6.0,5.0,1,0,700000.0,500.0,25.0,1,0,15.0,75.0,10.0,38873.35924183437,12.9235264515109,66.66124495343799,5985.129206329872,9140.854195660684,379,293,4.057826583410496,3.314410000013246,1,-0.9475093594629501,0.0,3.3200000000132825,14.999980661531856,18319.546074369457,66.66124495343799,544.5557274324386,1.2584536002138123,0.024645700472870537,1,40228.74394506001,1,18248.952031150875,7.909980702434715e8,91058.61162630259,1,3,1,ring_buckling,38879.82100506013,-75733.33875504656,-999.0
25,6.0,5.0,1,2,350000.0,250.0,12.5,1,0,15.0,75.0,10.0,283785.97444351955,9.90918614244577,87.17631092792323,6437.080239807519,10502.115907282538,378,293,11.456455652895801,3.4994700000144583,1,0.16777696675224849,0.0,3.5000000000144618,14.986216300729343,109500.6083789316,87.17631092792323,554.426554983145,1.2101128482551147,0.023991320136615712,1,36440.088528655004,1,27399.98331166409,1.0441388707715423e8,92996.95479715159,1,3,1,ring_buckling,283790.9290365908,-75512.82368907207,-999.0
26,6.0,5.0,1,2,350000.0,250.0,25.0,1,0,15.0,75.0,10.0,54131.414115870335,10.079888476622816,174.57112539782432,4164.139251050173,7039.968517469499,378,293,4.228117182919812,3.294440000013115,1,0.5904758769530825,0.0,3.3000000000131515,14.998773949301413,22057.157214296574,182.46789827411806,554.4265552208216,1.0794365003462296,0.029856220419199705,1,15418.391885845922,1,20171.63285509275,2.2891495086065322e8,69780.54886537041,1,4,1,ring_buckling,54136.45406010865,-75425.42887460218,-999.0
27,6.0,5.0,1,2,350000.0,500.0,12.5,1,0,15.0,75.0,10.0,283785.97444351955,9.90918614244577,87.17631092792323,6437.080239807519,10502.115907282538,378,293,11.456455652895801,3.4994700000144583,1,0.16777696675224849,0.0,3.5000000000144618,14.986216300729343,109500.6083789316,87.17631092792323,554.426554983145,1.2101128482551147,0.023991320136615712,1,36440.088528655004,1,27399.98331166409,1.0441388707715423e8,92996.95479715159,1,3,1,ring_buckling,283790.9290365908,-75512.82368907207,-999.0
28,6.0,5.0,1,2,350000.0,500.0,25.0,1,0,15.0,75.0,10.0,54131.414115870335,10.079888476622816,174.57112539782432,4164.139251050173,7039.968517469499,378,293,4.228117182919812,3.294440000013115,1,0.5904758769530825,0.0,3.3000000000131515,14.998773949301413,22057.157214296574,182.46789827411806,554.4265552208216,1.0794365003462296,0.029856220419199705,1,15418.391885845922,1,20171.63285509275,2.2891495086065322e8,69780.54886537041,1,4,1,ring_buckling,54136.45406010865,-75425.42887460218,-999.0
29,6.0,5.0,1,2,700000.0,250.0,12.5,1,0,15.0,75.0,10.0,355240.0198398852,9.262939104415807,136.63693203507714,5489.723632700983,10985.306897392002,379,293,11.337245075065487,3.5080900000145148,1,-0.5139381196223268,0.0,3.520000000014593,14.931428768408011,102673.28353470509,136.63693203507714,544.5557273920265,1.2039331854978563,0.023219475614719928,3,38459.13169594272,1,26658.340593415924,7.376073404169204e8,93676.08663905875,1,3,1,ring_buckling,355244.6513094374,-75663.36306796492,-999.0
30,6.0,5.0,1,2,700000.0,250.0,25.0,1,0,15.0,75.0,10.0,61953.11351015316,8.178766725945458,59.40777951881482,2844.7879049075445,6407.305153060149,379,293,5.2330968671012235,3.4794700000143273,1,0.0903213543212302,0.0,3.4800000000143307,14.978620766907671,20065.229122680863,242.09050710786056,544.5557274330604,1.0563109595641826,0.02824289809208176,1,20119.947802302428,1,18816.49312434731,1.9795382751423454e8,69647.73936766374,1,4,1,ring_buckling,61957.202893516136,-75740.59222048118,-999.0
31,6.0,5.0,1,2,700000.0,500.0,12.5,1,0,15.0,75.0,10.0,355240.0198398852,9.262939104415807,136.63693203507714,5489.723632700983,10985.306897392002,379,293,11.337245075065487,3.5080900000145148,1,-0.5139381196223268,0.0,3.520000000014593,14.931428768408011,102673.28353470509,136.63693203507714,544.5557273920265,1.2039331854978563,0.023219475614719928,3,38459.13169594272,1,26658.340593415924,7.376073404169204e8,93676.08663905875,1,3,1,ring_buckling,355244.6513094374,-75663.36306796492,-999.0
32,6.0,5.0,1,2,700000.0,500.0,25.0,1,0,15.0,75.0,10.0,61953.11351015316,8.178766725945458,59.40777951881482,2844.7879049075445,6407.305153060149,379,293,5.2330968671012235,3.4794700000143273,1,0.0903213543212302,0.0,3.4800000000143307,14.978620766907671,20065.229122680863,242.09050710786056,544.5557274330604,1.0563109595641826,0.02824289809208176,1,20119.947802302428,1,18816.49312434731,1.9795382751423454e8,69647.73936766374,1,4,1,ring_buckling,61957.202893516136,-75740.59222048118,-999.0
33,11.0,5.0,0,0,350000.0,250.0,12.5,1,0,15.0,75.0,10.0,229533.9644714146,7.495537615622,210.16242584240666,3855.2988520551016,7207.04270299152,391,293,9.54234163662467,3.644460000015408,1,0.03114900911636655,0.0,3.66000000001551,14.999999999969415,83379.60226431706,531.0418798785643,600.6421265325023,1.0806938996879936,0.03566653905698908,1,17381.301055707503,1,17205.38281298651,3.470944202345979e8,76865.43356369177,1,2,1,ring_buckling,229537.7122402224,-77989.83757415759,-999.0
34,11.0,5.0,0,0,350000.0,250.0,25.0,1,0,15.0,75.0,10.0,70059.43951662864,10.776227138248492,226.20332484677382,3065.597666068464,6842.054065805413,391,293,6.3664385441241675,3.3940300000137675,1,-0.05134535847980848,0.0,3.4000000000138066,14.999999999969415,24112.087732448053,484.662378004723,600.6421307840349,1.1432888589996466,0.034807495980910805,1,24574.517508553807,1,36680.65538884185,2.344418933470406e8,84353.78514414674,1,3,1,ring_buckling,70064.82763019776,-77973.79667515322,-999.0
35,11.0,5.0,0,0,350000.0,500.0,12.5,1,0,15.0,75.0,10.0,229533.9644714146,7.495537615622,210.16242584240666,3855.2988520551016,7207.04270299152,391,293,9.54234163662467,3.644460000015408,1,0.03114900911636655,0.0,3.66000000001551,14.999999999969415,83379.60226431706,531.0418798785643,600.6421265325023,1.0806938996879936,0.03566653905698908,1,17381.301055707503,1,17205.38281298651,3.470944202345979e8,76865.43356369177,1,2,1,ring_buckling,229537.7122402224,-77989.83757415759,-999.0
36,11.0,5.0,0,0,350000.0,500.0,25.0,1,0,15.0,75.0,10.0,70059.43951662864,10.776227138248492,226.20332484677382,3065.597666068464,6842.054065805413,391,293,6.3664385441241675,3.3940300000137675,1,-0.05134535847980848,0.0,3.4000000000138066,14.999999999969415,24112.087732448053,484.662378004723,600.6421307840349,1.1432888589996466,0.034807495980910805,1,24574.517508553807,1,36680.65538884185,2.344418933470406e8,84353.78514414674,1,3,1,ring_buckling,70064.82763019776,-77973.79667515322,-999.0
37,11.0,5.0,0,0,700000.0,250.0,12.5,1,0,15.0,75.0,10.0,227207.26593483836,15.23777589357565,125.20591350942303,4193.555808841758,8450.053168691871,390,293,8.505326919459694,3.5332400000146795,1,-0.004392443680258621,0.0,3.540000000014724,14.999999999969415,78075.63629712097,153.0572016344348,583.3658837061328,1.3700819750399944,0.01887408593399374,1,50013.00473244279,1,32394.961208168428,1.8033157579922724e9,106202.59770138169,1,5,1,ring_buckling,227214.88482278516,-77874.79408649058,-999.0
38,11.0,5.0,0,0,700000.0,250.0,25.0,1,0,15.0,75.0,10.0,104182.47458143688,9.597525647493924,111.29394883403889,3575.2661881029935,7916.563146243603,391,293,7.216765221865845,3.4239400000139635,1,0.023845736922012473,0.0,3.4400000000140687,14.999999999969415,34439.30436195305,154.8072413719662,583.365884210263,1.267392786072243,0.017346460690610622,1,38584.32672763895,1,28057.198956367283,1.2815441050758292e8,96736.955154827,1,3,1,ring_buckling,104187.27334426063,-78088.70605116597,-999.0
39,11.0,5.0,0,0,700000.0,500.0,12.5,1,0,15.0,75.0,10.0,227207.26593483836,15.23777589357565,125.20591350942303,4193.555808841758,8450.053168691871,390,293,8.505326919459694,3.5332400000146795,1,-0.004392443680258621,0.0,3.540000000014724,14.999999999969415,78075.63629712097,153.0572016344348,583.3658837061328,1.3700819750399944,0.01887408593399374,1,50013.00473244279,1,32394.961208168428,1.8033157579922724e9,106202.59770138169,1,5,1,ring_buckling,227214.88482278516,-77874.79408649058,-999.0
40,11.0,5.0,0,0,700000.0,500.0,25.0,1,0,15.0,75.0,10.0,104182.47458143688,9.597525647493924,111.29394883403889,3575.2661881029935,7916.563146243603,391,293,7.216765221865845,3.4239400000139635,1,0.023845736922012473,0.0,3.4400000000140687,14.999999999969415,34439.30436195305,154.8072413719662,583.365884210263,1.267392786072243,0.017346460690610622,1,38584.32672763895,1,28057.198956367283,1.2815441050758292e8,96736.955154827,1,3,1,ring_buckling,104187.27334426063,-78088.70605116597,-999.0
41,11.0,5.0,0,2,350000.0,250.0,12.5,1,0,15.0,75.0,10.0,355395.59156377625,14.247116003514869,74.96869398399541,6054.491742808342,9900.32177134227,391,293,12.020411569492982,3.5048700000144937,1,2.1888025238780937,0.0,3.520000000014593,14.999999999969415,132044.29179584593,258.79179595936426,600.6421263515805,1.2696766390173195,0.015419019575328145,1,44577.05070754234,1,18798.046800514738,7.335812519738334e8,99849.41111585106,1,5,1,ring_buckling,355402.715121778,-78125.03130601601,-999.0
42,11.0,5.0,0,2,350000.0,250.0,25.0,1,0,15.0,75.0,10.0,90840.35623212859,13.268457805171565,183.33350565118386,4161.353169060294,8776.277053285956,392,293,7.048829847956825,3.7171700000158845,1,0.5059816105502479,0.0,3.720000000015903,14.999999999969415,30269.08922568442,244.5987199433425,600.6421307922949,1.253380496679938,0.020804749246638547,1,43030.126704593655,1,36793.642312404816,1.8485103675613713e8,100272.74755143035,1,1,1,ring_buckling,90846.99046103118,-78216.66649434881,-999.0
43,11.0,5.0,0,2,350000.0,500.0,12.5,1,0,15.0,75.0,10.0,355395.59156377625,14.247116003514869,74.96869398399541,6054.491742808342,9900.32177134227,391,293,12.020411569492982,3.5048700000144937,1,2.1888025238780937,0.0,3.520000000014593,14.999999999969415,132044.29179584593,258.79179595936426,600.6421263515805,1.2696766390173195,0.015419019575328145,1,44577.05070754234,1,18798.046800514738,7.335812519738334e8,99849.41111585106,1,5,1,ring_buckling,355402.715121778,-78125.03130601601,-999.0
44,11.0,5.0,0,2,350000.0,500.0,25.0,1,0,15.0,75.0,10.0,90840.35623212859,13.268457805171565,183.33350565118386,4161.353169060294,8776.277053285956,392,293,7.048829847956825,3.7171700000158845,1,0.5059816105502479,0.0,3.720000000015903,14.999999999969415,30269.08922568442,244.5987199433425,600.6421307922949,1.253380496679938,0.020804749246638547,1,43030.126704593655,1,36793.642312404816,1.8485103675613713e8,100272.74755143035,1,1,1,ring_buckling,90846.99046103118,-78216.66649434881,-999.0
45,11.0,5.0,0,2,700000.0,250.0,12.5,1,0,15.0,75.0,10.0,348546.3493414796,15.34989505770481,137.25082581930835,5507.511894987496,9491.358853279638,391,293,10.840489210880895,3.6629800000155295,1,1.471131498471662,0.0,3.680000000015641,14.999999999969415,96600.16102037756,404.5142316119336,583.3658836920997,1.3240912699095944,0.021251348865807373,1,42167.83562973561,1,27859.343676298373,2.576422577961788e9,92024.78558368766,1,1,1,ring_buckling,348554.02428900846,-78062.74917418069,-999.0
46,11.0,5.0,0,2,700000.0,250.0,25.0,1,0,15.0,75.0,10.0,90368.40922542497,14.060497026956705,123.97678158399965,5687.309510739339,9382.258001423474,389,293,7.168846018996624,3.5019400000144745,1,-0.22241457854512733,0.0,3.520000000014593,14.999999999969415,32988.33532655148,133.41034669025294,583.3658842053779,1.2902046761396662,0.024616976012933254,1,33955.31784719601,1,25912.387518883013,4.393355689660806e8,106095.03899738332,1,2,1,ring_buckling,90375.43947393844,-77676.023218416,-999.0
47,11.0,5.0,0,2,700000.0,500.0,12.5,1,0,15.0,75.0,10.0,348546.3493414796,15.34989505770481,137.25082581930835,5507.511894987496,9491.358853279638,391,293,10.840489210880895,3.6629800000155295,1,1.471131498471662,0.0,3.680000000015641,14.999999999969415,96600.16102037756,404.5142316119336,583.3658836920997,1.3240912699095944,0.021251348865807373,1,42167.83562973561,1,27859.343676298373,2.576422577961788e9,92024.78558368766,1,1,1,ring_buckling,348554.02428900846,-78062.74917418069,-999.0
48,11.0,5.0,0,2,700000.0,500.0,25.0,1,0,15.0,75.0,10.0,90368.40922542497,14.060497026956705,123.97678158399965,5687.309510739339,9382.258001423474,389,293,7.168846018996624,3.5019400000144745,1,-0.22241457854512733,0.0,3.520000000014593,14.999999999969415,32988.33532655148,133.41034669025294,583.3658842053779,1.2902046761396662,0.024616976012933254,1,33955.31784719601,1,25912.387518883013,4.393355689660806e8,106095.03899738332,1,2,1,ring_buckling,90375.43947393844,-77676.023218416,-999.0
49,11.0,5.0,1,0,350000.0,250.0,12.5,1,0,15.0,75.0,10.0,151983.84935050394,8.153242695750736,242.9058827547415,4478.960874422741,6566.871796064562,379,293,7.27325145588164,3.831400000016633,1,0.3128983508020852,0.0,3.840000000016689,14.966287406401932,68113.97373934266,1074.792887287283,600.6421265325023,0.9920296260552774,0.036441991129163506,1,18619.768947392236,1,13867.319836145745,1.0846959678350708e8,70750.48912674734,1,5,1,ring_buckling,151987.9259718518,-75557.09411724526,-999.0
50,11.0,5.0,1,0,350000.0,250.0,25.0,1,0,15.0,75.0,10.0,61518.86252064528,12.011180823909756,152.49274647914692,4056.7165710748336,7709.551427481225,379,293,6.802147199141223,3.909300000017143,1,0.2749810526958195,0.0,3.9200000000172133,14.980271777313096,33214.96315478404,309.95471964389736,600.6421307840349,1.2071953186885906,0.03411566585354764,1,18910.371250279248,1,36991.475588175934,1.2891205057840873e8,93780.40238636055,1,3,1,ring_buckling,61524.868111057236,-75647.50725352086,-999.0
51,11.0,5.0,1,0,350000.0,500.0,12.5,1,0,15.0,75.0,10.0,151983.84935050394,8.153242695750736,242.9058827547415,4478.960874422741,6566.871796064562,379,293,7.27325145588164,3.831400000016633,1,0.3128983508020852,0.0,3.840000000016689,14.966287406401932,68113.97373934266,1074.792887287283,600.6421265325023,0.9920296260552774,0.036441991129163506,1,18619.768947392236,1,13867.319836145745,1.0846959678350708e8,70750.48912674734,1,5,1,ring_buckling,151987.9259718518,-75557.09411724526,-999.0
52,11.0,5.0,1,0,350000.0,500.0,25.0,1,0,15.0,75.0,10.0,61518.86252064528,12.011180823909756,152.49274647914692,4056.7165710748336,7709.551427481225,379,293,6.802147199141223,3.909300000017143,1,0.2749810526958195,0.0,3.9200000000172133,14.980271777313096,33214.96315478404,309.95471964389736,600.6421307840349,1.2071953186885906,0.03411566585354764,1,18910.371250279248,1,36991.475588175934,1.2891205057840873e8,93780.40238636055,1,3,1,ring_buckling,61524.868111057236,-75647.50725352086,-999.0
53,11.0,5.0,1,0,700000.0,250.0,12.5,1,0,15.0,75.0,10.0,36640.12302096189,7.899230626968228,158.9065777717921,3073.6465652461243,5683.461698980211,376,293,4.020074610585036,3.614510000015212,1,0.13925838211529792,0.0,3.620000000015248,14.954308627681309,11843.180828622724,193.93808838328601,583.3658837061328,0.9218375444398248,0.048980692075595446,1,13307.105526346713,1,27577.246290142353,8.304691858371351e8,53766.92788424799,1,5,1,ring_buckling,36644.07263627537,-75041.09342222821,-999.0
54,11.0,5.0,1,0,700000.0,250.0,25.0,1,0,15.0,75.0,10.0,31628.841593625995,9.122241740522323,54.5267623365696,5227.018603114991,7808.201446867638,377,293,4.721414604353563,4.032570000016504,1,-0.36312186435858546,0.0,4.040000000016223,14.997121419684794,10320.857974412662,303.74414672018236,583.365884210263,0.9408756008860664,0.052195753008569996,2,13283.877462825505,1,22832.36934530511,1.2648701169055001e8,55863.38417829638,2,4,1,ring_buckling,31633.402714496257,-75345.47323766343,-999.0
55,11.0,5.0,1,0,700000.0,500.0,12.5,1,0,15.0,75.0,10.0,36640.12302096189,7.899230626968228,158.9065777717921,3073.6465652461243,5683.461698980211,376,293,4.020074610585036,3.614510000015212,1,0.13925838211529792,0.0,3.620000000015248,14.954308627681309,11843.180828622724,193.93808838328601,583.3658837061328,0.9218375444398248,0.048980692075595446,1,13307.105526346713,1,27577.246290142353,8.304691858371351e8,53766.92788424799,1,5,1,ring_buckling,36644.07263627537,-75041.09342222821,-999.0
56,11.0,5.0,1,0,700000.0,500.0,25.0,1,0,15.0,75.0,10.0,31628.841593625995,9.122241740522323,54.5267623365696,5227.018603114991,7808.201446867638,377,293,4.721414604353563,4.032570000016504,1,-0.36312186435858546,0.0,4.040000000016223,14.997121419684794,10320.857974412662,303.74414672018236,583.365884210263,0.9408756008860664,0.052195753008569996,2,13283.877462825505,1,22832.36934530511,1.2648701169055001e8,55863.38417829638,2,4,1,ring_buckling,31633.402714496257,-75345.47323766343,-999.0
57,11.0,5.0,1,2,350000.0,250.0,12.5,1,0,15.0,75.0,10.0,261088.6624264871,8.88733968619829,176.6569707840001,5286.64219359564,8711.98438143042,379,293,12.366001549686317,3.8801800000169524,1,0.1989007244834748,0.0,3.9000000000170822,13.088011507283138,80127.85550659886,295.9181609799276,600.6421263515805,1.082033362471222,0.03005748176147977,1,20161.746066326275,1,16292.160694000222,1.6591841206363237e8,71893.6695421765,1,2,1,ring_buckling,261093.10609633022,-75623.343029216,-999.0
58,11.0,5.0,1,2,350000.0,250.0,25.0,1,0,15.0,75.0,10.0,58838.06553120919,11.220192870279366,157.25418214572164,4924.3407050212845,7585.2182411428585,379,293,6.045798743684231,3.683810000015666,1,0.3808296801237922,0.0,3.700000000015772,14.953263757663295,20507.594691100767,157.25418214572164,600.6421307922949,1.135856506961204,0.037247143369493786,1,23758.706322744954,1,16791.468786032186,9.567832794422747e7,69982.93506924383,1,5,1,ring_buckling,58843.675627644334,-75642.74581785427,-999.0
59,11.0,5.0,1,2,350000.0,500.0,12.5,1,0,15.0,75.0,10.0,261088.6624264871,8.88733968619829,176.6569707840001,5286.64219359564,8711.98438143042,379,293,12.366001549686317,3.8801800000169524,1,0.1989007244834748,0.0,3.9000000000170822,13.088011507283138,80127.85550659886,295.9181609799276,600.6421263515805,1.082033362471222,0.03005748176147977,1,20161.746066326275,1,16292.160694000222,1.6591841206363237e8,71893.6695421765,1,2,1,ring_buckling,261093.10609633022,-75623.343029216,-999.0
60,11.0,5.0,1,2,350000.0,500.0,25.0,1,0,15.0,75.0,10.0,58838.06553120919,11.220192870279366,157.25418214572164,4924.3407050212845,7585.2182411428585,379,293,6.045798743684231,3.683810000015666,1,0.3808296801237922,0.0,3.700000000015772,14.953263757663295,20507.594691100767,157.25418214572164,600.6421307922949,1.135856506961204,0.037247143369493786,1,23758.706322744954,1,16791.468786032186,9.567832794422747e7,69982.93506924383,1,5,1,ring_buckling,58843.675627644334,-75642.74581785427,-999.0
61,11.0,5.0,1,2,700000.0,250.0,12.5,1,0,15.0,75.0,10.0,341603.4781589174,8.380843669716938,242.88202162823538,4941.311114833798,8159.079015099251,378,293,12.964327708543161,3.9249100000172454,1,0.35606430579507314,0.0,3.9400000000173443,14.802835414145843,90048.11822434921,367.21518681120943,583.3658836920997,1.1956648272051922,0.026270936822776786,1,25421.827734116465,1,19337.679315824596,1.0613440591439214e8,81531.40682436748,1,3,1,ring_buckling,341607.6685807523,-75357.11797837177,-999.0
62,11.0,5.0,1,2,700000.0,250.0,25.0,1,0,15.0,75.0,10.0,49578.66100005118,10.640778800751974,140.78624063836634,3651.48378140953,6599.243281844439,378,293,5.438875237272356,3.5498900000147886,1,0.2914610935381546,0.0,3.560000000014855,13.437777467083711,17938.9487897296,241.55898019957678,506.21704290243486,0.9996011828968676,0.028996973964122572,1,18580.025059252046,1,16857.390570268435,2.0033740439831644e8,63292.29634431554,2,5,1,ring_buckling,49583.981389451554,-75459.21375936164,-999.0
63,11.0,5.0,1,2,700000.0,500.0,12.5,1,0,15.0,75.0,10.0,341603.4781589174,8.380843669716938,242.88202162823538,4941.311114833798,8159.079015099251,378,293,12.964327708543161,3.9249100000172454,1,0.35606430579507314,0.0,3.9400000000173443,14.802835414145843,90048.11822434921,367.21518681120943,583.3658836920997,1.1956648272051922,0.026270936822776786,1,25421.827734116465,1,19337.679315824596,1.0613440591439214e8,81531.40682436748,1,3,1,ring_buckling,341607.6685807523,-75357.11797837177,-999.0
64,11.0,5.0,1,2,700000.0,500.0,25.0,1,0,15.0,75.0,10.0,49578.66100005118,10.640778800751974,140.78624063836634,3651.48378140953,6599.243281844439,378,293,5.438875237272356,3.5498900000147886,1,0.2914610935381546,0.0,3.560000000014855,13.437777467083711,17938.9487897296,241.55898019957678,506.21704290243486,0.9996011828968676,0.028996973964122572,1,18580.025059252046,1,16857.390570268435,2.0033740439831644e8,63292.29634431554,2,5,1,ring_buckling,49583.981389451554,-75459.21375936164,-999.0
65,6.0,1.5,0,0,350000.0,250.0,12.5,1,0,15.0,75.0,10.0,457020.2747225307,5.388587266386681,172.2258456668246,4331.17616843723,8584.42108876895,423,293,13.570678328809672,2.5063600000079522,1,0.04983147954607737,0.0,2.5200000000080416,14.999999999988951,141068.6764407595,174.75206898081055,554.4265549858985,1.046113477400647,0.02344777866625812,1,24501.218171744607,1,31287.82160347191,1.034948792457386e8,86012.14131245557,2,5,1,ring_buckling,457022.9690161639,-84427.77415433318,-999.0
66,6.0,1.5,0,0,350000.0,250.0,25.0,1,0,15.0,75.0,10.0,133842.52084666645,4.732467499361232,118.65571010505377,3256.1521768466923,8728.98063990467,422,293,9.720749164317587,2.5636800000083277,1,-0.037575902488488314,0.0,2.5800000000084347,14.999999999988951,49072.33050472179,250.36575251341011,554.4265552164695,1.174576887605923,0.02085944226794514,1,35882.252481536474,1,27727.401253062155,1.0621568380564672e8,88663.007675961,1,2,1,ring_buckling,133844.88708041614,-84281.34428989494,-999.0
67,6.0,1.5,0,0,350000.0,500.0,12.5,1,0,15.0,75.0,10.0,457020.2747225307,5.388587266386681,172.2258456668246,4331.17616843723,8584.42108876895,423,293,13.570678328809672,2.5063600000079522,1,0.04983147954607737,0.0,2.5200000000080416,14.999999999988951,141068.6764407595,174.75206898081055,554.4265549858985,1.046113477400647,0.02344777866625812,1,24501.218171744607,1,31287.82160347191,1.034948792457386e8,86012.14131245557,2,5,1,ring_buckling,457022.9690161639,-84427.77415433318,-999.0
68,6.0,1.5,0,0,350000.0,500.0,25.0,1,0,15.0,75.0,10.0,133842.52084666645,4.732467499361232,118.65571010505377,3256.1521768466923,8728.98063990467,422,293,9.720749164317587,2.5636800000083277,1,-0.037575902488488314,0.0,2.5800000000084347,14.999999999988951,49072.33050472179,250.36575251341011,554.4265552164695,1.174576887605923,0.02085944226794514,1,35882.252481536474,1,27727.401253062155,1.0621568380564672e8,88663.007675961,1,2,1,ring_buckling,133844.88708041614,-84281.34428989494,-999.0
69,6.0,1.5,0,0,700000.0,250.0,12.5,1,0,15.0,75.0,10.0,442073.6301171915,5.622529209669186,138.33481263336387,3480.130929397546,8583.422815408461,423,293,13.512957843389819,2.3991300000072497,1,-0.053914149007399714,0.0,2.4000000000072554,14.999999999988951,148557.9904157726,195.4479302527223,544.5557273944246,1.0426747295024033,0.02201194351763339,1,30930.328526639845,1,31110.002713187867,1.1471920277597588e8,88266.24621120802,2,5,1,ring_buckling,442076.4413817964,-84461.66518736664,-999.0
70,6.0,1.5,0,0,700000.0,250.0,25.0,1,0,15.0,75.0,10.0,140228.96945331886,5.9199270178425705,130.54104466082282,4431.5991975437655,9185.588203072548,422,293,9.552680258863546,2.5399900000081725,1,-0.16030232466190159,0.0,2.5400000000081726,14.999999999988951,49256.929583888996,155.18628087920604,544.5557274324386,1.1616282655458328,0.019788247142209985,1,35056.58197704889,1,27120.310279422712,8.391829977363189e7,87845.36044585242,1,2,1,ring_buckling,140231.92941682777,-84269.45895533917,-999.0
71,6.0,1.5,0,0,700000.0,500.0,12.5,1,0,15.0,75.0,10.0,442073.6301171915,5.622529209669186,138.33481263336387,3480.130929397546,8583.422815408461,423,293,13.512957843389819,2.3991300000072497,1,-0.053914149007399714,0.0,2.4000000000072554,14.999999999988951,148557.9904157726,195.4479302527223,544.5557273944246,1.0426747295024033,0.02201194351763339,1,30930.328526639845,1,31110.002713187867,1.1471920277597588e8,88266.24621120802,2,5,1,ring_buckling,442076.4413817964,-84461.66518736664,-999.0
72,6.0,1.5,0,0,700000.0,500.0,25.0,1,0,15.0,75.0,10.0,140228.96945331886,5.9199270178425705,130.54104466082282,4431.5991975437655,9185.588203072548,422,293,9.552680258863546,2.5399900000081725,1,-0.16030232466190159,0.0,2.5400000000081726,14.999999999988951,49256.929583888996,155.18628087920604,544.5557274324386,1.1616282655458328,0.019788247142209985,1,35056.58197704889,1,27120.310279422712,8.391829977363189e7,87845.36044585242,1,2,1,ring_buckling,140231.92941682777,-84269.45895533917,-999.0
73,6.0,1.5,0,2,350000.0,250.0,12.5,1,0,15.0,75.0,10.0,673457.9021039024,9.058681510589517,173.02307908815465,8184.843588019755,14670.549459308777,422,293,26.9683141181005,3.59893000001511,1,0.5488428447774124,0.0,3.600000000015117,14.999999999988951,144724.0950718496,249.4576566136057,554.426554983145,1.3615747436078234,0.01824784857858506,1,36670.83598514646,1,51674.59762790546,4.935130134047549e8,142985.28565157074,1,3,1,ring_buckling,673462.4314446577,-84226.97692091184,-999.0
74,6.0,1.5,0,2,350000.0,250.0,25.0,1,0,15.0,75.0,10.0,133325.89299097215,8.053454089714728,204.387782197752,3965.0666435959633,8869.798901706425,422,293,8.564362421104851,2.186390000005856,1,-0.020000211390254728,0.0,2.200000000005945,14.999999999988951,53797.886703272314,233.71022516404574,554.4265552208216,1.3743726165499695,0.021241065888172803,1,31457.904138410464,1,31877.95158690968,1.1361000408927058e8,110020.73026150731,1,2,1,ring_buckling,133329.91971801702,-84195.61221780225,-999.0
75,6.0,1.5,0,2,350000.0,500.0,12.5,1,0,15.0,75.0,10.0,673457.9021039024,9.058681510589517,173.02307908815465,8184.843588019755,14670.549459308777,422,293,26.9683141181005,3.59893000001511,1,0.5488428447774124,0.0,3.600000000015117,14.999999999988951,144724.0950718496,249.4576566136057,554.426554983145,1.3615747436078234,0.01824784857858506,1,36670.83598514646,1,51674.59762790546,4.935130134047549e8,142985.28565157074,1,3,1,ring_buckling,673462.4314446577,-84226.97692091184,-999.0
76,6.0,1.5,0,2,350000.0,500.0,25.0,1,0,15.0,75.0,10.0,133325.89299097215,8.053454089714728,204.387782197752,3965.0666435959633,8869.798901706425,422,293,8.564362421104851,2.186390000005856,1,-0.020000211390254728,0.0,2.200000000005945,14.999999999988951,53797.886703272314,233.71022516404574,554.4265552208216,1.3743726165499695,0.021241065888172803,1,31457.904138410464,1,31877.95158690968,1.1361000408927058e8,110020.73026150731,1,2,1,ring_buckling,133329.91971801702,-84195.61221780225,-999.0
77,6.0,1.5,0,2,700000.0,250.0,12.5,1,0,15.0,75.0,10.0,647344.4118363616,7.9044095797982195,151.69790188419577,6140.224258557051,12721.52029016648,422,293,23.601657404213412,3.4821100000143446,1,0.00517125723246967,0.0,3.5000000000144618,14.999999999988951,180484.4793526085,233.11024488477887,544.5557273920265,1.3888939439416017,0.017866000389924027,1,47749.48918477772,1,45388.802281412376,3.644666306317277e8,135325.1899994283,1,3,1,ring_buckling,647348.3640411515,-84248.3020981158,-999.0
78,6.0,1.5,0,2,700000.0,250.0,25.0,1,0,15.0,75.0,10.0,170835.79656070613,7.511993214383036,127.78275395117497,4548.330338011215,11263.71250870511,422,293,13.958474441079277,3.2108800000125677,1,-0.045507398656371774,0.0,3.2200000000126274,14.999999999988951,57748.331295836535,260.58922696970563,544.5557274330604,1.412476138469108,0.015624407581586373,1,53205.51039764052,1,29534.352661028366,1.1312994120504592e8,122457.30859969562,1,2,1,ring_buckling,170839.55255731332,-84272.21724604882,-999.0
79,6.0,1.5,0,2,700000.0,500.0,12.5,1,0,15.0,75.0,10.0,647344.4118363616,7.9044095797982195,151.69790188419577,6140.224258557051,12721.52029016648,422,293,23.601657404213412,3.4821100000143446,1,0.00517125723246967,0.0,3.5000000000144618,14.999999999988951,180484.4793526085,233.11024488477887,544.5557273920265,1.3888939439416017,0.017866000389924027,1,47749.48918477772,1,45388.802281412376,3.644666306317277e8,135325.1899994283,1,3,1,ring_buckling,647348.3640411515,-84248.3020981158,-999.0
80,6.0,1.5,0,2,700000.0,500.0,25.0,1,0,15.0,75.0,10.0,170835.79656070613,7.511993214383036,127.78275395117497,4548.330338011215,11263.71250870511,422,293,13.958474441079277,3.2108800000125677,1,-0.045507398656371774,0.0,3.2200000000126274,14.999999999988951,57748.331295836535,260.58922696970563,544.5557274330604,1.412476138469108,0.015624407581586373,1,53205.51039764052,1,29534.352661028366,1.1312994120504592e8,122457.30859969562,1,2,1,ring_buckling,170839.55255731332,-84272.21724604882,-999.0
81,6.0,1.5,1,0,350000.0,250.0,12.5,1,0,15.0,75.0,10.0,410393.66869736597,16.011315811304463,123.79097174815033,7163.003071171792,14175.337517502116,411,293,14.813790970768366,2.5044500000079397,1,0.09341187276613228,0.0,2.5200000000080416,14.999111997886803,146352.72278360554,203.7775578594605,554.4265549858985,1.2445703872980802,0.013541313363720846,1,45140.274829817936,1,32377.510336860956,3.9455949858491564e8,100295.8303227658,1,5,1,ring_buckling,410401.6743552716,-82076.20902825185,-999.0
82,6.0,1.5,1,0,350000.0,250.0,25.0,1,0,15.0,75.0,10.0,124785.76951315015,6.252422449056114,138.3547841351862,3386.705854710092,8095.493793651853,411,293,8.747467568999808,2.531190000008115,1,0.05148628770574403,0.0,2.5400000000081726,14.999999510021407,45214.47976842487,170.5202422063403,554.4265552164695,1.1347574017001438,0.023516698712086274,1,29026.055675992277,1,21804.94561063439,7.199052193585457e7,75955.1877308822,1,1,1,ring_buckling,124788.89572437468,-82061.64521586482,-999.0
83,6.0,1.5,1,0,350000.0,500.0,12.5,1,0,15.0,75.0,10.0,410393.66869736597,16.011315811304463,123.79097174815033,7163.003071171792,14175.337517502116,411,293,14.813790970768366,2.5044500000079397,1,0.09341187276613228,0.0,2.5200000000080416,14.999111997886803,146352.72278360554,203.7775578594605,554.4265549858985,1.2445703872980802,0.013541313363720846,1,45140.274829817936,1,32377.510336860956,3.9455949858491564e8,100295.8303227658,1,5,1,ring_buckling,410401.6743552716,-82076.20902825185,-999.0
84,6.0,1.5,1,0,350000.0,500.0,25.0,1,0,15.0,75.0,10.0,124785.76951315015,6.252422449056114,138.3547841351862,3386.705854710092,8095.493793651853,411,293,8.747467568999808,2.531190000008115,1,0.05148628770574403,0.0,2.5400000000081726,14.999999510021407,45214.47976842487,170.5202422063403,554.4265552164695,1.1347574017001438,0.023516698712086274,1,29026.055675992277,1,21804.94561063439,7.199052193585457e7,75955.1877308822,1,1,1,ring_buckling,124788.89572437468,-82061.64521586482,-999.0
85,6.0,1.5,1,0,700000.0,250.0,12.5,1,0,15.0,75.0,10.0,462355.5011741232,15.194888423075886,97.65242594699862,5532.607538749551,14954.269816933622,410,293,15.896610033762155,2.502830000007929,1,0.030856869343004103,0.0,2.5200000000080416,14.850566326362348,174068.00806562786,213.8002821026649,544.5557273944246,1.2842490830934992,0.014702528892683182,3,52328.08855943242,1,27825.613385816367,6.308326613106565e8,100577.6658957973,1,1,1,ring_buckling,462363.09861833474,-81902.347574053,-999.0
86,6.0,1.5,1,0,700000.0,250.0,25.0,1,0,15.0,75.0,10.0,122806.18745419748,6.8304449190182766,166.7311293952526,4305.670002748221,8292.559434638393,411,293,8.940731071360409,2.5352100000081412,1,0.04936891843483986,0.0,2.5400000000081726,14.999999997654424,47396.25149795706,434.9672159653668,544.5557274324386,1.1329979323030113,0.029108201011331554,1,25443.758270613384,1,21335.71163851977,7.010260611485326e7,77926.97713866102,1,3,1,ring_buckling,122809.602676657,-82033.26887060475,-999.0
87,6.0,1.5,1,0,700000.0,500.0,12.5,1,0,15.0,75.0,10.0,462355.5011741232,15.194888423075886,97.65242594699862,5532.607538749551,14954.269816933622,410,293,15.896610033762155,2.502830000007929,1,0.030856869343004103,0.0,2.5200000000080416,14.850566326362348,174068.00806562786,213.8002821026649,544.5557273944246,1.2842490830934992,0.014702528892683182,3,52328.08855943242,1,27825.613385816367,6.308326613106565e8,100577.6658957973,1,1,1,ring_buckling,462363.09861833474,-81902.347574053,-999.0
88,6.0,1.5,1,0,700000.0,500.0,25.0,1,0,15.0,75.0,10.0,122806.18745419748,6.8304449190182766,166.7311293952526,4305.670002748221,8292.559434638393,411,293,8.940731071360409,2.5352100000081412,1,0.04936891843483986,0.0,2.5400000000081726,14.999999997654424,47396.25149795706,434.9672159653668,544.5557274324386,1.1329979323030113,0.029108201011331554,1,25443.758270613384,1,21335.71163851977,7.010260611485326e7,77926.97713866102,1,3,1,ring_buckling,122809.602676657,-82033.26887060475,-999.0
89,6.0,1.5,1,2,350000.0,250.0,12.5,1,0,15.0,75.0,10.0,376239.1883736897,7.733755078546907,111.62834869949036,4857.142929520598,10405.299821473722,413,293,19.046553833618823,3.7046600000158025,1,0.3826594735427346,0.0,3.720000000015903,14.99999392269962,114656.9464366017,190.9266682899544,554.426554983145,1.0746997971852572,0.021532664093729125,1,29359.19236192781,1,39656.6485087838,3.9339036838737434e8,86005.77762308021,1,2,1,ring_buckling,376243.055251229,-82488.3716513005,-999.0
90,6.0,1.5,1,2,350000.0,250.0,25.0,1,0,15.0,75.0,10.0,124316.23849835375,9.024211126180587,74.424113404668,4641.380880638511,8675.476459609532,412,293,6.8955001553915105,2.3598800000069926,1,-0.4175570971051127,0.0,2.3600000000069934,14.999999793956315,46235.37702818235,74.424113404668,554.4265552208216,1.3205499171600223,0.017221769935238558,1,37361.18397255242,1,31417.37393754529,1.1739472987032074e8,110458.83085685202,1,2,1,ring_buckling,124320.75060391684,-82325.57588659532,-999.0
91,6.0,1.5,1,2,350000.0,500.0,12.5,1,0,15.0,75.0,10.0,376239.1883736897,7.733755078546907,111.62834869949036,4857.142929520598,10405.299821473722,413,293,19.046553833618823,3.7046600000158025,1,0.3826594735427346,0.0,3.720000000015903,14.99999392269962,114656.9464366017,190.9266682899544,554.426554983145,1.0746997971852572,0.021532664093729125,1,29359.19236192781,1,39656.6485087838,3.9339036838737434e8,86005.77762308021,1,2,1,ring_buckling,376243.055251229,-82488.3716513005,-999.0
92,6.0,1.5,1,2,350000.0,500.0,25.0,1,0,15.0,75.0,10.0,124316.23849835375,9.024211126180587,74.424113404668,4641.380880638511,8675.476459609532,412,293,6.8955001553915105,2.3598800000069926,1,-0.4175570971051127,0.0,2.3600000000069934,14.999999793956315,46235.37702818235,74.424113404668,554.4265552208216,1.3205499171600223,0.017221769935238558,1,37361.18397255242,1,31417.37393754529,1.1739472987032074e8,110458.83085685202,1,2,1,ring_buckling,124320.75060391684,-82325.57588659532,-999.0
93,6.0,1.5,1,2,700000.0,250.0,12.5,1,0,15.0,75.0,10.0,775075.050707094,17.173790109969683,85.31755796491977,8117.063375442956,16724.773858807148,413,293,23.81594854206398,3.5544300000148183,1,-0.550399228146402,0.0,3.560000000014855,14.99903742955934,248502.53370642752,148.39003395418263,544.5557273920265,1.264474298462165,0.013200011113687815,2,48183.73172818497,1,42448.812820541294,1.3320381397847809e8,107886.55203785721,1,3,1,ring_buckling,775083.637602149,-82514.68244203507,-999.0
94,6.0,1.5,1,2,700000.0,250.0,25.0,1,0,15.0,75.0,10.0,116891.40495015279,7.858219093109852,66.00482419561894,4065.40198394469,8346.247204773212,413,293,7.521756392631828,2.3728700000070777,1,-0.8603834166220403,0.0,2.3800000000071244,14.999999747953554,49549.86696786409,181.91863429372498,544.5557274330604,1.3672935963361343,0.020995198900154093,1,30215.560904816724,1,29214.750761056206,3.362692626554919e8,113997.57312083372,1,2,1,ring_buckling,116895.33405969935,-82533.99517580438,-999.0
95,6.0,1.5,1,2,700000.0,500.0,12.5,1,0,15.0,75.0,10.0,775075.050707094,17.173790109969683,85.31755796491977,8117.063375442956,16724.773858807148,413,293,23.81594854206398,3.5544300000148183,1,-0.550399228146402,0.0,3.560000000014855,14.99903742955934,248502.53370642752,148.39003395418263,544.5557273920265,1.264474298462165,0.013200011113687815,2,48183.73172818497,1,42448.812820541294,1.3320381397847809e8,107886.55203785721,1,3,1,ring_buckling,775083.637602149,-82514.68244203507,-999.0
96,6.0,1.5,1,2,700000.0,500.0,25.0,1,0,15.0,75.0,10.0,116891.40495015279,7.858219093109852,66.00482419561894,4065.40198394469,8346.247204773212,413,293,7.521756392631828,2.3728700000070777,1,-0.8603834166220403,0.0,2.3800000000071244,14.999999747953554,49549.86696786409,181.91863429372498,544.5557274330604,1.3672935963361343,0.020995198900154093,1,30215.560904816724,1,29214.750761056206,3.362692626554919e8,113997.57312083372,1,2,1,ring_buckling,116895.33405969935,-82533.99517580438,-999.0
97,11.0,1.5,0,0,350000.0,250.0,12.5,1,0,15.0,75.0,10.0,145479.3988900336,8.247749681026455,158.84394701018414,4190.392283769289,7368.757884542217,423,293,9.233164116042957,2.601700000008577,1,0.8411304673349235,0.0,2.6200000000086967,14.999999999988951,50117.75185237398,398.272423474408,600.6421265325023,1.0244213970580418,0.03790085649912948,1,17888.83249411173,1,28632.535493704454,1.0184753683265644e8,87833.69453834834,1,1,1,ring_buckling,145483.5227648741,-84441.15605298981,-999.0
98,11.0,1.5,0,0,350000.0,250.0,25.0,1,0,15.0,75.0,10.0,122439.42674723551,8.993088856892918,207.5681518576176,4287.059079189027,8843.132146864315,422,293,8.618287379950655,2.5021300000079245,1,-0.13730629865338526,0.0,2.5200000000080416,14.999999999988951,46270.11891615861,347.9869186401298,600.6421307840349,1.3549937207342921,0.018417774417572398,1,45847.32258714456,1,35930.57163603009,2.012495972314814e8,101718.00560044908,1,5,1,ring_buckling,122443.92329166396,-84192.43184814238,-999.0
99,11.0,1.5,0,0,350000.0,500.0,12.5,1,0,15.0,75.0,10.0,145479.3988900336,8.247749681026455,158.84394701018414,4190.392283769289,7368.757884542217,423,293,9.233164116042957,2.601700000008577,1,0.8411304673349235,0.0,2.6200000000086967,14.999999999988951,50117.75185237398,398.272423474408,600.6421265325023,1.0244213970580418,0.03790085649912948,1,17888.83249411173,1,28632.535493704454,1.0184753683265644e8,87833.69453834834,1,1,1,ring_buckling,145483.5227648741,-84441.15605298981,-999.0
100,11.0,1.5,0,0,350000.0,500.0,25.0,1,0,15.0,75.0,10.0,122439.42674723551,8.993088856892918,207.5681518576176,4287.059079189027,8843.132146864315,422,293,8.618287379950655,2.5021300000079245,1,-0.13730629865338526,0.0,2.5200000000080416,14.999999999988951,46270.11891615861,347.9869186401298,600.6421307840349,1.3549937207342921,0.018417774417572398,1,45847.32258714456,1,35930.57163603009,2.012495972314814e8,101718.00560044908,1,5,1,ring_buckling,122443.92329166396,-84192.43184814238,-999.0
101,11.0,1.5,0,0,700000.0,250.0,12.5,1,0,15.0,75.0,10.0,149706.49779334196,7.838589201206114,147.05832925172325,4179.79158265546,7567.99300136815,423,293,9.319622448805154,2.602510000008582,1,-0.13003126004387544,0.0,2.6200000000086967,14.999999999988951,55299.73240827009,389.9485016477791,583.3658837061328,1.0153670851137235,0.041058198554098126,1,21956.98966542515,1,30733.241862751143,1.0258452009828644e8,87686.90326300499,1,1,1,ring_buckling,149710.41708794257,-84452.94167074827,-999.0
102,11.0,1.5,0,0,700000.0,250.0,25.0,1,0,15.0,75.0,10.0,120544.56696088551,9.02083581564395,159.01957604800475,4957.222972566698,9433.052353044252,422,293,8.73863415525308,2.5368100000081517,1,0.4316511530310398,0.0,2.5400000000081726,14.999999999988951,45575.2350361426,427.65568638609284,583.365884210263,1.3683543158600031,0.018801776829681236,1,41136.998281284235,1,35435.95002181254,1.5916077025284734e8,101469.90639035731,1,5,1,ring_buckling,120549.07737879333,-84240.980423952,-999.0
103,11.0,1.5,0,0,700000.0,500.0,12.5,1,0,15.0,75.0,10.0,149706.49779334196,7.838589201206114,147.05832925172325,4179.79158265546,7567.99300136815,423,293,9.319622448805154,2.602510000008582,1,-0.13003126004387544,0.0,2.6200000000086967,14.999999999988951,55299.73240827009,389.9485016477791,583.3658837061328,1.0153670851137235,0.041058198554098126,1,21956.98966542515,1,30733.241862751143,1.0258452009828644e8,87686.90326300499,1,1,1,ring_buckling,149710.41708794257,-84452.94167074827,-999.0
104,11.0,1.5,0,0,700000.0,500.0,25.0,1,0,15.0,75.0,10.0,120544.56696088551,9.02083581564395,159.01957604800475,4957.222972566698,9433.052353044252,422,293,8.73863415525308,2.5368100000081517,1,0.4316511530310398,0.0,2.5400000000081726,14.999999999988951,45575.2350361426,427.65568638609284,583.365884210263,1.3683543158600031,0.018801776829681236,1,41136.998281284235,1,35435.95002181254,1.5916077025284734e8,101469.90639035731,1,5,1,ring_buckling,120549.07737879333,-84240.980423952,-999.0
105,11.0,1.5,0,2,350000.0,250.0,12.5,1,0,15.0,75.0,10.0,189041.2380921826,12.303581805893792,106.62806854768013,4155.899121746967,8735.910309010831,423,293,9.07140925738827,2.353100000006948,1,0.15247279635129507,0.0,2.3600000000069934,14.999999999988951,49356.82662788838,231.16124874848637,600.6421263515805,1.2650144676866617,0.028954261312464914,1,25782.14428584557,1,29640.714467070386,1.9801402785124245e9,96918.94632502555,1,4,1,ring_buckling,189047.38988308556,-84493.37193145232,-999.0
106,11.0,1.5,0,2,350000.0,250.0,25.0,1,0,15.0,75.0,10.0,38122.2125396394,17.529185425897392,87.28302678316837,4674.8137201999625,8098.208431906939,421,293,5.377429800947037,2.3485800000069186,1,-0.6644424172979064,0.0,2.3600000000069934,14.999999999988951,14374.873637352786,194.86415139685658,600.6421307922949,1.1750663479595076,0.03449014431705467,7,21413.85888806451,1,27768.894772081505,2.230552243932282e8,82957.72747527064,1,2,1,ring_buckling,38130.977132352346,-84112.71697321683,-999.0
107,11.0,1.5,0,2,350000.0,500.0,12.5,1,0,15.0,75.0,10.0,189041.2380921826,12.303581805893792,106.62806854768013,4155.899121746967,8735.910309010831,423,293,9.07140925738827,2.353100000006948,1,0.15247279635129507,0.0,2.3600000000069934,14.999999999988951,49356.82662788838,231.16124874848637,600.6421263515805,1.2650144676866617,0.028954261312464914,1,25782.14428584557,1,29640.714467070386,1.9801402785124245e9,96918.94632502555,1,4,1,ring_buckling,189047.38988308556,-84493.37193145232,-999.0
108,11.0,1.5,0,2,350000.0,500.0,25.0,1,0,15.0,75.0,10.0,38122.2125396394,17.529185425897392,87.28302678316837,4674.8137201999625,8098.208431906939,421,293,5.377429800947037,2.3485800000069186,1,-0.6644424172979064,0.0,2.3600000000069934,14.999999999988951,14374.873637352786,194.86415139685658,600.6421307922949,1.1750663479595076,0.03449014431705467,7,21413.85888806451,1,27768.894772081505,2.230552243932282e8,82957.72747527064,1,2,1,ring_buckling,38130.977132352346,-84112.71697321683,-999.0
109,11.0,1.5,0,2,700000.0,250.0,12.5,1,0,15.0,75.0,10.0,189263.64151594992,11.14039976686276,135.68568213594122,5918.480777899043,9799.31807065035,422,293,10.28806709862943,2.819270000010002,1,-0.7715676180899488,0.0,2.820000000010007,14.999999999988951,51817.786151433,223.80538157956533,583.3658836920997,0.9559691181491736,0.02554372618214833,1,22653.955750909634,1,33450.268552675996,3.947071082317238e8,91531.81576007193,1,2,1,ring_buckling,189269.21171583334,-84264.31431786406,-999.0
110,11.0,1.5,0,2,700000.0,250.0,25.0,1,0,15.0,75.0,10.0,56230.6318714513,9.941646435243555,196.2776621113419,3218.1805449331505,7541.462569939366,423,293,6.165956141016032,2.6054500000086014,1,0.050373757360665516,0.0,2.6200000000086967,14.999999999988951,14147.263632645872,326.3892070201415,583.3658842053779,1.1019167663629297,0.032554047840446576,1,17691.399597358424,1,30847.769281630714,2.884261826003876e8,80690.20639164787,1,2,1,ring_buckling,56235.60269466892,-84403.72233788866,-999.0
111,11.0,1.5,0,2,700000.0,500.0,12.5,1,0,15.0,75.0,10.0,189263.64151594992,11.14039976686276,135.68568213594122,5918.480777899043,9799.31807065035,422,293,10.28806709862943,2.819270000010002,1,-0.7715676180899488,0.0,2.820000000010007,14.999999999988951,51817.786151433,223.80538157956533,583.3658836920997,0.9559691181491736,0.02554372618214833,1,22653.955750909634,1,33450.268552675996,3.947071082317238e8,91531.81576007193,1,2,1,ring_buckling,189269.21171583334,-84264.31431786406,-999.0
112,11.0,1.5,0,2,700000.0,500.0,25.0,1,0,15.0,75.0,10.0,56230.6318714513,9.941646435243555,196.2776621113419,3218.1805449331505,7541.462569939366,423,293,6.165956141016032,2.6054500000086014,1,0.050373757360665516,0.0,2.6200000000086967,14.999999999988951,14147.263632645872,326.3892070201415,583.3658842053779,1.1019167663629297,0.032554047840446576,1,17691.399597358424,1,30847.769281630714,2.884261826003876e8,80690.20639164787,1,2,1,ring_buckling,56235.60269466892,-84403.72233788866,-999.0
113,11.0,1.5,1,0,350000.0,250.0,12.5,1,0,15.0,75.0,10.0,161801.78639894372,9.526964924500298,139.2957024188865,5506.350316011629,7963.350889577465,412,293,8.715008840286945,2.866580000010312,1,-0.47464298729736465,0.0,2.8800000000104,14.999995164362305,53540.088000039694,211.9027743825397,600.6421265325023,1.0369470258216964,0.030112875355532098,1,17382.949923448265,1,30768.27712346906,8.176105224571972e8,86335.66359517955,1,4,1,ring_buckling,161806.54988140595,-82260.70429758112,-999.0
114,11.0,1.5,1,0,350000.0,250.0,25.0,1,0,15.0,75.0,10.0,51837.34809972878,9.924552142397252,116.23549862261835,4894.604377406813,9044.625433432953,412,293,7.256854776353246,2.8419200000101505,1,-0.12821246344120263,0.0,2.860000000010269,14.995490031244225,21025.130447828895,296.5156484898441,600.6421307840349,1.1951047616010229,0.022925944157373288,1,23598.64797944855,1,29753.76947996982,1.2313302037846163e8,99108.31339107707,1,4,1,ring_buckling,51842.31037579998,-82283.76450137739,-999.0
115,11.0,1.5,1,0,350000.0,500.0,12.5,1,0,15.0,75.0,10.0,161801.78639894372,9.526964924500298,139.2957024188865,5506.350316011629,7963.350889577465,412,293,8.715008840286945,2.866580000010312,1,-0.47464298729736465,0.0,2.8800000000104,14.999995164362305,53540.088000039694,211.9027743825397,600.6421265325023,1.0369470258216964,0.030112875355532098,1,17382.949923448265,1,30768.27712346906,8.176105224571972e8,86335.66359517955,1,4,1,ring_buckling,161806.54988140595,-82260.70429758112,-999.0
116,11.0,1.5,1,0,350000.0,500.0,25.0,1,0,15.0,75.0,10.0,51837.34809972878,9.924552142397252,116.23549862261835,4894.604377406813,9044.625433432953,412,293,7.256854776353246,2.8419200000101505,1,-0.12821246344120263,0.0,2.860000000010269,14.995490031244225,21025.130447828895,296.5156484898441,600.6421307840349,1.1951047616010229,0.022925944157373288,1,23598.64797944855,1,29753.76947996982,1.2313302037846163e8,99108.31339107707,1,4,1,ring_buckling,51842.31037579998,-82283.76450137739,-999.0
117,11.0,1.5,1,0,700000.0,250.0,12.5,1,0,15.0,75.0,10.0,159071.87862204047,8.473388234415205,176.82253745657755,3379.5552276148587,6631.00439933627,412,293,8.718138158034678,2.8583700000102583,1,-0.08674604825681784,0.0,2.860000000010269,14.999989365878905,59437.8662074746,176.82253745657755,583.3658837061328,1.0444323375996163,0.035030469145311056,1,19578.431549209636,1,30793.120687718605,1.5521143595033792e8,89112.62238420406,1,4,1,ring_buckling,159076.11531615767,-82223.17746254342,-999.0
118,11.0,1.5,1,0,700000.0,250.0,25.0,1,0,15.0,75.0,10.0,51142.72297797355,8.873981937235111,143.70060474565557,4235.610917681842,8001.653552392974,411,293,6.8065507564074625,2.8474200000101866,1,0.17603139144812616,0.0,2.860000000010269,14.995929476930739,20538.005861001755,304.0141494710639,583.365884210263,1.1734751245479416,0.031034070544821782,2,24997.300770505866,1,30614.402996859793,1.908964550458761e8,94873.23865337677,1,4,1,ring_buckling,51147.15996894217,-82056.29939525435,-999.0
119,11.0,1.5,1,0,700000.0,500.0,12.5,1,0,15.0,75.0,10.0,159071.87862204047,8.473388234415205,176.82253745657755,3379.5552276148587,6631.00439933627,412,293,8.718138158034678,2.8583700000102583,1,-0.08674604825681784,0.0,2.860000000010269,14.999989365878905,59437.8662074746,176.82253745657755,583.3658837061328,1.0444323375996163,0.035030469145311056,1,19578.431549209636,1,30793.120687718605,1.5521143595033792e8,89112.62238420406,1,4,1,ring_buckling,159076.11531615767,-82223.17746254342,-999.0
120,11.0,1.5,1,0,700000.0,500.0,25.0,1,0,15.0,75.0,10.0,51142.72297797355,8.873981937235111,143.70060474565557,4235.610917681842,8001.653552392974,411,293,6.8065507564074625,2.8474200000101866,1,0.17603139144812616,0.0,2.860000000010269,14.995929476930739,20538.005861001755,304.0141494710639,583.365884210263,1.1734751245479416,0.031034070544821782,2,24997.300770505866,1,30614.402996859793,1.908964550458761e8,94873.23865337677,1,4,1,ring_buckling,51147.15996894217,-82056.29939525435,-999.0
121,11.0,1.5,1,2,350000.0,250.0,12.5,1,0,15.0,75.0,10.0,248471.08289039086,10.556403322515907,205.93710845004446,4870.471650487197,8094.601167910926,412,293,10.780650777601057,2.5912500000085084,1,1.370508501012068,0.0,2.6000000000085657,14.983373329543497,56323.718995071584,330.74221676677877,600.6421263515805,1.2111234328763025,0.02854944521138301,2,17259.921321557136,1,49853.95694794726,5.3557517945354944e8,83423.33017023683,1,3,1,ring_buckling,248476.3610920521,-82194.06289154995,-999.0
122,11.0,1.5,1,2,350000.0,250.0,25.0,1,0,15.0,75.0,10.0,118811.89277695319,13.512421479538547,118.06662900670605,5270.908477418388,9394.79574131911,410,293,7.716003368721331,2.560080000008304,1,-0.5799867897122541,0.0,2.5800000000084347,14.999987944231254,42595.03943250342,118.06662900670605,600.6421307922949,1.2898838169220141,0.01891398046500082,1,32326.080592473503,1,31837.431195764868,2.876724999223668e8,95632.50750554209,1,5,1,ring_buckling,118818.64898769296,-81881.9333709933,-999.0
123,11.0,1.5,1,2,350000.0,500.0,12.5,1,0,15.0,75.0,10.0,248471.08289039086,10.556403322515907,205.93710845004446,4870.471650487197,8094.601167910926,412,293,10.780650777601057,2.5912500000085084,1,1.370508501012068,0.0,2.6000000000085657,14.983373329543497,56323.718995071584,330.74221676677877,600.6421263515805,1.2111234328763025,0.02854944521138301,2,17259.921321557136,1,49853.95694794726,5.3557517945354944e8,83423.33017023683,1,3,1,ring_buckling,248476.3610920521,-82194.06289154995,-999.0
124,11.0,1.5,1,2,350000.0,500.0,25.0,1,0,15.0,75.0,10.0,118811.89277695319,13.512421479538547,118.06662900670605,5270.908477418388,9394.79574131911,410,293,7.716003368721331,2.560080000008304,1,-0.5799867897122541,0.0,2.5800000000084347,14.999987944231254,42595.03943250342,118.06662900670605,600.6421307922949,1.2898838169220141,0.01891398046500082,1,32326.080592473503,1,31837.431195764868,2.876724999223668e8,95632.50750554209,1,5,1,ring_buckling,118818.64898769296,-81881.9333709933,-999.0
125,11.0,1.5,1,2,700000.0,250.0,12.5,1,0,15.0,75.0,10.0,290660.1643992975,17.51132043679322,149.15595109514877,6600.140673444062,11113.331399379182,412,293,13.558248177676218,2.8260000000100463,1,-0.09659119574847531,0.0,2.840000000010138,14.98697470610142,86063.51758337735,149.15595109514877,583.3658836920997,0.9795711607546345,0.03537204561823859,2,22008.420170005353,1,27991.83880012704,1.1239044808683405e9,85324.23049125164,1,5,1,ring_buckling,290668.9200595159,-82250.84404890485,-999.0
126,11.0,1.5,1,2,700000.0,250.0,25.0,1,0,15.0,75.0,10.0,70549.97422582652,15.53957351740423,96.61497390637624,4702.082520395064,9584.633874753667,410,293,6.745937760888583,2.5689900000083625,1,0.41766194316417976,0.0,2.5800000000084347,14.999964600852726,23254.386516714058,167.97834361657095,583.3658842053779,1.1878269751477433,0.01869476176520754,1,24953.295477513457,1,24965.762454651944,2.9956336153541327e8,94445.27997249836,1,5,1,ring_buckling,70557.74401258522,-81903.38502609363,-999.0
127,11.0,1.5,1,2,700000.0,500.0,12.5,1,0,15.0,75.0,10.0,290660.1643992975,17.51132043679322,149.15595109514877,6600.140673444062,11113.331399379182,412,293,13.558248177676218,2.8260000000100463,1,-0.09659119574847531,0.0,2.840000000010138,14.98697470610142,86063.51758337735,149.15595109514877,583.3658836920997,0.9795711607546345,0.03537204561823859,2,22008.420170005353,1,27991.83880012704,1.1239044808683405e9,85324.23049125164,1,5,1,ring_buckling,290668.9200595159,-82250.84404890485,-999.0
128,11.0,1.5,1,2,700000.0,500.0,25.0,1,0,15.0,75.0,10.0,70549.97422582652,15.53957351740423,96.61497390637624,4702.082520395064,9584.633874753667,410,293,6.745937760888583,2.5689900000083625,1,0.41766194316417976,0.0,2.5800000000084347,14.999964600852726,23254.386516714058,167.97834361657095,583.3658842053779,1.1878269751477433,0.01869476176520754,1,24953.295477513457,1,24965.762454651944,2.9956336153541327e8,94445.27997249836,1,5,1,ring_buckling,70557.74401258522,-81903.38502609363,-999.0
