device,t_sim,hub_x,hub_y,hub_z,hub_r_xy,elev_deg,omega_hub,omega_gnd
SingleKite,1.02,25.94184278163149,0.0007403417166342434,15.031391465439688,0.03838961451977461,30.089139719986562,-0.0009380360156778485,-0.03839276883122875
SingleKite,1.04,25.94179736886461,0.0006145472335224119,15.031482839691781,0.03843280157016762,30.089334318340033,-0.0009389734101683893,-0.04128690833794472
SingleKite,1.06,25.94167421010016,0.0004898146641706065,15.031742775449104,0.03855415823362925,30.089882116680037,-0.0009410253962108829,-0.043218394460303275
SingleKite,1.08,25.941362567450657,0.00037021140650569294,15.032257443615274,0.03886445261380155,30.0910316938887,-0.0009483770049615949,-0.044021883041632744
SingleKite,1.1,25.941003643946477,0.0002605299846268342,15.032803263539066,0.039222478092267574,30.092278081737245,-0.0009551151762085624,-0.04402240425743046
SingleKite,1.12,25.940791710591032,0.00016418614759049284,15.033137701517775,0.03943388797320758,30.093034122926216,-0.0009608276633961658,-0.044627508377014444
SingleKite,1.1400000000000001,25.94078626407223,8.178566755572979e-5,15.033178926149139,0.03943907748989218,30.093107503949977,-0.0009845573537250766,-0.045978657087014214
SingleKite,1.16,25.940906258158062,1.4153680523519606e-5,15.033041812282514,0.03931900115106936,30.092765819844313,-0.0010198055457235193,-0.046343856922978495
SingleKite,1.18,25.941030797341156,-3.500180140146801e-5,15.032910035795666,0.039194475049335674,30.09242860642131,-0.0010415381013711986,-0.04529182187776249
SingleKite,1.2,25.9410267970594,-6.243781749624865e-5,15.032980027249305,0.039198509429723034,30.092548165257547,-0.001051580510979492,-0.04427473789311875
SingleKite,1.22,25.940872263688384,-6.949571575408035e-5,15.033233633043748,0.039353054436488455,30.093115553622773,-0.0010836564056334386,-0.04412556795789555
SingleKite,1.24,25.94076029631689,-5.941276853167613e-5,15.033407041017062,0.03946500516642359,30.093509555499853,-0.001129734135409555,-0.044058618155375776
SingleKite,1.26,25.940764346526816,-2.9995220506326092e-5,15.033446067943807,0.03946092163491712,30.093570202200485,-0.001150370902956635,-0.04311355231061588
SingleKite,1.28,25.940782638069415,2.0712486081670277e-5,15.033435168369301,0.039442624130632216,30.093534653788883,-0.0011716767663050218,-0.04154311195060641
SingleKite,1.3,25.941037482404614,8.510138587969797e-5,15.0329736580176,0.039187866761359096,30.092527395746103,-0.0012455458878147586,-0.04037435225827328
SingleKite,1.32,25.941690380463942,0.00015677180485140524,15.031999812278992,0.038535195194530206,30.09029163005541,-0.0013213999601933493,-0.039804372779672664
SingleKite,1.34,25.942291633666223,0.0002371275892311367,15.031130850542755,0.03793436424459506,30.08827877819783,-0.0014009459129628097,-0.039063818080296506
SingleKite,1.36,25.94254688132971,0.0003201966379663645,15.030749035019863,0.03767973594757729,30.087402911975538,-0.0015116941661164978,-0.03794412683565228
SingleKite,1.38,25.942507332997376,0.00039954749243881524,15.030793847615572,0.03772003991631447,30.08751489667142,-0.0016377698925112935,-0.03679372778163695
SingleKite,1.4,25.942258466316222,0.0004716547226716864,15.031181815379993,0.03796971997403411,30.088394820715955,-0.0017749255639284843,-0.035591185685266695
SingleKite,1.42,25.941904446994418,0.0005343018468851403,15.031699280505244,0.03832453443529507,30.089589610652602,-0.001913618339004001,-0.03461789367436719
SingleKite,1.44,25.94169614001682,0.0005858286195113303,15.031989332399549,0.03853357019937708,30.09026877785393,-0.00205515745375519,-0.03431767909291785
SingleKite,1.46,25.941656484561108,0.0006250668989080417,15.032081506758965,0.03857383695832658,30.090459177632585,-0.0021959713076253355,-0.033715097428659205
SingleKite,1.48,25.941566280207926,0.0006514066287814772,15.03225749248374,0.03866446428931259,30.090836587282833,-0.002340816460230457,-0.0318181599080864
SingleKite,1.5,25.941374863280334,0.0006627457875972139,15.03256796378176,0.038856045934116866,30.09153333625826,-0.002493537169038316,-0.030188187015723577
SingleKite,1.52,25.941179753941388,0.0006598610757937393,15.032866925756354,0.03905107818138479,30.092214594114573,-0.002631002117142179,-0.03031705270112168
SingleKite,1.54,25.94113962183031,0.0006455701466670568,15.032930949666664,0.03909096594870021,30.092358906415136,-0.0027630706944996824,-0.030034320549939025
SingleKite,1.56,25.941192645211267,0.0006194030567556894,15.032913635866011,0.03903752585131378,30.09227947495985,-0.0029014734959922077,-0.027552692418844546
SingleKite,1.58,25.941082983383307,0.0005832038968786566,15.033128842950937,0.03914661788727649,30.09274037813621,-0.0030255103552293845,-0.025448557715854216
SingleKite,1.6,25.94085344014551,0.000539533193780114,15.033482888895204,0.03937551319950412,30.09354570750668,-0.003149623305560665,-0.0254731628831014
SingleKite,1.62,25.940652144748007,0.0004892702627978288,15.033834352831413,0.03957613649456635,30.094319701345636,-0.003269983315358547,-0.024763901088300008
SingleKite,1.6400000000000001,25.940379506685552,0.00043629708399431637,15.034317456004416,0.0398481386550808,30.095379708050874,-0.003375012671836185,-0.02182780748327525
SingleKite,1.6600000000000001,25.94009630612689,0.00038358925384491415,15.034739631624168,0.040130783941569256,30.096349100962314,-0.003474522023065567,-0.019509658026864045
SingleKite,1.6800000000000002,25.94008763348542,0.0003329723428751559,15.034743279250833,0.04013900438286908,30.09636344327949,-0.003566103116071865,-0.019174155055270706
SingleKite,1.7000000000000002,25.94042905852928,0.0002875966174903569,15.034222490451496,0.039797237411241804,30.09517521338838,-0.0036481316800026915,-0.017877893830498776
SingleKite,1.7200000000000002,25.940955502781872,0.0002488013931645945,15.033476817403596,0.039270542137430524,30.09343787732582,-0.003736488410624589,-0.014439892363088763
SingleKite,1.7400000000000002,25.941257001541448,0.00021727236542153528,15.033084226947583,0.038968860930103155,30.092499876219545,-0.0038220225381370185,-0.012095559772090324
SingleKite,1.76,25.94113387083609,0.00019417057599750007,15.03332615633241,0.0390918681543336,30.093017864850115,-0.003909658821460738,-0.011625349235193582
SingleKite,1.78,25.940652766121154,0.00017904249299119816,15.03407262854708,0.03957289566999887,30.094713071416546,-0.003994773457364167,-0.00974461641815949
SingleKite,1.8,25.940155250987868,0.00017386019005688377,15.034814271719002,0.04007038295398295,30.09641602427025,-0.00406330732326417,-0.0064004004082576955
SingleKite,1.82,25.939924947198378,0.00017982134450994446,15.035160786481509,0.04030071074576382,30.09720963135932,-0.004128352557971653,-0.0044117752371919065
SingleKite,1.84,25.940016857358053,0.00019715775325588404,15.035043824746316,0.04020888277210735,30.09692817607035,-0.004186361406629044,-0.0032934968027559177
SingleKite,1.86,25.94025170227958,0.0002261066013428272,15.034735199841721,0.03997419395220522,30.096192863314545,-0.0042438118653452305,-0.001320654032709701
SingleKite,1.8800000000000001,25.94039456565876,0.00026530808384059724,15.034568954077695,0.039831574687870075,30.095781098577234,-0.0043025468235334905,0.0008834383259520936
SingleKite,1.9,25.940315422680605,0.00031347836382712946,15.034740820539135,0.03991106519579897,30.096141094224308,-0.0043587619976274495,0.0027025246284868875
SingleKite,1.92,25.940083820449736,0.0003693069295064465,15.035084422726769,0.040143135114161586,30.096931126525188,-0.004407489901780639,0.004317219886909721
SingleKite,1.94,25.940056637201124,0.00043200393474978347,15.035098130872433,0.04017094254308855,30.096979839301707,-0.004446308095797047,0.005543114001174659
SingleKite,1.96,25.940284024957244,0.0005002065790895866,15.03478970801013,0.03994436386622401,30.096252007046797,-0.004486396916250272,0.006679624477630939
SingleKite,1.98,25.94047050360257,0.0005713338286230274,15.034546868474775,0.03975885839766268,30.0956718105697,-0.0045274075596427425,0.008121578010272633
SingleKite,2.0,25.94049831630146,0.0006434474131557506,15.034520634015893,0.03973215099768785,30.095601782444614,-0.004562894348757693,0.009224481160833211
SingleKite,2.02,25.940380532240624,0.0007151977895132265,15.034751720375052,0.039851142769521126,30.096096715657836,-0.0045925079474208605,0.009784664968037487
SingleKite,2.04,25.93996881926099,0.0007847805900044118,15.035444944220982,0.040264086240981656,30.09763738526737,-0.004616969064126864,0.010423103202262021
SingleKite,2.06,25.93938132030555,0.0008509279443561537,15.036342748643492,0.040852799458527524,30.099684754436097,-0.004632347014464729,0.011001712573050614
SingleKite,2.08,25.9389602820441,0.0009132499673929713,15.036993371086135,0.04127507921185945,30.101163934244756,-0.0046375666527015205,0.011301879758461537
SingleKite,2.1,25.938751355016226,0.0009721819497565871,15.037368293579105,0.041485294548005786,30.101984018842032,-0.004629303411155732,0.01164777063113284
SingleKite,2.12,25.938656019238792,0.0010274824007373777,15.037541124579581,0.04158193391748296,30.102361124062334,-0.004616952767651102,0.011715290641431066
SingleKite,2.14,25.938830372734245,0.0010776903631450126,15.037289103105834,0.041408910154258356,30.10177735940509,-0.00460656207921789,0.011392947692603865
SingleKite,2.16,25.939171908735517,0.0011214648775972542,15.036848971034583,0.04106866284198629,30.100722369910994,-0.00459538885358588,0.01129469328051698
SingleKite,2.18,25.939340496445304,0.0011585503259407067,15.036634525508072,0.04090117192679265,30.100206258281094,-0.00457521400662952,0.011188003566809946
SingleKite,2.2,25.939503594161593,0.0011888845229381724,15.036331708051968,0.04073901387274868,30.09954930537055,-0.004554537375250101,0.010676886605269598
SingleKite,2.22,25.939914968214037,0.0012109854223747159,15.035705392105507,0.040328474413090065,30.098119579043175,-0.004544784482606403,0.01013852840568952
SingleKite,2.24,25.940313269154565,0.0012240120833954776,15.03513441984303,0.039930752063173126,30.096793886277535,-0.004530978153360932,0.0096548236236368
SingleKite,2.26,25.940498108197243,0.0012287505038944336,15.034853483586716,0.03974614649071629,30.096152278458007,-0.004513763430460812,0.009113664656107513
SingleKite,2.2800000000000002,25.940513756117845,0.0012246643100120845,15.034826674529649,0.03973037988815787,30.096092959362377,-0.0045004783555703445,0.008573883517113051
SingleKite,2.3,25.940329925783892,0.0012116096458882472,15.03514403944257,0.039913724854503826,30.096793829521925,-0.004487074575064689,0.007959593129745283
SingleKite,2.3200000000000003,25.93991842924193,0.0011910579662546869,15.035808884527297,0.04032442143150415,30.098287368130023,-0.004465022381169244,0.007377756556359507
SingleKite,2.34,25.93935079903904,0.0011657711605053867,15.036699198475112,0.0408910786910583,30.100303306490833,-0.004428499347421075,0.006917338710991752
SingleKite,2.3600000000000003,25.938837253834688,0.0011386487263409816,15.037474277101342,0.04140366296846825,30.10207690143344,-0.004383763230211007,0.006476990618041185
SingleKite,2.38,25.93861036289086,0.0011119193925785643,15.037832613209178,0.04162974605513541,30.102886781758073,-0.004336174067933775,0.006105151837414329
SingleKite,2.4000000000000004,25.93863645749382,0.0010876606553248162,15.03784032057657,0.04160301948468628,30.102874514254633,-0.004284294733248741,0.005675638587563993
SingleKite,2.42,25.938708262959278,0.0010670732549520508,15.037810495694028,0.04153070454157932,30.102756385255162,-0.004234122607760312,0.0051813414462258305
SingleKite,2.4400000000000004,25.9385663818795,0.0010505361290255421,15.038103439026626,0.04167211876791597,30.103376675533365,-0.0041808598805608615,0.004975671084619769
SingleKite,2.46,25.938235419312743,0.0010400284918779955,15.03862602052938,0.04200271548664252,30.10455783780737,-0.004115377921519626,0.004868238372876274
SingleKite,2.4800000000000004,25.937988239740246,0.0010366749936410995,15.039010899479694,0.04224973729990674,30.10543104460676,-0.004047809035154254,0.004534566469897622
SingleKite,2.5,25.937989716073968,0.001041309372971615,15.039026141970856,0.042248375381704374,30.105454828050433,-0.003972856084661691,0.0042031365824907446
SingleKite,2.52,25.938212419034954,0.0010548718449255425,15.038721301171686,0.042026078671001395,30.104737401255168,-0.0038981823035224294,0.003970455969715141
SingleKite,2.54,25.938505154385176,0.0010762186651845458,15.038313658269384,0.04173398122538843,30.103782897630897,-0.0038280990580786094,0.0038094559339270895
SingleKite,2.56,25.938662092796715,0.0011043499086121151,15.038136628654913,0.04157783288603448,30.10333980734157,-0.003756947202206455,0.0036327946905015413
SingleKite,2.58,25.938525055830493,0.0011380607437093944,15.038377415555653,0.041715727728970316,30.103869224174936,-0.0036877927523315704,0.0030982950326562653
SingleKite,2.6,25.93831389872007,0.001176306788411013,15.038678430347446,0.04192786222253824,30.104569253441475,-0.0036203585377663243,0.0025472052179882545
SingleKite,2.62,25.93830248089019,0.001218327047300341,15.038689483814304,0.04194047517095103,30.104598469170558,-0.0035582545949136165,0.002495135122076402
SingleKite,2.64,25.938494254050745,0.001262371719952779,15.038409512262803,0.04175009185162565,30.103951804142984,-0.0035029780167715463,0.002181371304839367
SingleKite,2.66,25.938762247262765,0.0013066287507113778,15.038012986135817,0.041483592363717285,30.10303939603348,-0.003452567259977941,0.0011272756959699029
SingleKite,2.68,25.93899431578719,0.0013490337863832254,15.03767673875484,0.04125300456692079,30.102261076100344,-0.003408395003170481,0.0004184609097333995
SingleKite,2.7,25.939042902169447,0.0013874269725518626,15.037636673511004,0.041205719061367635,30.10214827032435,-0.0033667181545051104,0.000290124472246134
SingleKite,2.72,25.93885175526267,0.0014204831890673303,15.037953236915383,0.041397879157979496,30.10285482245186,-0.003325512349092147,-0.000408583322222323
SingleKite,2.74,25.93849446629913,0.0014474976018890773,15.038512086691329,0.04175588727277355,30.104121167969712,-0.0032836847367418414,-0.0015290284052718451
SingleKite,2.7600000000000002,25.93813689215305,0.0014687205917807546,15.039057115461729,0.04211398313631093,30.10536494091452,-0.0032393803316332044,-0.002078122340513951
SingleKite,2.7800000000000002,25.937936884724213,0.0014845672011184687,15.039360547252915,0.04231442247453796,30.1060582806646,-0.0031964689790144876,-0.0025039310075013754
SingleKite,2.8,25.938041143578836,0.0014951236868485682,15.039186921650941,0.04221060056267574,30.10567131030824,-0.0031573175792500136,-0.0033614639151673927
SingleKite,2.8200000000000003,25.938398287966127,0.0015001272871637847,15.038690468821052,0.0418538612376645,30.104508252333943,-0.003122944255989119,-0.004129165757427164
SingleKite,2.84,25.938574707655643,0.0014983884494811017,15.038490162231891,0.04167749283221943,30.10400800960499,-0.0030888078676026376,-0.0047099918640985255
SingleKite,2.8600000000000003,25.93850739737442,0.001490382618053581,15.038558321806379,0.04174447307372876,30.104185207287824,-0.003051945714402356,-0.005339524621772043
SingleKite,2.88,25.938584039340324,0.0014771025836469666,15.038400480653234,0.04166740717125435,30.1038508046978,-0.0030232442565663186,-0.005823426691952489
SingleKite,2.9000000000000004,25.938887288224134,0.0014582495612333823,15.037932266936272,0.04136368134721336,30.102786095936303,-0.0030005198355352535,-0.006237519480014532
SingleKite,2.92,25.939240071339857,0.001434430264595684,15.037410995420373,0.04101027937292114,30.10158619795057,-0.002978046341692122,-0.006744736805796726
SingleKite,2.9400000000000004,25.93938929132214,0.0014058748097413214,15.037197229264796,0.04086015855769254,30.1010897792419,-0.002957169558285716,-0.007120342341250519
SingleKite,2.96,25.939349038678902,0.0013734682899901776,15.037218870144866,0.04089928630054871,30.101164136616898,-0.0029347605400878844,-0.007255657202534455
SingleKite,2.9800000000000004,25.93937103418175,0.0013387316026918655,15.037149445187834,0.0408761508084395,30.10102828127527,-0.0029169115559149854,-0.007330469735840051
SingleKite,3.0,25.93950905540682,0.0013021640129357698,15.036929655134516,0.04073701859348466,30.10053263657821,-0.0029027513653202383,-0.007461050338312396
SingleKite,3.02,25.939682778876673,0.0012651687676136882,15.03664338381978,0.040562213512906876,30.099892865189112,-0.0028866885490347557,-0.007450425505371308
SingleKite,3.04,25.93987441183145,0.0012290830573012134,15.036318162371447,0.04036955946929554,30.09917153515874,-0.002871398666159406,-0.00720853602322498
SingleKite,3.06,25.940024991625783,0.001194553534050929,15.036086223108786,0.04021800933837849,30.098643769766166,-0.0028564436419354303,-0.007019446234618051
SingleKite,3.08,25.940019779332598,0.0011621823714458258,15.036106800900658,0.040222270984676296,30.098682787247075,-0.0028415170938553137,-0.006792513638170987
SingleKite,3.1,25.93977254553757,0.001132968434436934,15.036516659731642,0.0404685737684761,30.09959733343131,-0.002822704406460081,-0.0062956401220233575
SingleKite,3.12,25.939349677362948,0.0011088181173455232,15.037148273271443,0.04089061590144132,30.10104682247796,-0.0027993765592434386,-0.005786550481980905
SingleKite,3.14,25.939105938087696,0.0010915470840433086,15.03748075900522,0.0411338041426894,30.101830105206677,-0.0027767237833709398,-0.00531184837072318
SingleKite,3.16,25.93914599708773,0.0010818144816619978,15.037435761381907,0.041093501894244024,30.101717320442997,-0.0027561843180269716,-0.004714150224352897
SingleKite,3.18,25.93925583071823,0.001079668237066275,15.037293305141004,0.040983649835410564,30.101376539975114,-0.002735290394668701,-0.004126593396260836
SingleKite,3.2,25.93937676512384,0.0010850863294391633,15.03710024151697,0.04086290104029439,30.10094145412506,-0.002714368519635285,-0.0035180862075917577
SingleKite,3.22,25.93952958071519,0.0010974993474643189,15.036873959132068,0.04071047228537401,30.10042089473973,-0.002694415276269913,-0.0028225696305897267
SingleKite,3.24,25.93958656490987,0.0011157459145675278,15.036805759522748,0.04065400551448808,30.100253530047446,-0.0026749096307114965,-0.0022039494779715497
SingleKite,3.2600000000000002,25.939504045750024,0.0011389160649596616,15.036942186573196,0.04073713485333338,30.10055816278695,-0.002653456759986439,-0.0016871134184702754
SingleKite,3.2800000000000002,25.939353499839545,0.0011666859908690628,15.037173207425104,0.04088840508143137,30.101084378975216,-0.002629267843137808,-0.001120627010767513
SingleKite,3.3000000000000003,25.939256351086257,0.001198499179352194,15.03731440006392,0.04098643229807147,30.10141091131775,-0.002605389571695794,-0.0004228515686866185
SingleKite,3.3200000000000003,25.939271996736448,0.001233270109629093,15.037293644387168,0.04097182521998977,30.10136160067044,-0.0025824626503031427,0.00011608640024673296
SingleKite,3.3400000000000003,25.939343034711904,0.0012698405111681219,15.037199870294957,0.04090193851947399,30.10113848442333,-0.0025586800232603605,0.00029534504457647605
SingleKite,3.3600000000000003,25.939284893236298,0.001306934765174502,15.037358458325775,0.04096121878155788,30.10145639030578,-0.002531679680109449,0.0006200902980378292
SingleKite,3.3800000000000003,25.938885860488774,0.0013435871351813213,15.038012763467576,0.04136122472313828,30.102920548703516,-0.0024971037360448376,0.0012451158915982585
SingleKite,3.4000000000000004,25.93845821913467,0.0013802880997361422,15.03863211684599,0.041789838805313964,30.104354347755617,-0.002459217671035741,0.0014428871169229038
SingleKite,3.4200000000000004,25.938372516808723,0.0014166422196050545,15.038761238182467,0.041876708523330704,30.104649953920575,-0.0024267412725245538,0.001256560107621172
SingleKite,3.4400000000000004,25.938558946890875,0.0014512866701645326,15.038508979207169,0.04169157722188858,30.104054226812284,-0.0023944033421662734,0.0012360042233704447
SingleKite,3.4600000000000004,25.938757978625436,0.0014833183022582583,15.03825296516235,0.04149379940683023,30.10344021504152,-0.002360117760986336,0.001384997964955472
SingleKite,3.48,25.938770862387088,0.0015113135153324352,15.038263497076892,0.04148193439927368,30.103445276316013,-0.0023241021744240544,0.0015866374746391664
SingleKite,3.5,25.93867223543328,0.001534692714390915,15.038411449038835,0.04158135234989164,30.103784400651044,-0.0022870047608469723,0.0015235084237969234
SingleKite,3.52,25.938622959320682,0.0015528466608653341,15.038498433458114,0.04163126811810113,30.103975432258853,-0.0022535767772207415,0.0012546207770179113
SingleKite,3.54,25.93861720392699,0.0015652946688341906,15.038524800370938,0.041637485612057636,30.104024537695224,-0.0022180378456764065,0.0012191802879445125
SingleKite,3.56,25.938712458344785,0.0015726745303625762,15.038341210237434,0.04154257740655978,30.103629726958058,-0.0021827090746532004,0.0013456804261689304
SingleKite,3.58,25.93905847075002,0.001574595359283941,15.037791289979285,0.04119688848778656,30.102388955022622,-0.0021550548683868893,0.001182017243917545
SingleKite,3.6,25.93939619680153,0.0015696471448562353,15.037319181275473,0.04085922086125507,30.101284768333272,-0.002128050647208928,0.0007979424026397542
SingleKite,3.62,25.939421962105072,0.0015576765248797562,15.037312623831584,0.04083301618776052,30.101249234585996,-0.002095732711743443,0.0006464825042837496
SingleKite,3.64,25.93914113952539,0.0015395880244166904,15.037753126781785,0.04111295441062314,30.10224663253521,-0.00206033864330157,0.0008961440773842068
SingleKite,3.66,25.938774766415015,0.0015169255058044857,15.038300739324013,0.04147823782381421,30.103503103231997,-0.002022233859305686,0.0009451896435002668
SingleKite,3.68,25.93855974877505,0.0014918295164587938,15.03861732600463,0.04169220683880871,30.104232574617914,-0.0019837154333137135,0.0005621459437824873
SingleKite,3.7,25.93861065580096,0.0014658049465641966,15.038530493153914,0.041640408226397856,30.104040230810504,-0.0019473001363775361,0.00046802115147748366
SingleKite,3.72,25.938854938389166,0.0014397014814137568,15.038174985630159,0.04139536184886561,30.10321836893393,-0.001913020620453314,0.0007267988037504137
SingleKite,3.74,25.939051479937365,0.0014136730730357472,15.037903688180585,0.041198038418542304,30.102581483200034,-0.0018787603503351762,0.0008058284355086098
SingleKite,3.7600000000000002,25.93905388021655,0.0013883379817277405,15.037920020618552,0.041194777933277686,30.10260618506722,-0.0018416646459683635,0.0008887500921284117
SingleKite,3.7800000000000002,25.938888153008328,0.0013645476618928606,15.038180537568378,0.04135961964327951,30.103195716619094,-0.0018045357009900806,0.001179507288613037
SingleKite,3.8000000000000003,25.93873531153655,0.0013433366066236856,15.038399491044872,0.04151168640302065,30.10370418520606,-0.0017670427388505423,0.0014208112550196967
SingleKite,3.8200000000000003,25.93875483855565,0.0013260060117016173,15.038351327372792,0.04149161214180473,30.103605845775178,-0.0017312675153693653,0.0017962150035299605
SingleKite,3.8400000000000003,25.938989386167393,0.0013127731053612492,15.037975556387641,0.041256761832392755,30.1027598151264,-0.001699689335143161,0.0022935616070273272
SingleKite,3.8600000000000003,25.93930781409932,0.0013032300047791108,15.03749456289683,0.04093819149001044,30.1016594360038,-0.001670289255584951,0.0025062247268173095
SingleKite,3.8800000000000003,25.939518986244437,0.0012966673011114737,15.037170539627109,0.04072691745654899,30.100921361691814,-0.0016413663033137751,0.0027187179348082107
SingleKite,3.9000000000000004,25.939634048760176,0.0012927466500216938,15.036964730707885,0.040611788447719135,30.100470835072894,-0.001612733459298164,0.0033440241814110833
SingleKite,3.9200000000000004,25.93970781908191,0.0012910024027658832,15.036869532104493,0.04053799999183219,30.10024274846106,-0.0015854863472437926,0.003990744697673782
SingleKite,3.9400000000000004,25.939507404331394,0.0012909050333768568,15.037225615971062,0.040738310499326656,30.101023516482925,-0.0015518327148492537,0.004238257481863586
SingleKite,3.9600000000000004,25.93902254386974,0.0012939658081865739,15.037985014573964,0.04122302629803157,30.10274367273518,-0.001508429942025944,0.0043884467214381
SingleKite,3.9800000000000004,25.938497763746728,0.0013016476303362404,15.038793779049705,0.041747789880019134,30.104583706940154,-0.0014628857596348137,0.0047879326817187266
SingleKite,4.0,25.938180670414585,0.0013146627164577127,15.039281444534256,0.042065134959442994,30.105693841721905,-0.0014157445457069423,0.005268634856417871
Stack×3,1.02,25.94187738584393,0.0007501136229772305,15.031325033246096,0.038355206613594726,30.088996721301978,-0.0009408408543839206,-0.038161527084415836
Stack×3,1.04,25.941831950818507,0.0006243703490198126,15.031416312115272,0.038398382512530714,30.089191183363397,-0.0009415458764392544,-0.04109491999736288
Stack×3,1.06,25.941708750397765,0.0004994043427513221,15.031676186694114,0.038519743861802125,30.08973892068235,-0.0009430670643287153,-0.04310915402451842
Stack×3,1.08,25.94139708242677,0.00037925010796748687,15.032190871374615,0.03883002643349935,30.090888549586783,-0.0009501512975876912,-0.04396255391667422
Stack×3,1.1,25.941038555852924,0.0002687161118623556,15.032736984801087,0.03918762223535543,30.09213504241582,-0.0009561235372162055,-0.04397758500055817
Stack×3,1.12,25.940826347127597,0.00017134457639104476,15.033071166782618,0.03939928221831314,30.09289092422411,-0.0009615437144446126,-0.04455029133243363
Stack×3,1.1400000000000001,25.940820967959635,8.772212511817981e-5,15.033112436825261,0.03940438644575045,30.09296431590771,-0.0009847472544530422,-0.04590575850554946
Stack×3,1.16,25.940940833388154,1.866427319957694e-5,15.032975263231613,0.039284427807278956,30.092622656469487,-0.0010199675489730431,-0.04635651106036197
Stack×3,1.18,25.941065205044396,-3.21624663062141e-5,15.0328434254041,0.03916006492492613,30.092285502308513,-0.0010423204771466232,-0.04535709993126014
Stack×3,1.2,25.94106117829595,-6.140860709097822e-5,15.032913442701933,0.03916412660952238,30.092405129400113,-0.0010521512067589583,-0.04431876800782271
Stack×3,1.22,25.940906722302543,-7.021999317874122e-5,15.033167095415209,0.03931859716294042,30.092972521233367,-0.0010833486872777423,-0.044146718597394746
Stack×3,1.24,25.940794774880057,-6.190264561299575e-5,15.033340465803041,0.03943053047264665,30.093366441846555,-0.0011299197202484434,-0.04409500273191958
Stack×3,1.26,25.94079876500486,-3.439216726282439e-5,15.033379411761276,0.039426506757149385,30.09342701236384,-0.0011515129908462038,-0.04319896485941118
Stack×3,1.28,25.940816961947835,1.4508151401809012e-5,15.033368463271346,0.039408297484428166,30.093391473774183,-0.0011722713570187417,-0.041655530817067375
Stack×3,1.3,25.941071554922672,7.738744049450198e-5,15.032906868927576,0.03915377831721579,30.0923843175425,-0.0012455512607305562,-0.040457129507902326
Stack×3,1.32,25.941724617862064,0.0001476453669354849,15.031933152850845,0.03850092199977536,30.090148608366626,-0.0013217331077442524,-0.03986114357040651
Stack×3,1.34,25.942326866782608,0.00022727089203928376,15.031064496371819,0.037899071427464,30.08813530749482,-0.0013945406796822513,-0.03912863826427479
Stack×3,1.36,25.942581862461463,0.00031030544827186004,15.030682223988213,0.03764467324752163,30.087258927345584,-0.0015024754723378284,-0.03802798919914229
Stack×3,1.38,25.942542523179224,0.00039029480677446035,15.030727134156542,0.037684754746215035,30.087370873080268,-0.0016233550203427153,-0.036897399135412345
Stack×3,1.4,25.942293451609675,0.00046385078450880636,15.0311150567852,0.03793464115606948,30.088250918772683,-0.001757231896545489,-0.035683833292732364
Stack×3,1.42,25.94193934594201,0.0005283285850187518,15.031632677605053,0.03828955599618827,30.08944604875706,-0.0018933966577282788,-0.03467198333113644
Stack×3,1.44,25.941730969306185,0.0005822127773855346,15.031922806809485,0.03849869008712147,30.090125410393824,-0.002031676861729364,-0.034378670985380874
Stack×3,1.46,25.941691156671318,0.0006240641957842412,15.032014908358523,0.038539153154867015,30.09031584039989,-0.002171546241395788,-0.033841386345806364
Stack×3,1.48,25.941601031851715,0.0006531335687612405,15.032190935542996,0.038629746742038784,30.090693242426173,-0.0023141397286630234,-0.03198261399252434
Stack×3,1.5,25.941409547770448,0.0006673994323884862,15.032501312302198,0.038821446218478106,30.091389899385856,-0.002465690805432232,-0.03031239746596089
Stack×3,1.52,25.941214416052546,0.000667188116162384,15.032800274476978,0.03901654562894578,30.092071178937356,-0.0026035440203685195,-0.03042027190245756
Stack×3,1.54,25.94117427791907,0.000655378065429035,15.03286432480303,0.03905647793867684,30.092215540632793,-0.0027344814964877237,-0.030230116512545882
Stack×3,1.56,25.94122722101746,0.000631463978408236,15.032846984081106,0.03900314780454658,30.09213614171413,-0.002873323564729529,-0.027833084899189627
Stack×3,1.58,25.94111755934838,0.0005969961409858877,15.033062223958702,0.03911225385173176,30.092597099052433,-0.002997784650384114,-0.025691838748269708
Stack×3,1.6,25.940887957517848,0.0005546612869541486,15.033416229685661,0.03934120944940344,30.093402418058247,-0.0031218548233478884,-0.025699201378076717
Stack×3,1.62,25.94068660149139,0.0005051654789969867,15.033767673350116,0.03954188226101347,30.0941764365911,-0.0032436585699878425,-0.025092753411057832
Stack×3,1.6400000000000001,25.94041399858299,0.000452334608024439,15.034250827400397,0.039813827803512385,30.095236493916627,-0.0033491688983391743,-0.0222313290271166
Stack×3,1.6600000000000001,25.940130767466993,0.0003992907715616269,15.034672983841535,0.04009647746276266,30.09620588439357,-0.0034493752041839993,-0.019874784532905667
Stack×3,1.6800000000000002,25.940122070450695,0.0003477452454937705,15.034676623978278,0.04010469397775236,30.096220237700898,-0.00354217709859531,-0.019533820537951687
Stack×3,1.7000000000000002,25.940463441603775,0.00030094505629220375,15.034155793902947,0.03976295402228194,30.095031991265525,-0.003624814035951121,-0.018337104267629026
Stack×3,1.7200000000000002,25.940989755393726,0.00026026978331558675,15.033410030129644,0.03923636461185739,30.093294630417606,-0.003714387874527667,-0.014937406901339188
Stack×3,1.7400000000000002,25.94129126737054,0.00022643365020832049,15.03301744823205,0.0389346478359193,30.092356631015868,-0.0038006123771299073,-0.012530503834723681
Stack×3,1.76,25.941168121594536,0.00020077790377084006,15.033259346211189,0.03905765122522061,30.092874582323997,-0.003888829196241355,-0.012069034488711761
Stack×3,1.78,25.940687000621743,0.00018283733525003488,15.034005808276804,0.03953867888635412,30.094569787729693,-0.003975041499011961,-0.010249595595961789
Stack×3,1.8,25.940189481783552,0.0001747017652607215,15.034747474150661,0.0400361561442392,30.09627278162901,-0.004044113429296305,-0.006883875842170261
Stack×3,1.82,25.93995910914027,0.00017769046453530222,15.035093977771721,0.0402665396845856,30.097066436280247,-0.004110094427691239,-0.0048566192197031935
Stack×3,1.84,25.94005096680184,0.0001920670445714567,15.034977020443389,0.04017474907857666,30.09678503867082,-0.004168876181953016,-0.0037309674313193795
Stack×3,1.86,25.94028577138,0.00021824629589059735,15.034668377649538,0.039940081672410574,30.096049735158598,-0.004226788584007296,-0.0017267199814354093
Stack×3,1.8800000000000001,25.94042859574423,0.0002548986964228743,15.034502091795893,0.03979747732561814,30.095637941697017,-0.004286509199402695,0.0004993432291819631
Stack×3,1.9,25.94034943858987,0.00030080714283426833,15.034673931707655,0.03987695273975019,30.09599790720993,-0.004343285433511657,0.002336955554637222
Stack×3,1.92,25.94011803035074,0.0003547435798614376,15.035017579352767,0.04010879521234411,30.096787828793342,-0.00439314482159645,0.004020718386498773
Stack×3,1.94,25.940090768348774,0.00041589684007233664,15.035031215858044,0.040136643237159694,30.09683649857638,-0.004432854150686803,0.005307461121886943
Stack×3,1.96,25.940318119706127,0.00048302165261575406,15.034722804197337,0.03991006010879184,30.096108719884604,-0.0044732809563698545,0.006466215777591005
Stack×3,1.98,25.940504529145503,0.0005535717193497897,15.03447996472211,0.039724584881491005,30.09552858999103,-0.004515167254421834,0.007949215950757012
Stack×3,2.0,25.940532292973185,0.0006255207742913154,15.03445372447091,0.03969789226840252,30.095458599213394,-0.004551676443400364,0.009113413462915028
Stack×3,2.02,25.940414507269395,0.0006975606455029217,15.034684806743057,0.03981686032312734,30.095953527419105,-0.004582052247943594,0.009729180077098408
Stack×3,2.04,25.94000281657571,0.000767889167208318,15.035378035202397,0.04022976942870617,30.097494183496433,-0.004607321193647376,0.010412054450385814
Stack×3,2.06,25.93941534050293,0.0008352117360058729,15.036275858303021,0.04081846204464361,30.099541561626324,-0.004623395320652011,0.011024381752501753
Stack×3,2.08,25.938994309419314,0.0008990418345879526,15.036926509926182,0.04124074799235674,30.101020782806913,-0.004629845307853476,0.01136508072336941
Stack×3,2.1,25.938785372115273,0.0009597037598634983,15.037301456080625,0.04145099601715276,30.101840916488207,-0.004622640084001908,0.011757581116474156
Stack×3,2.12,25.938689979886142,0.0010170071737584272,15.037474268449108,0.041547725915131256,30.102218045032693,-0.004610759935881581,0.01186206657473017
Stack×3,2.14,25.93886432144624,0.001069403658599156,15.037222250231272,0.04137475793709146,30.10163429716633,-0.004601390065729754,0.011565258528705394
Stack×3,2.16,25.939205897404193,0.0011153900682405718,15.03678212367724,0.041034521285166554,30.10057927863217,-0.004591250824777122,0.011483202105371959
Stack×3,2.18,25.939374492139283,0.0011547001906850893,15.03656763505786,0.040867080918076976,30.10006308905015,-0.004571755268025605,0.011401701945222735
Stack×3,2.2,25.93953757371155,0.0011872309343392998,15.036264771820395,0.0407050005439016,30.099406075687416,-0.004551697881931048,0.010918644525927569
Stack×3,2.22,25.939948931268184,0.001211423295586325,15.035638432246273,0.04029453984920236,30.09797632601298,-0.004542520905503858,0.010380497407708949
Stack×3,2.24,25.940347269681418,0.0012263493745090224,15.035067470562316,0.03989683930290387,30.096650614834783,-0.00452944144933471,0.009893397007930767
Stack×3,2.26,25.940532088758005,0.0012327479562235135,15.03478649982626,0.03971230607370188,30.096008969067146,-0.004512638233034472,0.00936327072831221
Stack×3,2.2800000000000002,25.940547428669866,0.0012301029378383001,15.034759547727468,0.03969689150703124,30.095949708552233,-0.0044996584190555786,0.008823083476408585
Stack×3,2.3,25.940363852806126,0.001218220274993609,15.035077123026138,0.03988001486893013,30.096650682753353,-0.004486603730241136,0.008200805702357017
Stack×3,2.3200000000000003,25.939952456016208,0.0011984897791544717,15.03574197707878,0.04029062989871281,30.09814414066409,-0.004465175538541002,0.007608196763104511
Stack×3,2.34,25.939384867955436,0.0011736386481588671,15.036632199065135,0.040857248873626316,30.100159886650694,-0.004428997880688937,0.007130709948378231
Stack×3,2.3600000000000003,25.93887141774189,0.0011466542997251433,15.037407355792132,0.04136973311199391,30.10193351965174,-0.0043843170379926875,0.006680953931598191
Stack×3,2.38,25.938644458698853,0.0011197239852350901,15.037765709420553,0.041595871782479754,30.102743494257318,-0.004337002421857603,0.006299651118475507
Stack×3,2.4000000000000004,25.938670469284634,0.0010949615904146716,15.037773446048257,0.04156921099980984,30.102731355806732,-0.004285108031799109,0.005855901810448961
Stack×3,2.42,25.938742252206318,0.0010736173243775606,15.037743643707598,0.041496895318797335,30.10261328592593,-0.004234999434353835,0.005346339130554904
Stack×3,2.4400000000000004,25.938600409018996,0.0010560597382068713,15.038036591820045,0.04163824217918085,30.103233548032275,-0.004181992885885992,0.005114471517653793
Stack×3,2.46,25.93826982919297,0.0010441547321569846,15.038559166376308,0.041968418621361935,30.10441433206682,-0.0041198189501037985,0.004996433688978096
Stack×3,2.4800000000000004,25.938022747620366,0.0010391216568762208,15.038943997606358,0.04221529997098563,30.10528736611513,-0.0040539618480927575,0.004675908549602814
Stack×3,2.5,25.938024361101824,0.0010418400375984238,15.038959230343789,0.04221375398087404,30.10531100209336,-0.003981209549989844,0.004334062846741318
Stack×3,2.52,25.938246818918902,0.0010532836076363095,15.038654339809373,0.04199164976608915,30.104593728234384,-0.003907530003457963,0.004073680486041438
Stack×3,2.54,25.938539621647625,0.0010725106040305877,15.038246884084426,0.04169942989847385,30.10363946967123,-0.0038380509949513986,0.003915600442820605
Stack×3,2.56,25.93869631879964,0.0010985672691262813,15.038069777537833,0.04154346565104576,30.103196483692713,-0.003767155118523646,0.0037690992123031158
Stack×3,2.58,25.938559464256482,0.0011303988096153137,15.038310699483954,0.041681123623947644,30.103725949101964,-0.003697622690139884,0.0032457185019901295
Stack×3,2.6,25.93834819477555,0.001167028637350336,15.038611563977849,0.04189332018866946,30.10442583761816,-0.003629885284920074,0.002676150450223935
Stack×3,2.62,25.93833690106525,0.0012077296316453392,15.038622678543991,0.041905762775705464,30.104455035444538,-0.0035671469314548445,0.002633572455027413
Stack×3,2.64,25.938528625034042,0.0012508526147454668,15.038342636475798,0.04171538960256603,30.10380830108863,-0.003510992525033283,0.002365790067769421
Stack×3,2.66,25.93879658547911,0.0012945958368888028,15.037946112665495,0.04144889362359254,30.102895928299997,-0.0034598754296431286,0.0013266249637257355
Stack×3,2.68,25.939028690768595,0.0013369045669236702,15.037609893316379,0.04121825279464782,30.10211761955124,-0.0034148054575468597,0.000606896731787796
Stack×3,2.7,25.939077203409663,0.001375645260891798,15.037569773993146,0.04117104194144245,30.102004795134896,-0.0033722841523039933,0.0004959416706873732
Stack×3,2.72,25.938886133644743,0.0014094447868410037,15.037886389230163,0.04136314343330543,30.102711359052694,-0.0033303497081675487,-0.00017162222339073513
Stack×3,2.74,25.938528820093747,0.0014375804525533966,15.038445212701387,0.0417212112523148,30.103977684623757,-0.0032876771440996755,-0.0012861036332077395
Stack×3,2.7600000000000002,25.938171260257466,0.0014602474743788793,15.038990272545647,0.04207934106735371,30.105221495139606,-0.00324277132291278,-0.0018448955531717593
Stack×3,2.7800000000000002,25.93797123564783,0.0014777830005026282,15.039293717209981,0.042279855048073516,30.105914872540687,-0.0031991934490749946,-0.0022642758037587406
Stack×3,2.8,25.93807546670327,0.001490235259571249,15.03912009563968,0.042176125984929085,30.10552793535978,-0.0031594086003947554,-0.003111134879682329
Stack×3,2.8200000000000003,25.938432607918656,0.0014972395219297822,15.03862364044135,0.04181945986621664,30.104364876538792,-0.0031246307234843716,-0.0038959340310353394
Stack×3,2.84,25.93860902312149,0.001497540705987955,15.038423309976622,0.04164316907442043,30.103864598711592,-0.003089960510541296,-0.004492354297040845
Stack×3,2.8600000000000003,25.938541715295404,0.0014915557449202699,15.038491447275032,0.04171021898420994,30.10404175701052,-0.0030527244037948154,-0.0051174690358999795
Stack×3,2.88,25.938618350945376,0.001480183867745125,15.038333594114082,0.04163322658513197,30.103707340414505,-0.0030237224537981514,-0.005627568695594878
Stack×3,2.9000000000000004,25.938921605813302,0.001463083791702017,15.037865382533228,0.041329555959951525,30.102642629350907,-0.0030006275137898367,-0.006082190931841953
Stack×3,2.92,25.939274364566135,0.0014407995769497193,15.037344087525646,0.04097623061034175,30.10144271585496,-0.0029779109939954483,-0.006587923019864827
Stack×3,2.9400000000000004,25.93942358803486,0.0014135073508130696,15.037130314921455,0.04082614571477206,30.100946283124898,-0.002956724274224476,-0.006978460346828361
Stack×3,2.96,25.939383332282397,0.0013820701969279735,15.03715193918883,0.040865302069121326,30.101020615869402,-0.0029340618207226196,-0.007177819744424296
Stack×3,2.9800000000000004,25.93940530780518,0.0013479718774652664,15.037082499363814,0.04084219951218851,30.100884754981955,-0.0029160398669443913,-0.007276431510307003
Stack×3,3.0,25.93954332982898,0.0013117151257389626,15.036862717261565,0.04070306837977372,30.10038912264111,-0.002901575473584724,-0.007405015253001817
Stack×3,3.02,25.9397170196419,0.00127471017857247,15.036576426816604,0.040528288399480264,30.09974935184207,-0.0028852549674205333,-0.007442812637795103
Stack×3,3.04,25.939908633153493,0.0012382934061399109,15.036251191370198,0.040335635729757686,30.099028017247655,-0.002869679519691395,-0.007245163472692938
Stack×3,3.06,25.940059185504975,0.001203148172358815,15.036019225778055,0.04018408697137694,30.09850023465978,-0.0028543690826291737,-0.007069732388767186
Stack×3,3.08,25.940053998539295,0.001169905663035776,15.036039810399952,0.04018829016554171,30.098539239241777,-0.0028391387789913915,-0.0068728847819478096
Stack×3,3.1,25.93980677245241,0.001139591508537157,15.036449668949546,0.04043454640112597,30.099453777710092,-0.002820054381638667,-0.006400936747625565
Stack×3,3.12,25.93938391907242,0.0011141548492120507,15.037081304967362,0.04085653197808214,30.100903289756083,-0.002796536775132712,-0.0059108535980533115
Stack×3,3.14,25.93914017351074,0.001095444883652311,15.037413806713348,0.041099684490633094,30.101686604935868,-0.0027738008623524866,-0.00546899185048941
Stack×3,3.16,25.93918018098913,0.0010841828490345245,15.037368797808092,0.04105939231922862,30.101573851005046,-0.0027530791073815124,-0.004884428318412913
Stack×3,3.18,25.939289976318275,0.0010804778748066957,15.037226332689391,0.040949537450598754,30.101233092697733,-0.00273209337287421,-0.004304496202808167
Stack×3,3.2,25.939410886506092,0.0010843322322242727,15.037033257312913,0.0408287716659448,30.100798010669067,-0.002711221323759441,-0.003716040658984493
Stack×3,3.22,25.93956372539863,0.0010952306072905167,15.036806977473697,0.04067627887198047,30.10027743324171,-0.002691273655665941,-0.003025080721959089
Stack×3,3.24,25.939620706731834,0.0011120744067370254,15.036738748084913,0.0406197758808714,30.100110022167264,-0.0026717963632381186,-0.0024108146802075572
Stack×3,3.2600000000000002,25.939538159314488,0.0011339843485695515,15.036875145466832,0.04070289693842364,30.100414633021433,-0.0026504875656341523,-0.001901681171268667
Stack×3,3.2800000000000002,25.939387586430403,0.0011606607349360482,15.037106164785838,0.04085416076028852,30.100940872582008,-0.00262650514595063,-0.0013285068648158838
Stack×3,3.3000000000000003,25.939290428383107,0.0011915815150101998,15.037247379546411,0.04095216771905956,30.101267450432733,-0.0026028222942118305,-0.0006271492156610715
Stack×3,3.3200000000000003,25.939306080102202,0.00122568745062679,15.037226641986758,0.04093752958125299,30.101218163968202,-0.0025801309754554386,-8.283161068718288e-5
Stack×3,3.3400000000000003,25.939377101792918,0.0012618225609476962,15.037132850760814,0.04086763952722438,30.100995035070877,-0.0025566897087076273,0.0001105632341577534
Stack×3,3.3600000000000003,25.93931892379741,0.001298714128743811,15.037291408268134,0.04092694387529873,30.101312925695815,-0.002530049400832712,0.0004299427205062204
Stack×3,3.3800000000000003,25.93891988432204,0.0013354106936651583,15.037945721203744,0.04132695384489327,30.102777103558566,-0.0024958271195727796,0.001061900603861141
Stack×3,3.4000000000000004,25.938492249356404,0.0013723844161197096,15.038565102108388,0.04175556664774438,30.104210941907677,-0.0024583854005069974,0.0012666272101607178
Stack×3,3.4200000000000004,25.938406520321543,0.0014092005220319712,15.03869423341279,0.041842473200812975,30.10450659013485,-0.0024264097627043576,0.0010783725990143884
Stack×3,3.4400000000000004,25.93859293362189,0.0014444826454911713,15.038441981733481,0.04165737461877254,30.10391089123172,-0.0023944949076922604,0.001064178825787499
Stack×3,3.4600000000000004,25.938791943641696,0.0014773147313766623,15.038185944669623,0.04145964176055964,30.10329686230598,-0.0023606398668212934,0.0012199595725880114
Stack×3,3.48,25.938804797617248,0.0015062257972974218,15.038196439657126,0.041447836516370865,30.103301891115628,-0.002325170487422642,0.0014206270891262837
Stack×3,3.5,25.938706167723048,0.0015305982529869066,15.03834438670052,0.04154729215736836,30.103641010081017,-0.0022885376417487004,0.001389324325612608
Stack×3,3.52,25.938656915756376,0.0015498079539779154,15.038431391030405,0.04159722200613027,30.103832051436164,-0.0022555089853257253,0.0011260217282624907
Stack×3,3.54,25.938651153254646,0.0015633218217166922,15.038457754179914,0.041603486122338315,30.103881157450154,-0.002220492901092245,0.001077231755416362
Stack×3,3.56,25.938746380613708,0.00157172976345015,15.038274151034871,0.04150864368957311,30.103486350975572,-0.0021856264848024026,0.0012081562635651803
Stack×3,3.58,25.939092376602378,0.001574630984922115,15.037724216808975,0.04116300879355106,30.102245571560545,-0.0021583252873271486,0.0010687367593272706
Stack×3,3.6,25.939430085428356,0.0015705824718606285,15.037252081864937,0.040825393242637655,30.10114135805275,-0.002131722122254913,0.000706210115827408
Stack×3,3.62,25.939455865281726,0.0015593956374760714,15.037245516994398,0.0407992033794746,30.101105798123985,-0.0020997671793129466,0.0005333398284070315
Stack×3,3.64,25.939175062768612,0.0015419632633657835,15.037686021845781,0.04107914407060929,30.102103179986337,-0.0020647068173171167,0.0007730813008408926
Stack×3,3.66,25.938808681225407,0.0015198023488239766,15.03823363816422,0.04144445111629699,30.1033596649605,-0.0020270064756813823,0.0008211450044177281
Stack×3,3.68,25.93859363187057,0.0014950371887239135,15.038550236990426,0.041658460452463617,30.104089186782726,-0.001988843353555015,0.0004378784312450951
Stack×3,3.7,25.938644518725713,0.001469180407139183,15.038463424011189,0.04160668536045894,30.10389689512854,-0.0019527329842531744,0.0003306320639067514
Stack×3,3.72,25.93888877594524,0.0014430755349086914,15.03810790749756,0.04136166236126265,30.10307504274658,-0.001918786442680146,0.0005786052793630523
Stack×3,3.74,25.93908531791978,0.0014168798612402488,15.037836595034701,0.04116433063291909,30.102438131865327,-0.001884810377381582,0.0006563180836265687
Stack×3,3.7600000000000002,25.939087727822773,0.001391232494231504,15.037852902569586,0.04116104730266453,30.10246278341022,-0.0018479625255438644,0.0007400529003331111
Stack×3,3.7800000000000002,25.938921979632454,0.0013669975631386629,15.038113390355205,0.041325892415664506,30.10305228690816,-0.0018111145204314683,0.0010249651723478496
Stack×3,3.8000000000000003,25.938769131960456,0.0013452247923070586,15.038332356359117,0.041477944901794836,30.103560782145696,-0.0017738996999076245,0.0012635081307498575
Stack×3,3.8200000000000003,25.93878865936881,0.001327243267925279,15.038284215698793,0.04145784820984786,30.1034624803688,-0.0017383809085743682,0.001642140696918325
Stack×3,3.8400000000000003,25.93902318958914,0.001313294973252893,15.037908438305024,0.04122299216428982,30.10261645577397,-0.001707070806149347,0.0021424400445756854
Stack×3,3.8600000000000003,25.93934159413638,0.0013029995083267858,15.03742741611905,0.04090442124487117,30.101516051661527,-0.001677910862421948,0.0023582867627860546
Stack×3,3.8800000000000003,25.93955276169965,0.001295680783519215,15.037103364842771,0.040693127715417735,30.100777935462062,-0.0016492289050483878,0.0025767050805500106
Stack×3,3.9000000000000004,25.93966781562826,0.0012910218979671293,15.036897528428732,0.040577983794562816,30.100327371567243,-0.0016208662126319644,0.0032060629311424158
Stack×3,3.9200000000000004,25.939741603120567,0.0012885831329051967,15.036802333785129,0.04050415606606133,30.10009927512205,-0.0015938743607775635,0.0038613955767629374
Stack×3,3.9400000000000004,25.939541195998714,0.0012878606061326205,15.037158421333986,0.04070443937834442,30.10088004209153,-0.0015605166916601145,0.004121208696284182
Stack×3,3.9600000000000004,25.939056308188782,0.001290377566740118,15.037917819752796,0.04118916606175067,30.102600224348834,-0.0015174507752121113,0.00428269877274443
Stack×3,3.9800000000000004,25.938531502811117,0.0012976121370870996,15.038726610791292,0.04171394150339,30.104440326740267,-0.001472242567162628,0.0046870179368039
Stack×3,4.0,25.938214394056438,0.0013102839903193356,15.039214313860496,0.04203129107431526,30.105550538482,-0.0014254813078751175,0.005180562179621341
RotaryLifter,1.02,25.9565784023445,0.004339227617873479,14.996892114008842,0.024041685052151623,30.017966467330528,-0.0005246651235448961,-0.11407318562463291
RotaryLifter,1.04,25.956500763215036,0.004368563568456632,14.996868553327564,0.024123348476036165,30.018001707320767,-0.0005328115595479209,-0.12149988378874597
RotaryLifter,1.06,25.956421743820062,0.004381978894486079,14.996848780390767,0.02420349081007478,30.01804453828461,-0.0005434145296622708,-0.12935275425592394
RotaryLifter,1.08,25.956339082487446,0.0043790174504368395,14.996835183946407,0.024284256531551304,30.018101076165575,-0.0005568847217400804,-0.13526020269565667
RotaryLifter,1.1,25.956254968882078,0.004358861037148946,14.996822217068328,0.024363381755660517,30.01816004763956,-0.0005739846905914972,-0.1415233201984285
RotaryLifter,1.12,25.956172932372162,0.004321052260008182,14.996803995947149,0.024437385317832197,30.01820834065136,-0.0005952859139784073,-0.14817225641017434
RotaryLifter,1.1400000000000001,25.956094569533693,0.0042659004526571995,14.99677887149253,0.024504856105816753,30.018241699207792,-0.0006212608985297764,-0.15322966389271545
RotaryLifter,1.16,25.956018021757647,0.004194332967382257,14.996749266725956,0.024567919235898936,30.018265910115748,-0.0006508218546458526,-0.15820534473511697
RotaryLifter,1.18,25.95594031822788,0.0041071986628839425,14.996719178091473,0.02462980553002105,30.018290427670706,-0.0006822358369102935,-0.16357740449348912
RotaryLifter,1.2,25.95585842483374,0.004004100390961605,14.996693311088626,0.02469362910034305,30.018325940422613,-0.0007168609175571078,-0.16751171592363176
RotaryLifter,1.22,25.955772060490432,0.0038836912515556325,14.996671592495089,0.024759682260026623,30.0183725960736,-0.0007571342000545106,-0.17075477442164386
RotaryLifter,1.24,25.9556853073095,0.003745729384633279,14.99664764191551,0.02482417385812211,30.018415931824276,-0.0008024072262636168,-0.17401350237773924
RotaryLifter,1.26,25.955599702265168,0.0035916393350238734,14.996619879828797,0.02488609666808858,30.018451863457887,-0.0008493741508393887,-0.17601291327207233
RotaryLifter,1.28,25.955513884144164,0.003422637206190816,14.996590806931176,0.024947272036974416,30.01848583069526,-0.0008983605537388855,-0.17736732637847777
RotaryLifter,1.3,25.955431952569402,0.0032388117674060084,14.996550890102576,0.02500395637564986,30.018498135945062,-0.0009521793316952189,-0.17883459704088775
RotaryLifter,1.32,25.95535583163199,0.003040618451249109,14.99649793822349,0.025054613683854213,30.018483312527227,-0.0010091829371100054,-0.17902690917707634
RotaryLifter,1.34,25.955276925508986,0.002829545318938395,14.99644719108729,0.025108276703229494,30.01847480101146,-0.001065942064014657,-0.17797812335374488
RotaryLifter,1.36,25.955191000972786,0.002606671142764594,14.996408394586476,0.025169598672807592,30.01849277841978,-0.0011235623727011517,-0.17677714388351318
RotaryLifter,1.38,25.955099247582357,0.0023723917725853604,14.99637949261392,0.025237760994231136,30.01853270431844,-0.001183492525348041,-0.17488144416827275
RotaryLifter,1.4,25.95500371383268,0.0021279573827029377,14.996358302441843,0.025311152291861296,30.018589007246185,-0.001242979454122089,-0.17219629983020698
RotaryLifter,1.42,25.954907036551084,0.0018752216955746912,14.996340248666417,0.02538757040442522,30.018651593162957,-0.0013006972988422604,-0.16903545198024625
RotaryLifter,1.44,25.954814239756928,0.0016155068092483474,14.996317148713427,0.025462318187203715,30.018702115330385,-0.0013583803391266633,-0.16449024860396727
RotaryLifter,1.46,25.954725449613004,0.0013501879362116517,14.99628969871842,0.025535527644491993,30.01874160484011,-0.00141544526616907,-0.15849258433003607
RotaryLifter,1.48,25.95463695898363,0.0010812346457096925,14.996265003044957,0.025611131399004377,30.01878536419881,-0.0014700961168785261,-0.15217366694102583
RotaryLifter,1.5,25.954548450856077,0.0008104805195653231,14.996244282304149,0.02568959400587108,30.018835716566446,-0.0015227710481864553,-0.14566464375514473
RotaryLifter,1.52,25.954461429307678,0.0005395037074533811,14.996223485795008,0.025769475534628918,30.018884519573287,-0.0015738653375918686,-0.138470008265305
RotaryLifter,1.54,25.954378992915835,0.000270213823335075,14.99619743787027,0.025847676303668552,30.018920244228784,-0.0016219416664880572,-0.13016487500609014
RotaryLifter,1.56,25.954300261408612,4.5747673794550474e-6,14.996170188403433,0.025924995756701073,30.018950434948835,-0.0016668732842232243,-0.1198870377157091
RotaryLifter,1.58,25.954220654728104,-0.0002557650069703595,14.996149505954932,0.026005859775506936,30.018992328894733,-0.0017095258150777847,-0.10827492951033663
RotaryLifter,1.6,25.954141600806235,-0.0005089595376111827,14.996133160698754,0.02608862104084513,30.019040870370905,-0.0017488511123016329,-0.09700204512720642
RotaryLifter,1.62,25.954065988933657,-0.0007529497155134211,14.996117407431113,0.026170101768472776,30.01908709820024,-0.0017840693473506733,-0.08552752882520773
RotaryLifter,1.6400000000000001,25.953991962106976,-0.0009860143262684536,14.996105604133502,0.026251818464480114,30.019138346122944,-0.001816115234952485,-0.072205468578315
RotaryLifter,1.6600000000000001,25.9539210998284,-0.0012064983690100479,14.996093621824205,0.02633181175470017,30.019186270355828,-0.0018446145105484872,-0.05742797022517028
RotaryLifter,1.6800000000000002,25.953858650436718,-0.0014126263826096342,14.996072706842307,0.026404420887272594,30.0192113644977,-0.0018693922171436155,-0.04232325378666122
RotaryLifter,1.7000000000000002,25.953805258383642,-0.001602902773583575,14.99604013793386,0.026468577815911064,30.01920850867794,-0.0018916125588346738,-0.026351027242313994
RotaryLifter,1.7200000000000002,25.95375792158734,-0.001775899858331352,14.99600335456792,0.02652684774973436,30.019192886839,-0.001910921916982045,-0.008391359058222844
RotaryLifter,1.7400000000000002,25.953709295918152,-0.0019301045709596285,14.995976297092424,0.02658611447937091,30.019194594753195,-0.0019263799127031476,0.011159501675671212
RotaryLifter,1.76,25.95365652178975,-0.0020643524612826165,14.995965622776465,0.026648812902134097,30.019227385802136,-0.00193839178073354,0.029970759640203314
RotaryLifter,1.78,25.953600811613363,-0.002177731957027599,14.995967696139921,0.026713359877265044,30.019284084080976,-0.0019470232351498403,0.04766229740603726
RotaryLifter,1.8,25.95354873101392,-0.002269309215243273,14.995970502986372,0.026772874150623203,30.019338526889605,-0.001951990936025067,0.06490378679381142
RotaryLifter,1.82,25.95350514013069,-0.002338283775824798,14.995964948566668,0.026822233385566885,30.019371014198782,-0.0019540027142973815,0.0809191037461765
RotaryLifter,1.84,25.95347091000451,-0.002383974985635251,14.995949881706872,0.026860350093306336,30.01937880787494,-0.001953039177309141,0.09525217164096969
RotaryLifter,1.86,25.953442691097994,-0.002405755290956441,14.995931900689854,0.02689039758072567,30.019376031879016,-0.001948582273534887,0.10880161769828649
RotaryLifter,1.8800000000000001,25.95341629743014,-0.002403282637492378,14.99591872294756,0.026916464624382228,30.0193794623432,-0.0019410282729856784,0.12157078965564787
RotaryLifter,1.9,25.953389230150645,-0.0023765234146646812,14.995914458451876,0.02694105023581133,30.01939829130453,-0.001931296162979678,0.13281655709171306
RotaryLifter,1.92,25.953362417280903,-0.002325454833119477,14.995914844153772,0.02696330627261275,30.019424575541205,-0.0019196495557084617,0.14293493376196834
RotaryLifter,1.94,25.953341856158293,-0.0022499795537481216,14.99590780531901,0.026977391200676912,30.019432594886712,-0.0019058261430304252,0.15228433594782606
RotaryLifter,1.96,25.953327821410372,-0.002150151517309962,14.995893818151089,0.026983238872030017,30.019422874621014,-0.0018899620705279258,0.1602615421979616
RotaryLifter,1.98,25.95331529982692,-0.002026323430154393,14.995882929564011,0.02698614031079969,30.01941683714256,-0.0018724344457751517,0.16689132728721792
RotaryLifter,2.0,25.953302303038626,-0.0018790782239855896,14.995878351282842,0.026988448865124342,30.019421699284642,-0.001853563665544659,0.172712937435733
RotaryLifter,2.02,25.953288842389338,-0.0017091233764918844,14.995880258919595,0.02699058209736277,30.019437740440207,-0.0018331478040781197,0.1774834238065452
RotaryLifter,2.04,25.953272195128918,-0.0015172231605140836,14.995893537841209,0.026995731097678388,30.01947564967227,-0.0018107604036688995,0.1809331972163081
RotaryLifter,2.06,25.953254907220064,-0.0013042129765992562,14.99591245174881,0.027001865229742152,30.01952349765222,-0.0017861469128519383,0.18326967858957693
RotaryLifter,2.08,25.953242701367962,-0.0010711261046656235,14.995925945858607,0.027003807263180704,30.019557514469714,-0.0017598516963026,0.18425103783002406
RotaryLifter,2.1,25.953236066762017,-0.0008191472461798046,14.99593359416568,0.027001618082046784,30.019576526663926,-0.001732305480689087,0.1839387541571916
RotaryLifter,2.12,25.953232893184367,-0.0005494054530311398,14.99593727307866,0.026997954326976936,30.019585657342333,-0.0017034713304083574,0.18266613862094344
RotaryLifter,2.14,25.95323553987932,-0.00026303284470860803,14.995931135384549,0.02699099856743451,30.01957297212165,-0.0016722334987083177,0.18057658168448557
RotaryLifter,2.16,25.953241182479506,3.8657041342411834e-5,14.995920296848155,0.026984101971950565,30.019549638512572,-0.0016378837158280756,0.17739218744747615
RotaryLifter,2.18,25.953243603653995,0.0003543395299604521,14.995915044297615,0.026983979708816462,30.01953862737835,-0.0016005200122818362,0.17304692063192997
RotaryLifter,2.2,25.95324516523583,0.0006828505484213752,14.995907264642248,0.02698873141914105,30.01952425171347,-0.001560295549955117,0.16774859136653383
RotaryLifter,2.22,25.953249180761922,0.0010229712195774794,14.995890574975643,0.026995465294390758,30.01949277802046,-0.0015177516846620357,0.16043435638623554
RotaryLifter,2.24,25.953250659376412,0.0013732838513646462,14.995874768558132,0.027009531884755147,30.019465187488525,-0.001473483628340778,0.15153804873836677
RotaryLifter,2.26,25.953246402035386,0.0017323819203409598,14.995865861529255,0.027034417867974364,30.019454496367718,-0.0014266317080138457,0.1417949581748837
RotaryLifter,2.2800000000000002,25.95323688382883,0.002098889826652247,14.995862199267213,0.027069865386937706,30.01945751154081,-0.0013771004510985325,0.13124214937500156
RotaryLifter,2.3,25.95322156597643,0.002471287040526188,14.99586570487457,0.027116536940801947,30.019477931016993,-0.0013255513750332442,0.11954283070081052
RotaryLifter,2.3200000000000003,25.953200335680375,0.0028479237971770774,14.995876820764009,0.02717456585495282,30.019516594854267,-0.0012724863160476696,0.10669730272246938
RotaryLifter,2.34,25.95317467449052,0.003227103382619722,14.995892733197888,0.027242397057726506,30.019567429274467,-0.0012183023010609445,0.0928233935150628
RotaryLifter,2.3600000000000003,25.953148294999036,0.0036070895684387773,14.995905289670446,0.027316166521866143,30.019613390842316,-0.0011635712690096405,0.07767787360641458
RotaryLifter,2.38,25.95312517290073,0.003986092943903847,14.995907218494887,0.027391668116926046,30.01963864242011,-0.0011089582176568916,0.06095927825905276
RotaryLifter,2.4000000000000004,25.95310449425503,0.0043622421243210505,14.995900289813731,0.02746934501026934,30.01964689246047,-0.0010549771745430405,0.04296584678742344
RotaryLifter,2.42,25.953082938255474,0.0047336185701887514,14.995892279801991,0.027551998088346772,30.019654187464063,-0.0010019581533872474,0.023987623326043397
RotaryLifter,2.4400000000000004,25.95305593017824,0.005098189643299836,14.995891555173998,0.027643513608737943,30.01967875065582,-0.0009501653767771816,0.0031230635492283925
RotaryLifter,2.46,25.953024234870398,0.005453899623910112,14.995895663983246,0.02774239739167408,30.019715793113054,-0.0009000878346092263,-0.019748515106262497
RotaryLifter,2.4800000000000004,25.95299279516238,0.00579872657730979,14.99589559653298,0.027842991841316066,30.01974567674404,-0.0008521046961626057,-0.042824902198762886
RotaryLifter,2.5,25.952964388474914,0.006130604487725113,14.995886107034332,0.027941711671498937,30.019757063979238,-0.0008065139047021034,-0.06528082470385603
RotaryLifter,2.52,25.95293868376812,0.006447418829295523,14.99586892010674,0.02803794349257903,30.019753126747602,-0.000763587461139786,-0.08676573190476043
RotaryLifter,2.54,25.952913186728907,0.006747042976693591,14.995849397326873,0.028133107869631708,30.019745125414104,-0.0007235274174517852,-0.10717220539482175
RotaryLifter,2.56,25.952884567330965,0.007027386572760867,14.995835300151153,0.028229372302438438,30.019749091717596,-0.0006863339469104861,-0.12655277175097487
RotaryLifter,2.58,25.952850169661705,0.0072864062907096235,14.995830824049255,0.028328203443995267,30.01977451073545,-0.0006521977325086103,-0.14475619809383178
RotaryLifter,2.6,25.95281429090028,0.007522287642352402,14.99582731638005,0.02842438848645472,30.019802953044625,-0.0006214173508264291,-0.16163025056621916
RotaryLifter,2.62,25.952781462171647,0.007733362031465786,14.995816295011094,0.028512571785258706,30.019816047588247,-0.0005940372297830362,-0.1772614535436364
RotaryLifter,2.64,25.95275170788096,0.007917942728167622,14.995798377107214,0.028591776879860246,30.019814793523057,-0.0005703163384406152,-0.19171259745480665
RotaryLifter,2.66,25.95272269868308,0.008074312400749493,14.995777963667994,0.028663307932120904,30.01980870365224,-0.0005506145194189546,-0.2048606560483276
RotaryLifter,2.68,25.952692324781392,0.008200838947620592,14.995758955868586,0.02872831535046653,30.01980625352153,-0.0005350310876145084,-0.2166097207433699
RotaryLifter,2.7,25.952657741491652,0.008295973759332123,14.995746549220621,0.02878873180219303,30.019818763710802,-0.0005236017161250911,-0.22703270984877183
RotaryLifter,2.72,25.952617928269227,0.008358279711952203,14.9957420973114,0.028844850948363622,30.019849451388918,-0.0005166080975182583,-0.23616854452391214
RotaryLifter,2.74,25.952573937644555,0.008386484028039761,14.99574274923106,0.02889513044216128,30.019892592061275,-0.000514662510342545,-0.2439234178854752
RotaryLifter,2.7600000000000002,25.952528417336172,0.008379437020017496,14.995742463685707,0.0289366528633615,30.019935655019708,-0.0005202871443818674,-0.2502424674138793
RotaryLifter,2.7800000000000002,25.952483426746017,0.008335899445744883,14.995735668634689,0.02896715989163191,30.019967448697685,-0.0005351589241309551,-0.25517179949832747
RotaryLifter,2.8,25.9524407711265,0.008254623252010894,14.995716607328209,0.028984762325125167,30.019976718656995,-0.0005605568528588757,-0.2587496253578117
RotaryLifter,2.8200000000000003,25.95239884295598,0.008134474014923463,14.995688709994681,0.028991015380379844,30.019970679629548,-0.0005969460256691773,-0.26099686527481875
RotaryLifter,2.84,25.95234877923151,0.007974270380577395,14.995666385149793,0.02899460273210314,30.019981655560027,-0.0006445298604323129,-0.2619242484624561
RotaryLifter,2.8600000000000003,25.95228884426658,0.0077729856867855135,14.995648535020518,0.028997628344111907,30.02000948911559,-0.0007035856539875833,-0.2615418540421885
RotaryLifter,2.88,25.952225047152268,0.007529898234040434,14.995622509362134,0.028995018633997602,30.020027494931295,-0.0007737099081105351,-0.25982692719252276
RotaryLifter,2.9000000000000004,25.952157717627802,0.007244429413633845,14.995586295777313,0.028987385369514607,30.020032025831213,-0.00085410145660723,-0.25670278311067646
RotaryLifter,2.92,25.95208374564644,0.006916181941154317,14.995546793707325,0.02897892717980009,30.02003747441722,-0.0009486191343512912,-0.2522376661137772
RotaryLifter,2.9400000000000004,25.951998432366153,0.00654501665579051,14.995512462608872,0.028975694270894442,30.020062334705518,-0.0010571204528251022,-0.24656300907226386
RotaryLifter,2.96,25.95190279967044,0.006131323222935681,14.995481520763486,0.028978521358916404,30.020102678714547,-0.001173889520548854,-0.23981397354003617
RotaryLifter,2.9800000000000004,25.951802388296027,0.005676092737202736,14.995446139497218,0.028984090128499677,30.0201402476979,-0.0012956637009057534,-0.23220606906893979
RotaryLifter,3.0,25.951698876527626,0.0051808282586279395,14.995405255656761,0.028993022448566642,30.020171674487646,-0.001419560121145544,-0.22355672791560466
RotaryLifter,3.02,25.95159201153483,0.00464756373182994,14.995361677290521,0.029007974435698268,30.020201846099614,-0.0015429107422134586,-0.21444310859278612
RotaryLifter,3.04,25.95148258360353,0.004078904304007856,14.995316419757813,0.029030651398090183,30.020231684673572,-0.0016631880096750792,-0.2039790891132127
RotaryLifter,3.06,25.951370677095174,0.0034780322883200426,14.995272844389271,0.02906343882490898,30.0202666705174,-0.0017779116990917208,-0.19174258997985597
RotaryLifter,3.08,25.951255405104252,0.0028486518076169306,14.995235081394204,0.029109570972006404,30.02031448568859,-0.001884930130512347,-0.1783793702109463
RotaryLifter,3.1,25.95113665131936,0.0021949314848718543,14.99520682558486,0.029171299093495143,30.020381354893985,-0.0019825382509109243,-0.16356462465786206
RotaryLifter,3.12,25.951016823300648,0.0015214797726537347,14.995184502829986,0.02924803388171549,30.020459057792642,-0.0020695362080378962,-0.146394637507128
RotaryLifter,3.14,25.95090398488562,0.0008333141423775816,14.99515629782883,0.029333110930986277,30.020520323683662,-0.0021452574416258737,-0.12653576425998045
RotaryLifter,3.16,25.950800453919502,0.00013573625182279427,14.995120387908337,0.029425115915335996,30.020559917458897,-0.0022095759411000773,-0.1041200795059967
RotaryLifter,3.18,25.95070312298313,-0.0005657382396430593,14.995084028762268,0.029527553955489585,30.020592820028313,-0.002262663654777226,-0.07866254744099017
RotaryLifter,3.2,25.950611748371678,-0.0012654455719677488,14.995048526176006,0.029640533592703747,30.020621425718858,-0.0023049266262098593,-0.049923657864578336
RotaryLifter,3.22,25.950526940732153,-0.001957666531513526,14.995013974666046,0.029762769246797192,30.020645307421585,-0.002337006962610085,-0.018306107089215748
RotaryLifter,3.24,25.95044633193374,-0.0026367010921109026,14.994984902970394,0.02989542701747332,30.020674227286758,-0.002359378096859283,0.01773136628314965
RotaryLifter,3.2600000000000002,25.950369892733566,-0.0032969684936435626,14.994962948633681,0.03003685673467126,30.020710925493365,-0.0023725822237088234,0.05487771594141449
RotaryLifter,3.2800000000000002,25.950298835159188,-0.0039331163969174516,14.994945342197479,0.03018377237062409,30.02074966087116,-0.002377514220441093,0.08961856458071978
RotaryLifter,3.3000000000000003,25.950235805941666,-0.004540108690419632,14.994927972359394,0.03033116792025475,30.020781099286808,-0.0023752241263092816,0.12194556122806822
RotaryLifter,3.3200000000000003,25.95018218213585,-0.005113213864342892,14.99490924305733,0.03047509292841427,30.020801284561113,-0.002367087137660972,0.15200439661994888
RotaryLifter,3.3400000000000003,25.950136825861545,-0.005647976144758849,14.994891180504183,0.030613939775269338,30.020814661901937,-0.002354237165132487,0.1798349606243881
RotaryLifter,3.3600000000000003,25.95009678261185,-0.006140242287560649,14.9948816693052,0.03074780528666572,30.020837111298572,-0.002337730766537657,0.20556781719437625
RotaryLifter,3.3800000000000003,25.950057128859765,-0.006586246431273596,14.994885772867102,0.030878707601835195,30.020881726345188,-0.002319677588439098,0.22915977334974733
RotaryLifter,3.4000000000000004,25.950019142743237,-0.006984048503226102,14.994888766616612,0.031003004009135166,30.02092291455891,-0.002300670893834446,0.25062933000538723
RotaryLifter,3.4200000000000004,25.949995503136986,-0.007333727655584013,14.994884301233428,0.031106616105514375,30.02093804141515,-0.0022784765353012827,0.2700347394519698
RotaryLifter,3.4400000000000004,25.949983085280913,-0.007634945505138713,14.994873402820943,0.031191045649968763,30.020931795979312,-0.0022501911233096354,0.2874231492956316
RotaryLifter,3.4600000000000004,25.949983368178078,-0.007887869324914889,14.994867865406594,0.03125364470889428,30.02092228723986,-0.0022144171109034177,0.30279293328270446
RotaryLifter,3.48,25.949990845896423,-0.008092408810944576,14.994871132360041,0.031298668992985806,30.02092048245163,-0.0021714505580085405,0.31632366084353697
RotaryLifter,3.5,25.95000850164184,-0.008249003097615639,14.994880758220136,0.03132248939782292,30.02091948139566,-0.002122789124991954,0.32861779349695586
RotaryLifter,3.52,25.950035972051836,-0.008358108628794264,14.994890593630554,0.03132492443953529,30.02090945360105,-0.0020718222891238747,0.34082259276197985
RotaryLifter,3.54,25.950071684247845,-0.00842044204806263,14.994901434467456,0.0313072160952027,30.020893221220476,-0.00202311863696234,0.35580756820209863
RotaryLifter,3.56,25.95011230354716,-0.008436910235862481,14.994908509915438,0.03127253436528032,30.0208660769563,-0.0019804183356840403,0.3679659494060672
RotaryLifter,3.58,25.950159301211954,-0.008408817059105901,14.994908285020204,0.03121970351318941,30.020820762132924,-0.0019398284791443243,0.37908494040798874
RotaryLifter,3.6,25.950206046173655,-0.008337182841441332,14.994910361075561,0.031155442896220957,30.020779511143342,-0.0018935525098799828,0.38939910835504055
RotaryLifter,3.62,25.950246717956773,-0.008223089907109923,14.994923746910425,0.031085880983134126,30.020762802068717,-0.001837239567861773,0.39642721281625065
RotaryLifter,3.64,25.950279878205116,-0.0080678473260502,14.994946585838218,0.03101315619817249,30.020768936344727,-0.0017698148351515915,0.40226718641738607
RotaryLifter,3.66,25.950308917536972,-0.007872887415532772,14.99497068328645,0.03093492700597972,30.02078110586697,-0.0016900296291512632,0.4065222148548311
RotaryLifter,3.68,25.950335755147186,-0.007639776088196163,14.994987096220353,0.030850421154993018,30.020782670909465,-0.0015977012135813928,0.4104179212262444
RotaryLifter,3.7,25.95035756137494,-0.007370157073194871,14.994990030960707,0.03076358956621488,30.02076674662278,-0.001492345082676817,0.4117384312639667
RotaryLifter,3.72,25.950368099822388,-0.007066000242888599,14.994981457046878,0.030681886837837784,30.020742556252372,-0.0013675809490279493,0.41040266780955464
RotaryLifter,3.74,25.95035754282749,-0.006729541381346184,14.994968268426394,0.03061645085338464,30.020730908775334,-0.001207627802518341,0.4068786758625677
RotaryLifter,3.7600000000000002,25.950320955163498,-0.006363570884620391,14.994955094683718,0.030573882456738588,30.02074418567228,-0.00100782940942692,0.4022020901043797
RotaryLifter,3.7800000000000002,25.950255233947654,-0.005971353644369036,14.994938980862175,0.030559112091472627,30.02078046176148,-0.0007712975832196356,0.39821164118927077
RotaryLifter,3.8000000000000003,25.950156891487918,-0.005556570652144282,14.994909672492636,0.030577476476133663,30.020826097599016,-0.0004824625877551824,0.3938436062819055
RotaryLifter,3.8200000000000003,25.950027943544313,-0.005123351853714565,14.99486323945548,0.03062885012148783,30.020872658298636,-0.00010133865983427188,0.3884837797971824
RotaryLifter,3.8400000000000003,25.949864354869085,-0.004675748110209544,14.994796269900997,0.0307188376101987,30.020918354556304,0.00033845760801874697,0.38189508691719465
RotaryLifter,3.8600000000000003,25.949673068669075,-0.004217700226118018,14.99472036936681,0.030841938856744824,30.020975754475735,0.0008297124122787567,0.3742010050168427
RotaryLifter,3.8800000000000003,25.9494583542855,-0.003752815610993514,14.994642995569972,0.030994933666467415,30.02105311846764,0.0013566144136982095,0.3657025597672326
RotaryLifter,3.9000000000000004,25.94924155346638,-0.0032844574367605337,14.994571112480743,0.031157303004993517,30.021141560457966,0.0019109495689614,0.3562710767753832
RotaryLifter,3.9200000000000004,25.949012513844828,-0.002815679360312783,14.994491960487732,0.031339485807100456,30.02122966999709,0.0024854484132728976,0.34574518695910766
RotaryLifter,3.9400000000000004,25.94877793903449,-0.002349350941586856,14.994421647469963,0.03153495270460197,30.021337698400245,0.0030704995511966595,0.3344017712258952
RotaryLifter,3.9600000000000004,25.9485243391798,-0.0018882526937885494,14.994352874802356,0.03175710430389554,30.021466467926064,0.0036561648320536573,0.3219934090131907
RotaryLifter,3.9800000000000004,25.948265763823674,-0.001434812039903444,14.994287274431645,0.03199168445774883,30.021605241887055,0.004233060562772416,0.3079839122287389
RotaryLifter,4.0,25.94801039987628,-0.0009912885325642582,14.994217180892104,0.0322301048260993,30.02173350063985,0.004796679743825167,0.2931075406026103
NoLift,1.02,25.115556247119887,0.00021934494086998723,14.189489523521349,0.864669037462958,29.465065266977376,0.0023718478405925776,0.023077525516212012
NoLift,1.04,25.132043619620188,0.00021222382629328314,14.166189816387712,0.8481816636917888,29.408670285798127,0.0023692509110355316,-0.004493106165951223
NoLift,1.06,25.151354441212003,0.0002036776711657114,14.141873685343008,0.8288708405744383,29.34777937547611,0.002461764266750733,-0.04475289946964675
NoLift,1.08,25.17359353359345,0.0001927043980796607,14.117039664169342,0.8066317461867765,29.283168818139043,0.0026294246597352313,-0.09295205721347406
NoLift,1.1,25.198799884132967,0.00017902008573205335,14.092224557251292,0.7814253931349494,29.215749029676548,0.002843225307168241,-0.14418376635264538
NoLift,1.12,25.22693116035977,0.00016287085712464317,14.067986442951767,0.7532941140091861,29.146549020786445,0.003094436817742812,-0.19453893927182897
NoLift,1.1400000000000001,25.25785267014687,0.0001443947142677945,14.04488370858006,0.722372601046302,29.076689000458938,0.0034052277141502435,-0.24404715456145423
NoLift,1.16,25.29133216786665,0.00012355794842888184,14.023451143876185,0.6888930999755334,29.007341698291675,0.003789792284318659,-0.29563810077646346
NoLift,1.18,25.327041453010743,0.00010035023156738914,14.004174749421113,0.6531838114594607,28.939684640764423,0.00423882511409892,-0.3517974190148552
NoLift,1.2,25.364565187645272,7.491544815280246e-5,13.98746749775193,0.6156600736743785,28.8748472205421,0.004723162463583316,-0.4176440650819448
NoLift,1.22,25.40341643870714,4.767335941961757e-5,13.9736482989319,0.5768088200246438,28.8138573360159,0.005191523942852214,-0.4811091908260453
NoLift,1.24,25.443057713688127,1.9111578641052483e-5,13.962926314156517,0.5371675434135308,28.757592842009704,0.005640955401523041,-0.5301107886207234
NoLift,1.26,25.482925936427232,-1.0457138091332226e-5,13.955392101523497,0.49729932044439074,28.706742087723228,0.006085607596951303,-0.5687022191586565
NoLift,1.28,25.52245883512759,-4.088097328404989e-5,13.951016140680569,0.4577664234595311,28.66177694385832,0.0065438960448739565,-0.5960880301709799
NoLift,1.3,25.561119996265795,-7.211661002831107e-5,13.949654634645931,0.41910526670053566,28.622940612201504,0.007024560190510731,-0.6047946747047795
NoLift,1.32,25.598421028465758,-0.00010409733764134246,13.951061969975955,0.3818042424867729,28.59025033629088,0.00751605672730008,-0.5894626929433507
NoLift,1.34,25.633938993056205,-0.0001365401788893604,13.954908104509562,0.3462862906242703,28.56351340186765,0.007976810126502925,-0.55489425988341
NoLift,1.36,25.667327378615052,-0.00016882861164604538,13.960798742080193,0.3128979236935912,28.542353984232403,0.008354016672650092,-0.5088070911464603
NoLift,1.38,25.69832105147026,-0.00020007475643533677,13.968296643391046,0.2819042762905422,28.52624727995337,0.008616018131477197,-0.4515016517100089
NoLift,1.4,25.726735871828264,-0.00022932215010650092,13.976942372338918,0.2534894886628806,28.514557144416386,0.008768176460433978,-0.37601954217483746
NoLift,1.42,25.752463503494578,-0.0002557659786964456,13.986272975676993,0.22776189687377243,28.506574068280283,0.008841318759044712,-0.2818486496530638
NoLift,1.44,25.775462619041658,-0.0002788824514161691,13.995837819667344,0.2047628276359791,28.501551046661724,0.008875226059921604,-0.19501936773239492
NoLift,1.46,25.79574807734917,-0.00029843654596237683,14.005211438059803,0.18447742080906912,28.498735703695186,0.0089140480288689,-0.09562499877130634
NoLift,1.48,25.813378693876416,-0.00031485409352426406,14.014003167271085,0.16684685996363777,28.497397833342564,0.009112292595277596,0.018379704652917907
NoLift,1.5,25.828444628188144,-0.00032845107764868913,14.021863797242052,0.15178098395480003,28.496851928623546,0.009156253947346532,0.12342535134245168
NoLift,1.52,25.841053916362245,-0.0003372091846542926,14.02848898609416,0.13917174892415804,28.49647483224365,0.008761420942086023,0.19445210204181154
NoLift,1.54,25.851319837295367,-0.0003391669695229912,14.03362031146268,0.1289058656618022,28.495718536002414,0.008138772772025304,0.24217529653541225
NoLift,1.56,25.859351949349733,-0.000333868438812271,14.03704589504641,0.12087376850597832,28.4941188840776,0.007488816428291799,0.26990158509449946
NoLift,1.58,25.865248733216216,-0.0003215584239134171,14.038600506184299,0.1149769732008113,28.49130198492478,0.006837345227302276,0.2794019390688199
NoLift,1.6,25.86909098233019,-0.0003024893405326144,14.038164878801952,0.11113468609401221,28.486988700716143,0.006174552355067726,0.27227450812158455
NoLift,1.62,25.87093728086087,-0.0002773609700656615,14.035664866260898,0.10928832785619681,28.48099705136647,0.005662059595064543,0.25069140434589726
NoLift,1.6400000000000001,25.87082195626813,-0.00024767282071487106,14.03107120587023,0.10940358084042509,28.473243499748936,0.005337711302722921,0.21781997004554723
NoLift,1.6600000000000001,25.868754287869347,-0.0002145772353705593,14.024399580874798,0.11147117541851286,28.46374371701941,0.0051027465619371834,0.175393373461488
NoLift,1.6800000000000002,25.86471954078631,-0.00017886935979530237,14.015710307245104,0.11550585447166721,28.452611148452288,0.004939677328927707,0.12282528697041434
NoLift,1.7000000000000002,25.858682410617114,-0.00014143156870419915,14.005108249418093,0.12154292843193217,28.440053869325897,0.004870795065812616,0.05814949312617018
NoLift,1.7200000000000002,25.850592436454804,-0.00010317004492573962,13.992742851589444,0.1296328613615099,28.426369944989023,0.004891258112148062,-0.019604850131817318
NoLift,1.7400000000000002,25.840391167964516,-6.501109627675777e-5,13.978807622664634,0.1398341039095086,28.41194035280947,0.005015699887744042,-0.09421424546554628
NoLift,1.76,25.82802050604411,-2.790044935164007e-5,13.963538876407245,0.15220475327476624,28.397219646656623,0.005221416906514602,-0.1508878682509997
NoLift,1.78,25.813285933690867,8.840061907869188e-6,13.947413702015025,0.16693932330486747,28.38320369464176,0.004577323129654191,-0.1951090889152919
NoLift,1.8,25.7961779278572,4.663912449957617e-5,13.930722623131723,0.18404733481384764,28.370398850509737,0.003912394344141743,-0.23220048206975552
NoLift,1.82,25.77679117518997,8.564435203413183e-5,13.913660012303733,0.20343409959954867,28.35905147037401,0.0030659641086197903,-0.26575435377524215
NoLift,1.84,25.755188176532158,0.0001266994249831867,13.896524785671257,0.22503711589640374,28.349619711664623,0.0019703425408314863,-0.2969624690622742
NoLift,1.86,25.73145547067108,0.0001701289323408337,13.879649100723142,0.24876984426456436,28.342599396143857,0.0007062149215185979,-0.316979889077831
NoLift,1.8800000000000001,25.705684416080594,0.00021230246022645914,13.863466690093103,0.2745409227678287,28.338660271835327,0.0005249193761373007,-0.3326886395484946
NoLift,1.9,25.67805493196805,0.00024774512000974526,13.848317475527391,0.30217042635494884,28.338231221352356,0.0004763954900184221,-0.34314108327918835
NoLift,1.92,25.648832963353208,0.00027641268237898597,13.834408924707631,0.33139240868567965,28.341434367991884,0.00033332109105620357,-0.3490938683449188
NoLift,1.94,25.61830058162073,0.00029856300546107507,13.82198093302448,0.3619247982879161,28.34843401412417,0.00018838759734458724,-0.34900723581792586
NoLift,1.96,25.5867689737672,0.00031412343150153836,13.811275411412876,0.3934564083877159,28.359371534734553,4.6885000602745375e-5,-0.33765288693114454
NoLift,1.98,25.554579996574798,0.00032340163166751616,13.80247643285832,0.4256453830457599,28.374259364083464,0.00024955815654117497,-0.3100500327894629
NoLift,2.0,25.522103306534653,0.00032560150354724515,13.795627239685999,0.4581220659345622,28.3928382551601,0.0005438281011225518,-0.2533778800786581
NoLift,2.02,25.48971108635152,0.00032363221040599137,13.79073985990018,0.49051427717343077,28.41478984645356,0.0003456912435049903,-0.1673366098373997
NoLift,2.04,25.457768054038965,0.0003199745680426956,13.787768254546808,0.5224573007055847,28.439698752530383,4.108173090428205e-5,-0.04570531132355159
NoLift,2.06,25.426622619965375,0.00031564377096723005,13.786613783680568,0.5536027267805036,28.467069885989133,-0.0002618084872736885,0.11753630305419852
NoLift,2.08,25.396598176109404,0.0003113369070344019,13.787120950526134,0.5836271636938823,28.496329047794642,-0.0005377392407241959,0.19633589130769355
NoLift,2.1,25.3679824532511,0.0003076405238269045,13.78908267105279,0.6122428808023704,28.526842224153583,-0.000781406613951468,0.23483132688883968
NoLift,2.12,25.34102002862545,0.0003050207138788381,13.792250058125177,0.6392053009122513,28.557940100129482,-0.000987941584377167,0.2584429795649787
NoLift,2.14,25.315908499733045,0.00030380227619559747,13.796344033211268,0.6643168264953575,28.588942544957906,-0.0011550964796921256,0.2672262453369612
NoLift,2.16,25.29279771129998,0.00030416361420125516,13.801067344801922,0.68742761275279,28.61918106390899,-0.0012838227703752508,0.26323747801107095
NoLift,2.18,25.27179166541993,0.0003061430344665594,13.806116080409858,0.7084336574901879,28.64801786540026,-0.0013785821265529278,0.2806098571860227
NoLift,2.2,25.252952601660716,0.00030965043589169304,13.811190086643878,0.7272727210207971,28.674860914743594,-0.0014459099813911593,0.294364399479989
NoLift,2.22,25.23630672286479,0.0003142012920386861,13.816001824876535,0.7439186002498847,28.699174579431233,-0.0013913016532312293,0.28710873174522594
NoLift,2.24,25.22185039433052,0.0003185861209331048,13.820283108032475,0.7583749293486656,28.7204859771017,-0.0012524553797160175,0.2780404769122957
NoLift,2.26,25.20955824481142,0.0003221073625294151,13.823792447779308,0.7706670792641227,28.73839041515097,-0.0011042398416695634,0.29048257003171496
NoLift,2.2800000000000002,25.199391158690656,0.0003243154167464185,13.82631971218533,0.7808341654223873,28.752552087147656,-0.0009596754022986271,0.32082054716429426
NoLift,2.3,25.191303237446697,0.00032484514717529125,13.827688946081313,0.7889220861938123,28.762702425734734,-0.0008196570425056316,0.3507638317774645
NoLift,2.3200000000000003,25.185247717219134,0.00032339213971732504,13.8277600881057,0.7949776053195411,28.768637445055866,-0.0006822254183566684,0.37475009919882796
NoLift,2.34,25.181181735909774,0.00031972145611114573,13.826429911049209,0.7990435848170081,28.77021478301147,-0.0005484305856734343,0.3969272357725698
NoLift,2.3600000000000003,25.17906981901496,0.000313722852776631,13.82363240516064,0.8011554991717679,28.767350985478302,-0.0004244043472453268,0.41623538010941113
NoLift,2.38,25.178886006572803,0.0003053709640636417,13.819338790846631,0.8013393083736086,28.760019458100917,-0.00030515344013433134,0.41451295789986864
NoLift,2.4000000000000004,25.180614572290974,0.0002946418511116397,13.813557287045741,0.7996107387557571,28.74824936930198,-0.00016727312491612352,0.3985849320450718
NoLift,2.42,25.184249263496948,0.0002813233872319769,13.806332641524877,0.7959760429790717,28.732125589513146,1.8157395330131304e-5,0.39688745309806406
NoLift,2.4400000000000004,25.18979158669612,0.0002655235007910897,13.797745359298288,0.7904337146630546,28.711789046894594,0.0001988034953625044,0.3969002347823576
NoLift,2.46,25.197248169921163,0.0002476104873862259,13.787910471119249,0.7829771259929702,28.687437180338545,0.0003882688196616091,0.4054496710316029
NoLift,2.4800000000000004,25.20662565777605,0.00022784757228874262,13.776975322960302,0.7735996325394927,28.659325038065425,0.0006150396640866943,0.4283176586787233
NoLift,2.5,25.217926107198192,0.00020640102248919453,13.765117885422425,0.762299177506178,28.627766770471133,0.000882558015418663,0.43406136956319485
NoLift,2.52,25.231142457473144,0.0001835928863447064,13.752545741491963,0.749082821786946,28.5931381805505,0.0011719813958321027,0.4308120098184667
NoLift,2.54,25.246250500946452,0.00015962604813161665,13.739488531944739,0.7339747731730942,28.555871072185067,0.0015098166872913748,0.4148917127072347
NoLift,2.56,25.263210559526105,0.00013472095972426426,13.72620839514414,0.7170147098920339,28.516469733298923,0.0018931027051671662,0.3906321710819061
NoLift,2.58,25.281950984822895,0.0001090782675894855,13.712973453977028,0.6982742804584061,28.4754799175863,0.002352038566326011,0.36736420950275817
NoLift,2.6,25.30236618220023,8.271458227708424e-5,13.700052182987635,0.6778590796079985,28.433480365656727,0.0029258951528759857,0.34541057180447626
NoLift,2.62,25.32431682983909,5.548007193646238e-5,13.687710844773616,0.6559084292689797,28.39107753063726,0.0036671447278271638,0.3217680475735185
NoLift,2.64,25.34762835181975,2.708753730057602e-5,13.676202964186476,0.6325969055218656,28.348887968075797,0.00463075879500578,0.29233127347696547
NoLift,2.66,25.37209196085537,-2.802193107992036e-6,13.665759626673129,0.6081332959127622,28.3075197265658,0.005824652545122715,0.25324265284015846
NoLift,2.68,25.397474502682915,-3.357785203122184e-5,13.656616045858783,0.5827507550461337,28.267608983873906,0.007047464187077906,0.19683186480343157
NoLift,2.7,25.423508397635036,-6.446509215311976e-5,13.648931500749658,0.5567168628590129,28.229688918234118,0.008445387117630607,0.08685264509393686
NoLift,2.72,25.449905058789092,-9.484987803917084e-5,13.642800517045536,0.5303202064547247,28.19419639263932,0.009988961827656573,-0.0545462669744418
NoLift,2.74,25.47636804446465,-0.00012394127256999652,13.63827021224296,0.5038572275408694,28.16148994879323,0.011652391462291361,-0.16888236294295503
NoLift,2.7600000000000002,25.502601633122584,-0.0001508835360408726,13.635335038635855,0.4776236474715003,28.1318328049135,0.013428796029568792,-0.24051368702623932
NoLift,2.7800000000000002,25.528317888898574,-0.00017518379140115474,13.633951940928403,0.4519074018184692,28.10541314861703,0.01567131636192236,-0.2944895602677852
NoLift,2.8,25.55323007906552,-0.0002003513440108359,13.634149721926745,0.4269952246998005,28.08254164286115,0.018884552341599227,-0.34177455103534177
NoLift,2.8200000000000003,25.577107845085788,-0.00022860217873847975,13.635713179805975,0.4031174764944146,28.063049110450287,0.02254466535352249,-0.3876821890978391
NoLift,2.84,25.599756722986793,-0.00026082261540955417,13.638403755225843,0.380468623175745,28.046692118079633,0.026275736761280623,-0.42132373642654425
NoLift,2.8600000000000003,25.621020141649126,-0.0002935066699667815,13.641977954177783,0.3592052350247513,28.03318385307315,0.028932521953691368,-0.4533316606828021
NoLift,2.88,25.640775564544548,-0.0003237689229891098,13.646171021239134,0.33944984662335576,28.02216970953338,0.0313462278390324,-0.48111245839942196
NoLift,2.9000000000000004,25.658916498060684,-0.0003505793195477093,13.650754701627145,0.3213089499591207,28.013344861344954,0.03342178361389346,-0.5016847749710833
NoLift,2.92,25.675370135575594,-0.0003721503571572801,13.655493049363782,0.30485534833633776,28.006361006802734,0.035019169433993226,-0.5154939730969399
NoLift,2.9400000000000004,25.69009052608607,-0.000386733058492847,13.660155469667,0.29013498842205443,28.00085549907292,0.03618557655151264,-0.5253608856929306
NoLift,2.96,25.70301879828808,-0.00039295681053552235,13.664587086833684,0.27720673699340126,27.996610365875455,0.03652590943472577,-0.5338394311265909
NoLift,2.9800000000000004,25.714123054042823,-0.00038940249453215693,13.668628553507297,0.26610248763611627,27.99337574005653,0.03614075198200989,-0.5419368392080309
NoLift,3.0,25.723445821979368,-0.0003740094657341018,13.672023603787704,0.2567797071620007,27.990665479090637,0.03528622955797853,-0.5480410745118219
NoLift,3.02,25.73100326242269,-0.000345441812642417,13.674598816192626,0.2492222337439994,27.9881625014094,0.03404381145167311,-0.566215073176017
NoLift,3.04,25.736807235187722,-0.0003020881087988686,13.676219720167506,0.24341820902349107,27.985621754856716,0.03224189811285351,-0.5585477720924097
NoLift,3.06,25.740868141853912,-0.00024131524291204012,13.676781564686962,0.2393572365524292,27.982851317153692,0.029601285422497403,-0.51237787745112
NoLift,3.08,25.743193853804105,-0.00015847653804290662,13.676205984964168,0.2370314559353853,27.979707416624336,0.02565960455937816,-0.4301744555644774
NoLift,3.1,25.7437840549221,-4.8382160231047484e-5,13.674441232168462,0.23644120678971747,27.9760999164362,0.02065986818420256,-0.32017902241664625
NoLift,3.12,25.74262535574643,9.169106473366777e-5,13.67146518400313,0.23759991870728162,27.9720019647636,0.015239809644922674,-0.22127621959619845
NoLift,3.14,25.739698258992647,0.0002611601372185956,13.667279392641577,0.24052713955061433,27.967433219464855,0.009859634873012082,-0.07526658929347733
NoLift,3.16,25.734979957009944,0.00045799709748030646,13.661913723090326,0.24524572740755107,27.96246536005581,0.0046411504111275445,0.11422964182880536
NoLift,3.18,25.728446399745533,0.0006794401453720949,13.65542756583391,0.251779773769196,27.95722238790606,-0.0002919386302109042,0.2594719217374884
NoLift,3.2,25.720083225769436,0.0009213216116075607,13.647914236752866,0.26014366246803033,27.95187835416616,-0.004441433177692561,0.35933552967096394
NoLift,3.22,25.709905594909344,0.0011770677445111248,13.639510465954524,0.27032222452553756,27.94665578911263,-0.007375260145383903,0.44052518975500715
NoLift,3.24,25.69793831845533,0.0014391479631012374,13.630375731061765,0.2822906067959617,27.941808367947065,-0.009166633762742866,0.5798052159151736
NoLift,3.2600000000000002,25.68421317850617,0.0017005865683161858,13.620687395010824,0.2960169631420155,27.937615169152206,-0.010088298549179822,0.6329890714576724
NoLift,3.2800000000000002,25.668774456446776,0.001955597566783922,13.610636299862481,0.31145693984664347,27.934368125894395,-0.01043801188317385,0.6131464921077427
NoLift,3.3000000000000003,25.65168527359257,0.002199590264609303,13.600418973230692,0.3285473462654811,27.93235276524194,-0.010446519242845302,0.5544112791547197
NoLift,3.3200000000000003,25.633029757773425,0.0024289271310460104,13.590235868669998,0.34720399508748406,27.931843226494966,-0.010294889566933675,0.45928827027764413
NoLift,3.3400000000000003,25.612916190867995,0.002641452800481328,13.580285561585647,0.36731856359376464,27.933089237763777,-0.010392334189797781,0.33344836613358425
NoLift,3.3600000000000003,25.591481414768527,0.0028370943334075594,13.570754718287018,0.3887541945649619,27.936294419975788,-0.010838806845525519,0.21643280281016405
NoLift,3.3800000000000003,25.56888788744996,0.00301532139561669,13.561818636960389,0.41134842111694386,27.941619723859937,-0.011376585612774211,0.13042573584572598
NoLift,3.4000000000000004,25.545321218641945,0.003174947228901048,13.553632291851793,0.434915627062027,27.949169751220378,-0.011956755348184498,0.08490130194963826
NoLift,3.4200000000000004,25.520987679827442,0.003315367669105836,13.546323365524493,0.4592495440729464,27.95898246649498,-0.01267077958789453,0.06510935443750648
NoLift,3.4400000000000004,25.496109875442208,0.0034367513090462535,13.539992925812992,0.48412757997211386,27.971033940615694,-0.013543715497080543,0.03856596136549821
NoLift,3.4600000000000004,25.470922406349548,0.0035395001731374,13.534709040592505,0.5093151494893865,27.985230732468604,-0.014496621548910392,-0.020770273614381014
NoLift,3.48,25.445666002697326,0.0036237786620874025,13.530506758098898,0.5345715367260286,28.001414863871442,-0.015331609637991832,-0.0954580351182375
NoLift,3.5,25.42058054688977,0.003687962334469684,13.52738001970128,0.559656861258568,28.019355739639614,-0.015703746190213266,-0.15868857531254935
NoLift,3.52,25.395898570978716,0.0037305123950682763,13.525289276433657,0.5843385940025099,28.0387692807962,-0.015825179518900452,-0.2196158672756598
NoLift,3.54,25.371840955521833,0.0037510122723241903,13.524165695099605,0.6083958646211866,28.0593291726589,-0.01579234086862341,-0.2730570150635217
NoLift,3.56,25.348612500503762,0.003749592638324863,13.523911263149015,0.6316238859579918,28.080671152104713,-0.01565355829913921,-0.29282861071884925
NoLift,3.58,25.326398417586805,0.003726681233871588,13.524403205930419,0.6538374597546573,28.10240412767134,-0.01535396164135762,-0.27920315073551955
NoLift,3.6,25.30536132359844,0.003681436287218956,13.52549565266025,0.6748739743520205,28.12411609544697,-0.014669053193484768,-0.25004816803901286
NoLift,3.62,25.285639868894744,0.003613573848527414,13.52703011595196,0.694594787595053,28.145394118760098,-0.013940686680190158,-0.21783994881773042
NoLift,3.64,25.267350068522067,0.0035240683553926315,13.528843565161779,0.7128838987278603,28.165837596422417,-0.013228774323840066,-0.18489634062181134
NoLift,3.66,25.25058472250828,0.003414098322009063,13.530768141355525,0.7296485217506696,28.18505862419369,-0.012539034762404042,-0.15288478860542307
NoLift,3.68,25.235414751021512,0.003284870320701907,13.532636553408848,0.7448177494085012,28.20269055175665,-0.011870975405252891,-0.12281015475539822
NoLift,3.7,25.221891338684724,0.003137573256898083,13.534287315047257,0.7583404088349018,28.21839547461194,-0.011223397416343497,-0.0873817267493964
NoLift,3.72,25.210048652729967,0.002973353654307034,13.535569311359511,0.7701823434939109,28.23186996476354,-0.010591490574976697,-0.015293421321534866
NoLift,3.74,25.19990682321989,0.0027933007511792207,13.536345615771754,0.7803234331059106,28.2428491862684,-0.00996935152753135,0.0898640926887314
NoLift,3.7600000000000002,25.19147479695905,0.002598445184677579,13.536496584429347,0.7887547399263191,28.2511098091655,-0.009353084056485371,0.17482147413059992
NoLift,3.7800000000000002,25.184753169548518,0.0023898192631695457,13.535922465284877,0.7954756770457353,28.25647204531822,-0.008745509178253588,0.2339640455969887
NoLift,3.8000000000000003,25.17973688472544,0.002168306112588684,13.534546024727286,0.8004913087077362,28.25880180574977,-0.008111145253572845,0.32191606833732905
NoLift,3.8200000000000003,25.176416528660326,0.0019346943838172842,13.5323126868102,0.803811056414548,28.25800977343717,-0.007466791768478918,0.41192612752634256
NoLift,3.8400000000000003,25.174780454214467,0.0016900550989429994,13.529192336999742,0.8054465756563575,28.254052607469596,-0.006842554611827497,0.4746089760314118
NoLift,3.8600000000000003,25.17481598806282,0.001436077540310025,13.525179779964434,0.8054105489902202,28.246932629237158,-0.006309772967855611,0.5198961937150676
NoLift,3.8800000000000003,25.17651168402359,0.0011757185597503542,13.52029738320651,0.8037144326920794,28.23670036997765,-0.006154027143763559,0.5619171151884621
NoLift,3.9000000000000004,25.17985608569907,0.0009154422140861064,13.514589930683096,0.8003696945923775,28.223446668379175,-0.006701025099070025,0.6025819430874987
NoLift,3.9200000000000004,25.184835051763763,0.0006605370265048093,13.508124818993837,0.7953904792715264,28.2073055556934,-0.007499454893886733,0.6435039656861695
NoLift,3.9400000000000004,25.191431099295045,0.00041043324022669924,13.500998347987878,0.7887942642469834,28.18846598031325,-0.00791196852756524,0.6814807959829647
NoLift,3.9600000000000004,25.19961715607242,0.00016333601861450898,13.493323879792786,0.7806081177776362,28.16715676998168,-0.008042783882378278,0.7139766108581618
NoLift,3.9800000000000004,25.209355621649536,-8.161644783228445e-5,13.485231472044518,0.7708696394327456,28.143646789875184,-0.007925786005008373,0.7350793464233047
NoLift,4.0,25.220596409304516,-0.0003246267421106257,13.476866921192386,0.7596289168216395,28.118244985122274,-0.007608606777753138,0.7074463458264155
