v_wind,device,freq_hz,psd_m2_per_hz
8.0,SingleKite,0.0,2.7588500102711104e-6
8.0,SingleKite,0.078125,4.464518532026032e-5
8.0,SingleKite,0.15625,3.5663502829099905e-6
8.0,SingleKite,0.234375,1.5986662394003983e-7
8.0,SingleKite,0.3125,1.4484631043204371e-8
8.0,SingleKite,0.390625,1.4425876630960034e-8
8.0,SingleKite,0.46875,2.6357373862877685e-9
8.0,SingleKite,0.546875,1.3160935124151005e-9
8.0,SingleKite,0.625,5.019764561416615e-10
8.0,SingleKite,0.703125,2.1348976151782555e-10
8.0,SingleKite,0.78125,2.46074492645677e-10
8.0,SingleKite,0.859375,1.5194640411966615e-10
8.0,SingleKite,0.9375,9.071800564446296e-11
8.0,SingleKite,1.015625,5.879107677077392e-11
8.0,SingleKite,1.09375,3.2789423361424833e-11
8.0,SingleKite,1.171875,1.3679072983899115e-11
8.0,SingleKite,1.25,9.642538001860474e-12
8.0,SingleKite,1.328125,1.6431618648258953e-11
8.0,SingleKite,1.40625,2.3998187925627414e-11
8.0,SingleKite,1.484375,1.7703569260647315e-11
8.0,SingleKite,1.5625,1.2450609930272876e-11
8.0,SingleKite,1.640625,1.684027207035406e-11
8.0,SingleKite,1.71875,1.2659884937361911e-11
8.0,SingleKite,1.796875,6.89991565129799e-12
8.0,SingleKite,1.875,4.784574840150365e-12
8.0,SingleKite,1.953125,3.0617626771786673e-12
8.0,SingleKite,2.03125,4.934611987203332e-12
8.0,SingleKite,2.109375,3.888579641792847e-12
8.0,SingleKite,2.1875,3.2487348109462983e-12
8.0,SingleKite,2.265625,3.5447426429423545e-12
8.0,SingleKite,2.34375,2.551651022297731e-12
8.0,SingleKite,2.421875,2.1836049184324942e-12
8.0,SingleKite,2.5,3.517645373094276e-12
8.0,SingleKite,2.578125,2.0279391377789075e-12
8.0,SingleKite,2.65625,1.8161094525097358e-12
8.0,SingleKite,2.734375,1.7821320054852771e-12
8.0,SingleKite,2.8125,6.123619264703742e-13
8.0,SingleKite,2.890625,8.392659501517094e-13
8.0,SingleKite,2.96875,1.0212359075734577e-12
8.0,SingleKite,3.046875,1.0104797158771117e-12
8.0,SingleKite,3.125,5.937165977914024e-13
8.0,SingleKite,3.203125,1.0217022516891128e-12
8.0,SingleKite,3.28125,8.988969915652215e-13
8.0,SingleKite,3.359375,5.191642004531546e-13
8.0,SingleKite,3.4375,4.2064402586038276e-13
8.0,SingleKite,3.515625,3.719815006004754e-13
8.0,SingleKite,3.59375,3.7304072857745786e-13
8.0,SingleKite,3.671875,2.337986232704536e-13
8.0,SingleKite,3.75,1.8745261989347107e-13
8.0,SingleKite,3.828125,2.1917483950893078e-13
8.0,SingleKite,3.90625,2.730245027370022e-13
8.0,SingleKite,3.984375,3.1790753562440143e-13
8.0,SingleKite,4.0625,1.1794133824151276e-13
8.0,SingleKite,4.140625,2.441226874457148e-13
8.0,SingleKite,4.21875,2.9135366341174656e-13
8.0,SingleKite,4.296875,1.7869748993544336e-13
8.0,SingleKite,4.375,1.14247541039879e-13
8.0,SingleKite,4.453125,9.467391872463472e-14
8.0,SingleKite,4.53125,1.265136968933035e-13
8.0,SingleKite,4.609375,1.8101919359647243e-13
8.0,SingleKite,4.6875,1.3240896778192153e-13
8.0,SingleKite,4.765625,1.2813294440646878e-13
8.0,SingleKite,4.84375,2.6264739200552007e-13
8.0,SingleKite,4.921875,6.785067303346396e-13
8.0,SingleKite,5.0,1.5617758768034008e-12
8.0,SingleKite,5.078125,6.151905583117021e-13
8.0,SingleKite,5.15625,3.1685870734423276e-13
8.0,SingleKite,5.234375,1.4752960971217872e-13
8.0,SingleKite,5.3125,5.649034607191021e-14
8.0,SingleKite,5.390625,1.1534750480386345e-13
8.0,SingleKite,5.46875,1.7480927446053983e-13
8.0,SingleKite,5.546875,9.253296148686207e-14
8.0,SingleKite,5.625,7.103538497161133e-14
8.0,SingleKite,5.703125,4.618441724615065e-14
8.0,SingleKite,5.78125,4.762335059040967e-14
8.0,SingleKite,5.859375,4.439097214313712e-14
8.0,SingleKite,5.9375,2.3679151388518667e-14
8.0,SingleKite,6.015625,4.067584663443305e-14
8.0,SingleKite,6.09375,4.419807645626321e-14
8.0,SingleKite,6.171875,3.450785748470649e-14
8.0,SingleKite,6.25,2.7131053738695107e-14
8.0,SingleKite,6.328125,2.990135650920344e-14
8.0,SingleKite,6.40625,2.6809960624194533e-14
8.0,SingleKite,6.484375,3.174162097632444e-14
8.0,SingleKite,6.5625,2.9779340339552876e-14
8.0,SingleKite,6.640625,2.2347859847391874e-14
8.0,SingleKite,6.71875,2.9289388859639503e-14
8.0,SingleKite,6.796875,3.618681805715351e-14
8.0,SingleKite,6.875,2.907991975979033e-14
8.0,SingleKite,6.953125,2.811464202620577e-14
8.0,SingleKite,7.03125,2.709316655075914e-14
8.0,SingleKite,7.109375,3.08534719091316e-14
8.0,SingleKite,7.1875,3.097084272879822e-14
8.0,SingleKite,7.265625,2.5120212467197564e-14
8.0,SingleKite,7.34375,2.7577781018628745e-14
8.0,SingleKite,7.421875,2.7028058160081327e-14
8.0,SingleKite,7.5,2.429052984650936e-14
8.0,SingleKite,7.578125,1.4183918995489756e-14
8.0,SingleKite,7.65625,1.5213138313676938e-14
8.0,SingleKite,7.734375,1.1603245866439435e-14
8.0,SingleKite,7.8125,9.576329151205869e-15
8.0,SingleKite,7.890625,1.5140534025104903e-14
8.0,SingleKite,7.96875,1.455613107195157e-14
8.0,SingleKite,8.046875,1.1349099930662626e-14
8.0,SingleKite,8.125,5.6038569424640915e-15
8.0,SingleKite,8.203125,7.577299290513166e-15
8.0,SingleKite,8.28125,5.555921214161585e-15
8.0,SingleKite,8.359375,9.386463993014426e-15
8.0,SingleKite,8.4375,1.3142207543226118e-14
8.0,SingleKite,8.515625,9.954932050947707e-15
8.0,SingleKite,8.59375,1.5391269155859155e-14
8.0,SingleKite,8.671875,1.0636156505960382e-14
8.0,SingleKite,8.75,8.680412580884987e-15
8.0,SingleKite,8.828125,1.2821324976160988e-14
8.0,SingleKite,8.90625,1.2784182170726508e-14
8.0,SingleKite,8.984375,8.782320014695482e-15
8.0,SingleKite,9.0625,1.071350714734333e-14
8.0,SingleKite,9.140625,4.5106334940540255e-15
8.0,SingleKite,9.21875,7.043161225551237e-15
8.0,SingleKite,9.296875,1.0516545070248282e-14
8.0,SingleKite,9.375,8.71119869399902e-15
8.0,SingleKite,9.453125,7.875664962952343e-15
8.0,SingleKite,9.53125,7.527875949267148e-15
8.0,SingleKite,9.609375,7.45863361754382e-15
8.0,SingleKite,9.6875,1.163131260268062e-14
8.0,SingleKite,9.765625,9.1595292091184e-15
8.0,SingleKite,9.84375,1.3191521452966848e-14
8.0,SingleKite,9.921875,4.2113542714719885e-14
8.0,SingleKite,-10.0,2.1140233796259093e-14
8.0,StackĂ—3,0.0,2.7584095714105995e-6
8.0,StackĂ—3,0.078125,4.476780439523371e-5
8.0,StackĂ—3,0.15625,3.57322703247663e-6
8.0,StackĂ—3,0.234375,1.60249863324941e-7
8.0,StackĂ—3,0.3125,1.4537201230779782e-8
8.0,StackĂ—3,0.390625,1.4436646864305734e-8
8.0,StackĂ—3,0.46875,2.6508757715794276e-9
8.0,StackĂ—3,0.546875,1.316480908051328e-9
8.0,StackĂ—3,0.625,5.018207577297078e-10
8.0,StackĂ—3,0.703125,2.1468860545190914e-10
8.0,StackĂ—3,0.78125,2.467789235106114e-10
8.0,StackĂ—3,0.859375,1.5165333973909186e-10
8.0,StackĂ—3,0.9375,9.080365739688141e-11
8.0,StackĂ—3,1.015625,5.880900491760644e-11
8.0,StackĂ—3,1.09375,3.296791111632756e-11
8.0,StackĂ—3,1.171875,1.3689324779203981e-11
8.0,StackĂ—3,1.25,9.612537831028027e-12
8.0,StackĂ—3,1.328125,1.643030164973994e-11
8.0,StackĂ—3,1.40625,2.4060973323229847e-11
8.0,StackĂ—3,1.484375,1.778395050599694e-11
8.0,StackĂ—3,1.5625,1.2521553191141203e-11
8.0,StackĂ—3,1.640625,1.6845015648664674e-11
8.0,StackĂ—3,1.71875,1.2649713053246707e-11
8.0,StackĂ—3,1.796875,6.927434465082354e-12
8.0,StackĂ—3,1.875,4.843271658527493e-12
8.0,StackĂ—3,1.953125,3.0215101361993435e-12
8.0,StackĂ—3,2.03125,4.908871026352717e-12
8.0,StackĂ—3,2.109375,3.855791422118117e-12
8.0,StackĂ—3,2.1875,3.189049413380898e-12
8.0,StackĂ—3,2.265625,3.4457444434279006e-12
8.0,StackĂ—3,2.34375,2.5198603020043797e-12
8.0,StackĂ—3,2.421875,2.1613688026189227e-12
8.0,StackĂ—3,2.5,3.4700389415072097e-12
8.0,StackĂ—3,2.578125,2.025618853189991e-12
8.0,StackĂ—3,2.65625,1.813582746881258e-12
8.0,StackĂ—3,2.734375,1.7853689839784134e-12
8.0,StackĂ—3,2.8125,6.165587150566806e-13
8.0,StackĂ—3,2.890625,8.443685697611619e-13
8.0,StackĂ—3,2.96875,1.0194095852273035e-12
8.0,StackĂ—3,3.046875,1.0029627654955875e-12
8.0,StackĂ—3,3.125,5.936245008922845e-13
8.0,StackĂ—3,3.203125,1.0189547948903048e-12
8.0,StackĂ—3,3.28125,8.957968803793943e-13
8.0,StackĂ—3,3.359375,5.237304455369867e-13
8.0,StackĂ—3,3.4375,4.2136859915242386e-13
8.0,StackĂ—3,3.515625,3.7443440622754134e-13
8.0,StackĂ—3,3.59375,3.773124857017445e-13
8.0,StackĂ—3,3.671875,2.3431113896611497e-13
8.0,StackĂ—3,3.75,1.8325432020152723e-13
8.0,StackĂ—3,3.828125,2.2003679791066197e-13
8.0,StackĂ—3,3.90625,2.694784696174623e-13
8.0,StackĂ—3,3.984375,3.1796968166486543e-13
8.0,StackĂ—3,4.0625,1.1846137825950063e-13
8.0,StackĂ—3,4.140625,2.4200747765195104e-13
8.0,StackĂ—3,4.21875,2.875035870113311e-13
8.0,StackĂ—3,4.296875,1.7480471232661404e-13
8.0,StackĂ—3,4.375,1.131455091207781e-13
8.0,StackĂ—3,4.453125,9.612285281357988e-14
8.0,StackĂ—3,4.53125,1.287208110254467e-13
8.0,StackĂ—3,4.609375,1.8428816731701606e-13
8.0,StackĂ—3,4.6875,1.3247170783761869e-13
8.0,StackĂ—3,4.765625,1.112615259147847e-13
8.0,StackĂ—3,4.84375,2.584801060859934e-13
8.0,StackĂ—3,4.921875,6.86564797024822e-13
8.0,StackĂ—3,5.0,1.512803260029164e-12
8.0,StackĂ—3,5.078125,6.423239334676373e-13
8.0,StackĂ—3,5.15625,3.4966856956332463e-13
8.0,StackĂ—3,5.234375,1.425753435260488e-13
8.0,StackĂ—3,5.3125,5.180469217124992e-14
8.0,StackĂ—3,5.390625,1.0933845382608229e-13
8.0,StackĂ—3,5.46875,1.7104672305442984e-13
8.0,StackĂ—3,5.546875,1.0123379105325753e-13
8.0,StackĂ—3,5.625,7.114315033001595e-14
8.0,StackĂ—3,5.703125,4.5353927482391034e-14
8.0,StackĂ—3,5.78125,4.7446698326680867e-14
8.0,StackĂ—3,5.859375,4.342997548201058e-14
8.0,StackĂ—3,5.9375,2.280151266809219e-14
8.0,StackĂ—3,6.015625,4.0284983385254996e-14
8.0,StackĂ—3,6.09375,4.46890859137391e-14
8.0,StackĂ—3,6.171875,3.462888803435655e-14
8.0,StackĂ—3,6.25,2.7050656570861022e-14
8.0,StackĂ—3,6.328125,2.965356798837699e-14
8.0,StackĂ—3,6.40625,2.632672387887339e-14
8.0,StackĂ—3,6.484375,3.181758445979059e-14
8.0,StackĂ—3,6.5625,3.047534849423663e-14
8.0,StackĂ—3,6.640625,2.2717765579064876e-14
8.0,StackĂ—3,6.71875,2.934980105250454e-14
8.0,StackĂ—3,6.796875,3.607178700968686e-14
8.0,StackĂ—3,6.875,2.938158497474566e-14
8.0,StackĂ—3,6.953125,2.920998526093647e-14
8.0,StackĂ—3,7.03125,2.7704391325577082e-14
8.0,StackĂ—3,7.109375,3.0867608856789503e-14
8.0,StackĂ—3,7.1875,3.117106126720541e-14
8.0,StackĂ—3,7.265625,2.5171429865978982e-14
8.0,StackĂ—3,7.34375,2.7408626355107723e-14
8.0,StackĂ—3,7.421875,2.68358353862385e-14
8.0,StackĂ—3,7.5,2.3958901827855545e-14
8.0,StackĂ—3,7.578125,1.4100790091685522e-14
8.0,StackĂ—3,7.65625,1.528170626478216e-14
8.0,StackĂ—3,7.734375,1.1406159153534835e-14
8.0,StackĂ—3,7.8125,9.765511173013027e-15
8.0,StackĂ—3,7.890625,1.555553978999287e-14
8.0,StackĂ—3,7.96875,1.4245809754156547e-14
8.0,StackĂ—3,8.046875,1.0991012875676198e-14
8.0,StackĂ—3,8.125,5.691973164295118e-15
8.0,StackĂ—3,8.203125,7.80106584315971e-15
8.0,StackĂ—3,8.28125,5.477199847932093e-15
8.0,StackĂ—3,8.359375,9.424008626632651e-15
8.0,StackĂ—3,8.4375,1.2915129022147568e-14
8.0,StackĂ—3,8.515625,1.0002066192844729e-14
8.0,StackĂ—3,8.59375,1.4965299720133247e-14
8.0,StackĂ—3,8.671875,1.0313054593601874e-14
8.0,StackĂ—3,8.75,8.910139084872925e-15
8.0,StackĂ—3,8.828125,1.2829633499637779e-14
8.0,StackĂ—3,8.90625,1.2484833520161401e-14
8.0,StackĂ—3,8.984375,8.715735027094643e-15
8.0,StackĂ—3,9.0625,1.0614870889002845e-14
8.0,StackĂ—3,9.140625,4.355240756921528e-15
8.0,StackĂ—3,9.21875,7.133832407834835e-15
8.0,StackĂ—3,9.296875,1.0846541187533218e-14
8.0,StackĂ—3,9.375,9.648048646273036e-15
8.0,StackĂ—3,9.453125,9.018151303641042e-15
8.0,StackĂ—3,9.53125,8.043222089018187e-15
8.0,StackĂ—3,9.609375,7.40836362562487e-15
8.0,StackĂ—3,9.6875,9.855243323842767e-15
8.0,StackĂ—3,9.765625,6.13734376184478e-15
8.0,StackĂ—3,9.84375,1.8878816242649032e-14
8.0,StackĂ—3,9.921875,4.484194922016348e-14
8.0,StackĂ—3,-10.0,1.925582588224422e-14
8.0,RotaryLifter,0.0,2.2667142330133477e-6
8.0,RotaryLifter,0.078125,7.352416352785705e-5
8.0,RotaryLifter,0.15625,4.546091332419445e-6
8.0,RotaryLifter,0.234375,2.517486502208898e-7
8.0,RotaryLifter,0.3125,3.077708271225378e-8
8.0,RotaryLifter,0.390625,1.1181959875852557e-8
8.0,RotaryLifter,0.46875,3.5476838531033743e-9
8.0,RotaryLifter,0.546875,1.0891331911225011e-9
8.0,RotaryLifter,0.625,5.075296873197131e-10
8.0,RotaryLifter,0.703125,2.6109753423997186e-10
8.0,RotaryLifter,0.78125,1.842637691146473e-10
8.0,RotaryLifter,0.859375,8.259573829388797e-11
8.0,RotaryLifter,0.9375,5.6972900147997583e-11
8.0,RotaryLifter,1.015625,3.369062651619097e-11
8.0,RotaryLifter,1.09375,2.6315809610612893e-11
8.0,RotaryLifter,1.171875,1.1009495706396246e-11
8.0,RotaryLifter,1.25,6.44454470051161e-12
8.0,RotaryLifter,1.328125,6.513116992668318e-12
8.0,RotaryLifter,1.40625,1.0545221625451294e-11
8.0,RotaryLifter,1.484375,5.623463764008936e-12
8.0,RotaryLifter,1.5625,4.146922459925937e-12
8.0,RotaryLifter,1.640625,6.190247936811911e-12
8.0,RotaryLifter,1.71875,2.447186129350343e-12
8.0,RotaryLifter,1.796875,2.447444311738822e-12
8.0,RotaryLifter,1.875,2.0194768928529846e-12
8.0,RotaryLifter,1.953125,6.437846024721204e-13
8.0,RotaryLifter,2.03125,1.8519329267637658e-12
8.0,RotaryLifter,2.109375,7.838919803443472e-13
8.0,RotaryLifter,2.1875,1.0748912701770394e-12
8.0,RotaryLifter,2.265625,9.975010079964977e-13
8.0,RotaryLifter,2.34375,6.712674819365837e-13
8.0,RotaryLifter,2.421875,4.555098619617383e-13
8.0,RotaryLifter,2.5,1.1999807519424157e-12
8.0,RotaryLifter,2.578125,5.296904816196032e-13
8.0,RotaryLifter,2.65625,3.605671015955522e-13
8.0,RotaryLifter,2.734375,5.590712742476581e-13
8.0,RotaryLifter,2.8125,1.4785254877282768e-13
8.0,RotaryLifter,2.890625,2.76805344060627e-13
8.0,RotaryLifter,2.96875,2.4799004573352677e-13
8.0,RotaryLifter,3.046875,2.9759560290472863e-13
8.0,RotaryLifter,3.125,1.2951916200881936e-13
8.0,RotaryLifter,3.203125,3.0704564025364255e-13
8.0,RotaryLifter,3.28125,1.6416473712382433e-13
8.0,RotaryLifter,3.359375,1.5333860323982165e-13
8.0,RotaryLifter,3.4375,1.3658474221855097e-13
8.0,RotaryLifter,3.515625,9.39951136128213e-14
8.0,RotaryLifter,3.59375,1.0936648604800932e-13
8.0,RotaryLifter,3.671875,6.593033585976284e-14
8.0,RotaryLifter,3.75,5.262349726212973e-14
8.0,RotaryLifter,3.828125,5.643821248850639e-14
8.0,RotaryLifter,3.90625,6.09903216188121e-14
8.0,RotaryLifter,3.984375,6.984023294347098e-14
8.0,RotaryLifter,4.0625,3.3455170259308875e-14
8.0,RotaryLifter,4.140625,6.375081860737392e-14
8.0,RotaryLifter,4.21875,5.365058304853814e-14
8.0,RotaryLifter,4.296875,4.635535654885152e-14
8.0,RotaryLifter,4.375,2.9461947326088856e-14
8.0,RotaryLifter,4.453125,2.427487689823916e-14
8.0,RotaryLifter,4.53125,2.4138810324273012e-14
8.0,RotaryLifter,4.609375,4.4023201968180465e-14
8.0,RotaryLifter,4.6875,2.087757311471537e-14
8.0,RotaryLifter,4.765625,1.1208844004977186e-14
8.0,RotaryLifter,4.84375,4.7679450197660765e-14
8.0,RotaryLifter,4.921875,1.8360726846767823e-14
8.0,RotaryLifter,5.0,1.6700730373146318e-14
8.0,RotaryLifter,5.078125,1.8416642405994463e-14
8.0,RotaryLifter,5.15625,3.248277911280264e-14
8.0,RotaryLifter,5.234375,1.6047824563826605e-14
8.0,RotaryLifter,5.3125,1.5384890208573334e-14
8.0,RotaryLifter,5.390625,2.2678508751103837e-14
8.0,RotaryLifter,5.46875,3.325355854049364e-14
8.0,RotaryLifter,5.546875,2.5297220451746103e-14
8.0,RotaryLifter,5.625,1.7327757996157367e-14
8.0,RotaryLifter,5.703125,1.4349971128527958e-14
8.0,RotaryLifter,5.78125,1.1785694344590596e-14
8.0,RotaryLifter,5.859375,9.308797971361005e-15
8.0,RotaryLifter,5.9375,5.7184303078149224e-15
8.0,RotaryLifter,6.015625,8.758953396139303e-15
8.0,RotaryLifter,6.09375,1.1294402912217595e-14
8.0,RotaryLifter,6.171875,8.42622450184735e-15
8.0,RotaryLifter,6.25,7.680718622437412e-15
8.0,RotaryLifter,6.328125,7.502596154275589e-15
8.0,RotaryLifter,6.40625,6.9568039275147906e-15
8.0,RotaryLifter,6.484375,7.226491215943793e-15
8.0,RotaryLifter,6.5625,6.616172810098659e-15
8.0,RotaryLifter,6.640625,4.921577829581627e-15
8.0,RotaryLifter,6.71875,7.532922810891517e-15
8.0,RotaryLifter,6.796875,9.797757925621153e-15
8.0,RotaryLifter,6.875,7.376123017128131e-15
8.0,RotaryLifter,6.953125,6.8773337147363865e-15
8.0,RotaryLifter,7.03125,5.9717097721186605e-15
8.0,RotaryLifter,7.109375,7.827944330102739e-15
8.0,RotaryLifter,7.1875,6.941774657220319e-15
8.0,RotaryLifter,7.265625,4.4539380759717326e-15
8.0,RotaryLifter,7.34375,5.5334757282746564e-15
8.0,RotaryLifter,7.421875,6.372837203489729e-15
8.0,RotaryLifter,7.5,6.0200482535290694e-15
8.0,RotaryLifter,7.578125,3.266907921463199e-15
8.0,RotaryLifter,7.65625,2.8457502430168748e-15
8.0,RotaryLifter,7.734375,2.0350557407209143e-15
8.0,RotaryLifter,7.8125,2.0380219563807767e-15
8.0,RotaryLifter,7.890625,3.1648025719381453e-15
8.0,RotaryLifter,7.96875,3.049433314203827e-15
8.0,RotaryLifter,8.046875,2.8057026843122262e-15
8.0,RotaryLifter,8.125,1.3955528696143463e-15
8.0,RotaryLifter,8.203125,1.7976083592508814e-15
8.0,RotaryLifter,8.28125,1.3881576735427782e-15
8.0,RotaryLifter,8.359375,2.366067595522786e-15
8.0,RotaryLifter,8.4375,3.1731565316710858e-15
8.0,RotaryLifter,8.515625,2.4361780236900042e-15
8.0,RotaryLifter,8.59375,3.921995023450955e-15
8.0,RotaryLifter,8.671875,2.733859166319996e-15
8.0,RotaryLifter,8.75,2.09143341674201e-15
8.0,RotaryLifter,8.828125,2.943346294139602e-15
8.0,RotaryLifter,8.90625,2.9959319676269125e-15
8.0,RotaryLifter,8.984375,1.9190102319995486e-15
8.0,RotaryLifter,9.0625,2.4578413452177835e-15
8.0,RotaryLifter,9.140625,1.0964500165795272e-15
8.0,RotaryLifter,9.21875,1.7741946894859527e-15
8.0,RotaryLifter,9.296875,2.4697448807656397e-15
8.0,RotaryLifter,9.375,2.018457892386176e-15
8.0,RotaryLifter,9.453125,1.745663319518411e-15
8.0,RotaryLifter,9.53125,1.6148723054751695e-15
8.0,RotaryLifter,9.609375,1.4522292546216296e-15
8.0,RotaryLifter,9.6875,1.9640778473826788e-15
8.0,RotaryLifter,9.765625,1.4506042483154577e-15
8.0,RotaryLifter,9.84375,2.1960437396217165e-15
8.0,RotaryLifter,9.921875,3.2958088936700133e-15
8.0,RotaryLifter,-10.0,1.211200665205516e-15
8.0,NoLift,0.0,2.328054601726997e-6
8.0,NoLift,0.078125,0.0001336878215343957
8.0,NoLift,0.15625,7.412986902812687e-6
8.0,NoLift,0.234375,4.720140341924237e-7
8.0,NoLift,0.3125,6.121654952261919e-8
8.0,NoLift,0.390625,1.8485643442247618e-8
8.0,NoLift,0.46875,6.457036826505513e-9
8.0,NoLift,0.546875,1.9407320519738697e-9
8.0,NoLift,0.625,9.201050887111767e-10
8.0,NoLift,0.703125,4.794806022803671e-10
8.0,NoLift,0.78125,3.0563070519685694e-10
8.0,NoLift,0.859375,1.3740262342905146e-10
8.0,NoLift,0.9375,9.283151275612549e-11
8.0,NoLift,1.015625,5.466081639717926e-11
8.0,NoLift,1.09375,4.399866154674929e-11
8.0,NoLift,1.171875,1.8961146713134065e-11
8.0,NoLift,1.25,1.2317855535829884e-11
8.0,NoLift,1.328125,1.1190642319201243e-11
8.0,NoLift,1.40625,1.3799495613656831e-11
8.0,NoLift,1.484375,7.514443150577813e-12
8.0,NoLift,1.5625,5.701565808439648e-12
8.0,NoLift,1.640625,7.658053410761444e-12
8.0,NoLift,1.71875,2.273942521864196e-12
8.0,NoLift,1.796875,3.424738762983023e-12
8.0,NoLift,1.875,2.7138977774611248e-12
8.0,NoLift,1.953125,7.720717019254827e-13
8.0,NoLift,2.03125,2.336973686904951e-12
8.0,NoLift,2.109375,7.188537670465658e-13
8.0,NoLift,2.1875,1.3486992600481586e-12
8.0,NoLift,2.265625,1.051797876675765e-12
8.0,NoLift,2.34375,7.36250640426551e-13
8.0,NoLift,2.421875,4.3202444270275794e-13
8.0,NoLift,2.5,1.3272183245078682e-12
8.0,NoLift,2.578125,5.150150674784314e-13
8.0,NoLift,2.65625,3.0671923809800937e-13
8.0,NoLift,2.734375,5.888312212419791e-13
8.0,NoLift,2.8125,1.6766792797856295e-13
8.0,NoLift,2.890625,3.118767027800266e-13
8.0,NoLift,2.96875,2.4117577243955846e-13
8.0,NoLift,3.046875,3.233595579043947e-13
8.0,NoLift,3.125,1.215202588839682e-13
8.0,NoLift,3.203125,3.297853312630966e-13
8.0,NoLift,3.28125,1.2609787622806263e-13
8.0,NoLift,3.359375,1.6548791302549604e-13
8.0,NoLift,3.4375,1.393094705086322e-13
8.0,NoLift,3.515625,9.130073533971208e-14
8.0,NoLift,3.59375,1.2086005929727666e-13
8.0,NoLift,3.671875,6.310434487513062e-14
8.0,NoLift,3.75,4.884891223282572e-14
8.0,NoLift,3.828125,5.790516399066913e-14
8.0,NoLift,3.90625,5.524445972353491e-14
8.0,NoLift,3.984375,6.79004666287299e-14
8.0,NoLift,4.0625,3.900121450145644e-14
8.0,NoLift,4.140625,6.17484111875285e-14
8.0,NoLift,4.21875,3.917226273498735e-14
8.0,NoLift,4.296875,4.552455216051221e-14
8.0,NoLift,4.375,2.9310248354744454e-14
8.0,NoLift,4.453125,2.4730389546321908e-14
8.0,NoLift,4.53125,2.0575439616473145e-14
8.0,NoLift,4.609375,4.5120731017594566e-14
8.0,NoLift,4.6875,1.6553312941479218e-14
8.0,NoLift,4.765625,1.003637514472485e-14
8.0,NoLift,4.84375,5.020378198409394e-14
8.0,NoLift,4.921875,1.3853607421284131e-14
8.0,NoLift,5.0,1.315153088038243e-14
8.0,NoLift,5.078125,1.808019353401228e-14
8.0,NoLift,5.15625,3.2857919851943336e-14
8.0,NoLift,5.234375,1.536333112122163e-14
8.0,NoLift,5.3125,1.527389459120739e-14
8.0,NoLift,5.390625,2.0327947969035137e-14
8.0,NoLift,5.46875,2.987729652224978e-14
8.0,NoLift,5.546875,2.4052552410199274e-14
8.0,NoLift,5.625,1.5697800603730088e-14
8.0,NoLift,5.703125,1.3136857690648817e-14
8.0,NoLift,5.78125,1.1173749183139442e-14
8.0,NoLift,5.859375,8.572316724207378e-15
8.0,NoLift,5.9375,5.842131401533779e-15
8.0,NoLift,6.015625,7.831311014190641e-15
8.0,NoLift,6.09375,1.0442458716184999e-14
8.0,NoLift,6.171875,7.629602714593031e-15
8.0,NoLift,6.25,7.563263435787938e-15
8.0,NoLift,6.328125,6.686668485374224e-15
8.0,NoLift,6.40625,6.426232368146423e-15
8.0,NoLift,6.484375,6.31862840183809e-15
8.0,NoLift,6.5625,6.526441404712856e-15
8.0,NoLift,6.640625,4.635516311421442e-15
8.0,NoLift,6.71875,6.859849123355514e-15
8.0,NoLift,6.796875,9.236065682785763e-15
8.0,NoLift,6.875,6.426332474887879e-15
8.0,NoLift,6.953125,6.21068429139715e-15
8.0,NoLift,7.03125,5.389074414666482e-15
8.0,NoLift,7.109375,6.963359215562399e-15
8.0,NoLift,7.1875,6.352721873908496e-15
8.0,NoLift,7.265625,4.183722953399036e-15
8.0,NoLift,7.34375,4.775419388727929e-15
8.0,NoLift,7.421875,5.722145205665787e-15
8.0,NoLift,7.5,5.487567228021636e-15
8.0,NoLift,7.578125,3.1267271688644193e-15
8.0,NoLift,7.65625,2.60150177904607e-15
8.0,NoLift,7.734375,1.8896406668249208e-15
8.0,NoLift,7.8125,1.8991327538746734e-15
8.0,NoLift,7.890625,2.894756646173147e-15
8.0,NoLift,7.96875,2.6550519108200798e-15
8.0,NoLift,8.046875,2.530524180485471e-15
8.0,NoLift,8.125,1.2722214867162222e-15
8.0,NoLift,8.203125,1.6050205848840186e-15
8.0,NoLift,8.28125,1.2065101251868675e-15
8.0,NoLift,8.359375,2.1461869942601013e-15
8.0,NoLift,8.4375,2.872852210468742e-15
8.0,NoLift,8.515625,2.178941044091229e-15
8.0,NoLift,8.59375,3.627315719491348e-15
8.0,NoLift,8.671875,2.5046874950129584e-15
8.0,NoLift,8.75,1.886496038896029e-15
8.0,NoLift,8.828125,2.4637457526644107e-15
8.0,NoLift,8.90625,2.607032073654458e-15
8.0,NoLift,8.984375,1.7473780882185838e-15
8.0,NoLift,9.0625,2.2279556577733202e-15
8.0,NoLift,9.140625,9.625834532915349e-16
8.0,NoLift,9.21875,1.5387813658295632e-15
8.0,NoLift,9.296875,2.2020612649569147e-15
8.0,NoLift,9.375,1.816103806156285e-15
8.0,NoLift,9.453125,1.5857438185081139e-15
8.0,NoLift,9.53125,1.4938409320305117e-15
8.0,NoLift,9.609375,1.305442916032121e-15
8.0,NoLift,9.6875,1.8349935458879016e-15
8.0,NoLift,9.765625,1.3989039032699123e-15
8.0,NoLift,9.84375,1.7824515077382345e-15
8.0,NoLift,9.921875,3.0944787526523728e-15
8.0,NoLift,-10.0,1.28678547682678e-15
11.0,SingleKite,0.0,1.4110273430547829e-5
11.0,SingleKite,0.078125,7.187081045893498e-5
11.0,SingleKite,0.15625,8.397877688849744e-6
11.0,SingleKite,0.234375,2.7575797830628743e-7
11.0,SingleKite,0.3125,9.163371410942224e-8
11.0,SingleKite,0.390625,3.966170898676351e-8
11.0,SingleKite,0.46875,1.0662342223620372e-8
11.0,SingleKite,0.546875,4.7962811477735225e-9
11.0,SingleKite,0.625,2.1487617785650534e-9
11.0,SingleKite,0.703125,8.576286556511945e-10
11.0,SingleKite,0.78125,7.589388748532355e-10
11.0,SingleKite,0.859375,7.531155021711898e-10
11.0,SingleKite,0.9375,4.92061422219719e-10
11.0,SingleKite,1.015625,2.6028624653951165e-10
11.0,SingleKite,1.09375,1.2252363093437923e-10
11.0,SingleKite,1.171875,6.400868656313502e-11
11.0,SingleKite,1.25,4.698775583477798e-11
11.0,SingleKite,1.328125,9.506817011071202e-11
11.0,SingleKite,1.40625,8.660225471133404e-11
11.0,SingleKite,1.484375,9.851750868324369e-11
11.0,SingleKite,1.5625,7.418326463946821e-11
11.0,SingleKite,1.640625,8.098422036395977e-11
11.0,SingleKite,1.71875,7.215142152916457e-11
11.0,SingleKite,1.796875,2.8121042238057274e-11
11.0,SingleKite,1.875,1.8062143677907176e-11
11.0,SingleKite,1.953125,2.0124136210701637e-11
11.0,SingleKite,2.03125,2.7691884413913565e-11
11.0,SingleKite,2.109375,2.3185367597507467e-11
11.0,SingleKite,2.1875,1.5828628697090155e-11
11.0,SingleKite,2.265625,2.076367525837494e-11
11.0,SingleKite,2.34375,1.6150040060223764e-11
11.0,SingleKite,2.421875,1.2104799533000321e-11
11.0,SingleKite,2.5,1.408817654555331e-11
11.0,SingleKite,2.578125,1.2382475649799371e-11
11.0,SingleKite,2.65625,1.0131284339763515e-11
11.0,SingleKite,2.734375,7.04521590894031e-12
11.0,SingleKite,2.8125,3.195205769527711e-12
11.0,SingleKite,2.890625,3.5373856706822724e-12
11.0,SingleKite,2.96875,5.631976691682934e-12
11.0,SingleKite,3.046875,4.443342447981111e-12
11.0,SingleKite,3.125,3.3044883347864203e-12
11.0,SingleKite,3.203125,5.272494824906409e-12
11.0,SingleKite,3.28125,5.3559261327520535e-12
11.0,SingleKite,3.359375,2.8944719515241847e-12
11.0,SingleKite,3.4375,2.1045032414414684e-12
11.0,SingleKite,3.515625,1.9888888644404685e-12
11.0,SingleKite,3.59375,1.7833346440569255e-12
11.0,SingleKite,3.671875,1.1075192798604998e-12
11.0,SingleKite,3.75,1.1257041195753492e-12
11.0,SingleKite,3.828125,1.3459177351958243e-12
11.0,SingleKite,3.90625,1.5556811224639534e-12
11.0,SingleKite,3.984375,1.5440963053094481e-12
11.0,SingleKite,4.0625,5.65261573392742e-13
11.0,SingleKite,4.140625,1.2468898641564543e-12
11.0,SingleKite,4.21875,1.5658510679687706e-12
11.0,SingleKite,4.296875,7.74349945460918e-13
11.0,SingleKite,4.375,5.606630792340397e-13
11.0,SingleKite,4.453125,4.855806425952522e-13
11.0,SingleKite,4.53125,5.827141957622054e-13
11.0,SingleKite,4.609375,7.748784348965665e-13
11.0,SingleKite,4.6875,4.959071911879602e-13
11.0,SingleKite,4.765625,2.6435281181629164e-13
11.0,SingleKite,4.84375,7.576857657621508e-13
11.0,SingleKite,4.921875,4.4424396069082317e-13
11.0,SingleKite,5.0,5.171080693934641e-13
11.0,SingleKite,5.078125,4.758090011616693e-13
11.0,SingleKite,5.15625,6.910593639036569e-13
11.0,SingleKite,5.234375,4.734416916109673e-13
11.0,SingleKite,5.3125,2.829399525696971e-13
11.0,SingleKite,5.390625,4.847974735423891e-13
11.0,SingleKite,5.46875,7.07665438063096e-13
11.0,SingleKite,5.546875,4.693936392835699e-13
11.0,SingleKite,5.625,3.577292908825173e-13
11.0,SingleKite,5.703125,2.3666423821407573e-13
11.0,SingleKite,5.78125,2.1950719851532022e-13
11.0,SingleKite,5.859375,2.0132552589693667e-13
11.0,SingleKite,5.9375,1.3485197498131435e-13
11.0,SingleKite,6.015625,2.119702465024914e-13
11.0,SingleKite,6.09375,2.2678597944933205e-13
11.0,SingleKite,6.171875,3.4540596147147016e-13
11.0,SingleKite,6.25,5.204930793543619e-13
11.0,SingleKite,6.328125,4.1022321098382285e-13
11.0,SingleKite,6.40625,2.645324293181597e-13
11.0,SingleKite,6.484375,5.551153010604507e-13
11.0,SingleKite,6.5625,1.0369170414975614e-12
11.0,SingleKite,6.640625,3.6276587922972308e-12
11.0,SingleKite,6.71875,4.100450895120101e-12
11.0,SingleKite,6.796875,1.0521707390729806e-11
11.0,SingleKite,6.875,8.750947821488362e-12
11.0,SingleKite,6.953125,4.391987573647434e-12
11.0,SingleKite,7.03125,1.8061612290878884e-12
11.0,SingleKite,7.109375,4.4469078213030485e-13
11.0,SingleKite,7.1875,3.340944573430646e-13
11.0,SingleKite,7.265625,1.5039658896769984e-13
11.0,SingleKite,7.34375,1.8497791202071277e-13
11.0,SingleKite,7.421875,1.540189363028253e-13
11.0,SingleKite,7.5,2.500361109281659e-13
11.0,SingleKite,7.578125,9.657772224911102e-14
11.0,SingleKite,7.65625,3.2708103824437516e-13
11.0,SingleKite,7.734375,4.273015562795807e-13
11.0,SingleKite,7.8125,1.7801143064308446e-13
11.0,SingleKite,7.890625,1.0207200622760564e-13
11.0,SingleKite,7.96875,7.938792587012287e-14
11.0,SingleKite,8.046875,6.592056522564224e-14
11.0,SingleKite,8.125,3.254270943117566e-14
11.0,SingleKite,8.203125,4.361090521225083e-14
11.0,SingleKite,8.28125,3.4139963213974526e-14
11.0,SingleKite,8.359375,4.705023484096697e-14
11.0,SingleKite,8.4375,6.578807142680715e-14
11.0,SingleKite,8.515625,5.2226679136503835e-14
11.0,SingleKite,8.59375,8.091765964274136e-14
11.0,SingleKite,8.671875,5.156407516940658e-14
11.0,SingleKite,8.75,4.206950909213388e-14
11.0,SingleKite,8.828125,6.442015549699351e-14
11.0,SingleKite,8.90625,6.598888730830774e-14
11.0,SingleKite,8.984375,4.3503734438426936e-14
11.0,SingleKite,9.0625,4.966234903430513e-14
11.0,SingleKite,9.140625,2.0987132279324312e-14
11.0,SingleKite,9.21875,3.2770080157052576e-14
11.0,SingleKite,9.296875,5.015658883136987e-14
11.0,SingleKite,9.375,4.003873771607464e-14
11.0,SingleKite,9.453125,3.327269874498531e-14
11.0,SingleKite,9.53125,3.374825986256749e-14
11.0,SingleKite,9.609375,3.270582012752848e-14
11.0,SingleKite,9.6875,4.218481339740827e-14
11.0,SingleKite,9.765625,3.058946654974827e-14
11.0,SingleKite,9.84375,3.4339680470858556e-14
11.0,SingleKite,9.921875,6.064207353099257e-14
11.0,SingleKite,-10.0,2.617260662654664e-14
11.0,StackĂ—3,0.0,1.410718429027283e-5
11.0,StackĂ—3,0.078125,7.165863886266332e-5
11.0,StackĂ—3,0.15625,8.385057590868923e-6
11.0,StackĂ—3,0.234375,2.754242813838185e-7
11.0,StackĂ—3,0.3125,9.146085437235512e-8
11.0,StackĂ—3,0.390625,3.963211356820239e-8
11.0,StackĂ—3,0.46875,1.0673538067162061e-8
11.0,StackĂ—3,0.546875,4.786305382493247e-9
11.0,StackĂ—3,0.625,2.144335492846702e-9
11.0,StackĂ—3,0.703125,8.579575699935135e-10
11.0,StackĂ—3,0.78125,7.589123722325884e-10
11.0,StackĂ—3,0.859375,7.529304393525631e-10
11.0,StackĂ—3,0.9375,4.921960061986859e-10
11.0,StackĂ—3,1.015625,2.6019157097994864e-10
11.0,StackĂ—3,1.09375,1.2269667509609246e-10
11.0,StackĂ—3,1.171875,6.38053732393799e-11
11.0,StackĂ—3,1.25,4.693674281033975e-11
11.0,StackĂ—3,1.328125,9.496420054082323e-11
11.0,StackĂ—3,1.40625,8.66118040699372e-11
11.0,StackĂ—3,1.484375,9.851643608216182e-11
11.0,StackĂ—3,1.5625,7.418221308474478e-11
11.0,StackĂ—3,1.640625,8.101860492819024e-11
11.0,StackĂ—3,1.71875,7.210767600400806e-11
11.0,StackĂ—3,1.796875,2.8158165497493617e-11
11.0,StackĂ—3,1.875,1.8096892245708437e-11
11.0,StackĂ—3,1.953125,2.0060741712377822e-11
11.0,StackĂ—3,2.03125,2.765053155374444e-11
11.0,StackĂ—3,2.109375,2.3281901676975332e-11
11.0,StackĂ—3,2.1875,1.5908768249211905e-11
11.0,StackĂ—3,2.265625,2.0811160551734927e-11
11.0,StackĂ—3,2.34375,1.6128762613951277e-11
11.0,StackĂ—3,2.421875,1.2112597849669361e-11
11.0,StackĂ—3,2.5,1.4074597320565913e-11
11.0,StackĂ—3,2.578125,1.231798075987973e-11
11.0,StackĂ—3,2.65625,1.013979789465856e-11
11.0,StackĂ—3,2.734375,7.050990612036803e-12
11.0,StackĂ—3,2.8125,3.190572959610063e-12
11.0,StackĂ—3,2.890625,3.5085634491890125e-12
11.0,StackĂ—3,2.96875,5.6080085909312826e-12
11.0,StackĂ—3,3.046875,4.43403206475645e-12
11.0,StackĂ—3,3.125,3.2998830674809634e-12
11.0,StackĂ—3,3.203125,5.276252575829706e-12
11.0,StackĂ—3,3.28125,5.363886486902728e-12
11.0,StackĂ—3,3.359375,2.901733857594698e-12
11.0,StackĂ—3,3.4375,2.1114469472772257e-12
11.0,StackĂ—3,3.515625,1.9939859797291872e-12
11.0,StackĂ—3,3.59375,1.7826849652913923e-12
11.0,StackĂ—3,3.671875,1.1093794105452792e-12
11.0,StackĂ—3,3.75,1.132084983669496e-12
11.0,StackĂ—3,3.828125,1.353977614540245e-12
11.0,StackĂ—3,3.90625,1.555654433036012e-12
11.0,StackĂ—3,3.984375,1.5488290430710039e-12
11.0,StackĂ—3,4.0625,5.625525545977127e-13
11.0,StackĂ—3,4.140625,1.2413632669104288e-12
11.0,StackĂ—3,4.21875,1.5673411660333142e-12
11.0,StackĂ—3,4.296875,7.745747009039239e-13
11.0,StackĂ—3,4.375,5.552994387311408e-13
11.0,StackĂ—3,4.453125,4.784830560470024e-13
11.0,StackĂ—3,4.53125,5.775665006694517e-13
11.0,StackĂ—3,4.609375,7.718485964618722e-13
11.0,StackĂ—3,4.6875,4.925529523965641e-13
11.0,StackĂ—3,4.765625,2.6464018358048396e-13
11.0,StackĂ—3,4.84375,7.64932717053198e-13
11.0,StackĂ—3,4.921875,4.4690131728438327e-13
11.0,StackĂ—3,5.0,5.177020223178929e-13
11.0,StackĂ—3,5.078125,4.713917016721318e-13
11.0,StackĂ—3,5.15625,6.851594824750028e-13
11.0,StackĂ—3,5.234375,4.77140647344975e-13
11.0,StackĂ—3,5.3125,2.8569337665957255e-13
11.0,StackĂ—3,5.390625,4.863561752475806e-13
11.0,StackĂ—3,5.46875,7.093139067375304e-13
11.0,StackĂ—3,5.546875,4.668027802960005e-13
11.0,StackĂ—3,5.625,3.587994275606166e-13
11.0,StackĂ—3,5.703125,2.3866554983959087e-13
11.0,StackĂ—3,5.78125,2.250702690561024e-13
11.0,StackĂ—3,5.859375,2.091867092758081e-13
11.0,StackĂ—3,5.9375,1.3467044939374144e-13
11.0,StackĂ—3,6.015625,2.0383388905308143e-13
11.0,StackĂ—3,6.09375,2.315522087702349e-13
11.0,StackĂ—3,6.171875,3.648766487657624e-13
11.0,StackĂ—3,6.25,5.370725903551597e-13
11.0,StackĂ—3,6.328125,4.423114602083952e-13
11.0,StackĂ—3,6.40625,2.6594983877681073e-13
11.0,StackĂ—3,6.484375,5.474080950377485e-13
11.0,StackĂ—3,6.5625,9.642701132736683e-13
11.0,StackĂ—3,6.640625,3.4953200257727883e-12
11.0,StackĂ—3,6.71875,3.953472155843755e-12
11.0,StackĂ—3,6.796875,1.0432792079315732e-11
11.0,StackĂ—3,6.875,8.712829836301661e-12
11.0,StackĂ—3,6.953125,4.39683933793203e-12
11.0,StackĂ—3,7.03125,1.8178759071637094e-12
11.0,StackĂ—3,7.109375,4.443052822175608e-13
11.0,StackĂ—3,7.1875,3.273540131957848e-13
11.0,StackĂ—3,7.265625,1.4507567933759013e-13
11.0,StackĂ—3,7.34375,1.8697050798520147e-13
11.0,StackĂ—3,7.421875,1.569507429736343e-13
11.0,StackĂ—3,7.5,2.4372558016438753e-13
11.0,StackĂ—3,7.578125,1.0320764471888136e-13
11.0,StackĂ—3,7.65625,3.2467695200370376e-13
11.0,StackĂ—3,7.734375,4.233773822362904e-13
11.0,StackĂ—3,7.8125,1.7338164044284354e-13
11.0,StackĂ—3,7.890625,9.659741946226365e-14
11.0,StackĂ—3,7.96875,8.164088061529322e-14
11.0,StackĂ—3,8.046875,6.620742999821575e-14
11.0,StackĂ—3,8.125,3.2512357740951284e-14
11.0,StackĂ—3,8.203125,4.359265207799873e-14
11.0,StackĂ—3,8.28125,3.445353628041403e-14
11.0,StackĂ—3,8.359375,4.768048826448316e-14
11.0,StackĂ—3,8.4375,6.61261226595526e-14
11.0,StackĂ—3,8.515625,5.2723511222387905e-14
11.0,StackĂ—3,8.59375,8.051349339211134e-14
11.0,StackĂ—3,8.671875,5.1442595007048876e-14
11.0,StackĂ—3,8.75,4.1996168420354126e-14
11.0,StackĂ—3,8.828125,6.423886441217534e-14
11.0,StackĂ—3,8.90625,6.626333595588675e-14
11.0,StackĂ—3,8.984375,4.3271850853326905e-14
11.0,StackĂ—3,9.0625,4.842573549413531e-14
11.0,StackĂ—3,9.140625,2.084199425097111e-14
11.0,StackĂ—3,9.21875,3.281404208392564e-14
11.0,StackĂ—3,9.296875,5.030560979527681e-14
11.0,StackĂ—3,9.375,3.9983816411221626e-14
11.0,StackĂ—3,9.453125,3.305869274293838e-14
11.0,StackĂ—3,9.53125,3.4139863301054016e-14
11.0,StackĂ—3,9.609375,3.3094882351842616e-14
11.0,StackĂ—3,9.6875,4.258401292091537e-14
11.0,StackĂ—3,9.765625,3.0660255775218556e-14
11.0,StackĂ—3,9.84375,3.403907631059575e-14
11.0,StackĂ—3,9.921875,6.094437835504169e-14
11.0,StackĂ—3,-10.0,2.6354330866724123e-14
11.0,RotaryLifter,0.0,7.234354473843214e-6
11.0,RotaryLifter,0.078125,0.00013634552352795854
11.0,RotaryLifter,0.15625,1.0000838826669774e-5
11.0,RotaryLifter,0.234375,4.399945609174822e-7
11.0,RotaryLifter,0.3125,5.640043606664659e-8
11.0,RotaryLifter,0.390625,2.2634813968523668e-8
11.0,RotaryLifter,0.46875,9.579589248833633e-9
11.0,RotaryLifter,0.546875,1.9064733429084844e-9
11.0,RotaryLifter,0.625,9.422715166669217e-10
11.0,RotaryLifter,0.703125,6.105760759310319e-10
11.0,RotaryLifter,0.78125,3.6460080700427117e-10
11.0,RotaryLifter,0.859375,2.3933990661768255e-10
11.0,RotaryLifter,0.9375,1.970105411864936e-10
11.0,RotaryLifter,1.015625,7.417441401859907e-11
11.0,RotaryLifter,1.09375,8.902094474605086e-11
11.0,RotaryLifter,1.171875,1.620823773576123e-11
11.0,RotaryLifter,1.25,1.7144499198597875e-11
11.0,RotaryLifter,1.328125,2.687307922861989e-11
11.0,RotaryLifter,1.40625,3.408993178747555e-11
11.0,RotaryLifter,1.484375,2.5420148886755084e-11
11.0,RotaryLifter,1.5625,2.296975014819863e-11
11.0,RotaryLifter,1.640625,2.2731514757257336e-11
11.0,RotaryLifter,1.71875,1.629435960975898e-11
11.0,RotaryLifter,1.796875,9.542443018840953e-12
11.0,RotaryLifter,1.875,6.282148660680926e-12
11.0,RotaryLifter,1.953125,4.2208182877776794e-12
11.0,RotaryLifter,2.03125,8.218248860354416e-12
11.0,RotaryLifter,2.109375,3.962648439673308e-12
11.0,RotaryLifter,2.1875,5.164304214262132e-12
11.0,RotaryLifter,2.265625,4.611212999315614e-12
11.0,RotaryLifter,2.34375,4.849303092413013e-12
11.0,RotaryLifter,2.421875,2.3473108785731203e-12
11.0,RotaryLifter,2.5,4.6639841419981965e-12
11.0,RotaryLifter,2.578125,2.5462793984697655e-12
11.0,RotaryLifter,2.65625,2.3574487742174774e-12
11.0,RotaryLifter,2.734375,2.099424833680615e-12
11.0,RotaryLifter,2.8125,8.663062865653206e-13
11.0,RotaryLifter,2.890625,1.0406933423283651e-12
11.0,RotaryLifter,2.96875,1.3892968209259058e-12
11.0,RotaryLifter,3.046875,1.2113693057106697e-12
11.0,RotaryLifter,3.125,7.598919632768507e-13
11.0,RotaryLifter,3.203125,1.4585590330058844e-12
11.0,RotaryLifter,3.28125,1.1088164236150392e-12
11.0,RotaryLifter,3.359375,7.978804727135815e-13
11.0,RotaryLifter,3.4375,6.203712845935572e-13
11.0,RotaryLifter,3.515625,4.782573059008003e-13
11.0,RotaryLifter,3.59375,5.222781381704282e-13
11.0,RotaryLifter,3.671875,2.792162271811587e-13
11.0,RotaryLifter,3.75,2.8905011005963466e-13
11.0,RotaryLifter,3.828125,2.8337281668831255e-13
11.0,RotaryLifter,3.90625,3.503621037247879e-13
11.0,RotaryLifter,3.984375,3.96830870607383e-13
11.0,RotaryLifter,4.0625,1.5189231843567172e-13
11.0,RotaryLifter,4.140625,3.126673416829226e-13
11.0,RotaryLifter,4.21875,3.619239405251737e-13
11.0,RotaryLifter,4.296875,2.0728113019684832e-13
11.0,RotaryLifter,4.375,1.2509820602585921e-13
11.0,RotaryLifter,4.453125,1.2277108100126603e-13
11.0,RotaryLifter,4.53125,1.3656137878950254e-13
11.0,RotaryLifter,4.609375,2.1714578657915303e-13
11.0,RotaryLifter,4.6875,1.0797042972819558e-13
11.0,RotaryLifter,4.765625,6.967285551986107e-14
11.0,RotaryLifter,4.84375,2.2638155493278392e-13
11.0,RotaryLifter,4.921875,1.0445447891349246e-13
11.0,RotaryLifter,5.0,1.0254923101546875e-13
11.0,RotaryLifter,5.078125,1.1426852737172945e-13
11.0,RotaryLifter,5.15625,1.9305762132609425e-13
11.0,RotaryLifter,5.234375,1.1835083058934403e-13
11.0,RotaryLifter,5.3125,8.138053865284806e-14
11.0,RotaryLifter,5.390625,1.1137533577435016e-13
11.0,RotaryLifter,5.46875,1.7153537498634347e-13
11.0,RotaryLifter,5.546875,1.21861736333557e-13
11.0,RotaryLifter,5.625,9.816238765329974e-14
11.0,RotaryLifter,5.703125,7.036632395769872e-14
11.0,RotaryLifter,5.78125,6.368024898811447e-14
11.0,RotaryLifter,5.859375,5.233560543428442e-14
11.0,RotaryLifter,5.9375,3.181996568239551e-14
11.0,RotaryLifter,6.015625,5.054273289303397e-14
11.0,RotaryLifter,6.09375,6.381454787720583e-14
11.0,RotaryLifter,6.171875,4.209605522211398e-14
11.0,RotaryLifter,6.25,3.7443391921021497e-14
11.0,RotaryLifter,6.328125,4.008123314990949e-14
11.0,RotaryLifter,6.40625,3.856451705958296e-14
11.0,RotaryLifter,6.484375,4.534118393055946e-14
11.0,RotaryLifter,6.5625,5.1728747736252285e-14
11.0,RotaryLifter,6.640625,3.7527775228729054e-14
11.0,RotaryLifter,6.71875,4.4021320261184267e-14
11.0,RotaryLifter,6.796875,5.2455363845633237e-14
11.0,RotaryLifter,6.875,4.685504345245842e-14
11.0,RotaryLifter,6.953125,4.006381587882012e-14
11.0,RotaryLifter,7.03125,3.3989029815407287e-14
11.0,RotaryLifter,7.109375,3.9313544865414446e-14
11.0,RotaryLifter,7.1875,3.9405123709435247e-14
11.0,RotaryLifter,7.265625,3.033109833841237e-14
11.0,RotaryLifter,7.34375,3.426066520228935e-14
11.0,RotaryLifter,7.421875,3.759435870167201e-14
11.0,RotaryLifter,7.5,3.234066320508785e-14
11.0,RotaryLifter,7.578125,1.6710812975108782e-14
11.0,RotaryLifter,7.65625,1.5971901991483832e-14
11.0,RotaryLifter,7.734375,1.3768606132564768e-14
11.0,RotaryLifter,7.8125,1.2296223244248147e-14
11.0,RotaryLifter,7.890625,2.0532730597567503e-14
11.0,RotaryLifter,7.96875,2.0495703577015356e-14
11.0,RotaryLifter,8.046875,1.674713996985148e-14
11.0,RotaryLifter,8.125,7.628648559709123e-15
11.0,RotaryLifter,8.203125,9.440233671089393e-15
11.0,RotaryLifter,8.28125,6.976889013674647e-15
11.0,RotaryLifter,8.359375,1.1693652415243146e-14
11.0,RotaryLifter,8.4375,1.7006727765588152e-14
11.0,RotaryLifter,8.515625,1.358677728464082e-14
11.0,RotaryLifter,8.59375,2.0557985283408775e-14
11.0,RotaryLifter,8.671875,1.3602339727954673e-14
11.0,RotaryLifter,8.75,1.091294024572765e-14
11.0,RotaryLifter,8.828125,1.6785397201824707e-14
11.0,RotaryLifter,8.90625,1.7120082642483733e-14
11.0,RotaryLifter,8.984375,1.0738060827960601e-14
11.0,RotaryLifter,9.0625,1.2705063147127973e-14
11.0,RotaryLifter,9.140625,5.703782693785934e-15
11.0,RotaryLifter,9.21875,8.922472392080735e-15
11.0,RotaryLifter,9.296875,1.303693972204552e-14
11.0,RotaryLifter,9.375,1.0869166438279242e-14
11.0,RotaryLifter,9.453125,9.185536886270959e-15
11.0,RotaryLifter,9.53125,9.142387855001673e-15
11.0,RotaryLifter,9.609375,8.413806977371347e-15
11.0,RotaryLifter,9.6875,1.1007767739367843e-14
11.0,RotaryLifter,9.765625,8.024514045315436e-15
11.0,RotaryLifter,9.84375,9.431845087365089e-15
11.0,RotaryLifter,9.921875,1.6449734186433053e-14
11.0,RotaryLifter,-10.0,6.9368311470742294e-15
11.0,NoLift,0.0,7.1514103037377204e-6
11.0,NoLift,0.078125,0.00022863752107144574
11.0,NoLift,0.15625,1.5074636644383013e-5
11.0,NoLift,0.234375,6.834864145395864e-7
11.0,NoLift,0.3125,1.0263080029753567e-7
11.0,NoLift,0.390625,3.503650649184599e-8
11.0,NoLift,0.46875,1.418242720235488e-8
11.0,NoLift,0.546875,3.104646913163652e-9
11.0,NoLift,0.625,1.5273626010355344e-9
11.0,NoLift,0.703125,9.396828374854884e-10
11.0,NoLift,0.78125,5.369188375461964e-10
11.0,NoLift,0.859375,3.090304138231531e-10
11.0,NoLift,0.9375,2.4451083331177696e-10
11.0,NoLift,1.015625,1.0151593099882852e-10
11.0,NoLift,1.09375,1.1671932632743828e-10
11.0,NoLift,1.171875,2.6371593243026088e-11
11.0,NoLift,1.25,2.461388127906982e-11
11.0,NoLift,1.328125,2.9977789613895923e-11
11.0,NoLift,1.40625,4.044392127323164e-11
11.0,NoLift,1.484375,2.5948513842017395e-11
11.0,NoLift,1.5625,2.4350317648952243e-11
11.0,NoLift,1.640625,2.376083096949617e-11
11.0,NoLift,1.71875,1.5180394482820112e-11
11.0,NoLift,1.796875,1.0563951547156397e-11
11.0,NoLift,1.875,7.098869638350243e-12
11.0,NoLift,1.953125,3.907231502940084e-12
11.0,NoLift,2.03125,8.759009786261096e-12
11.0,NoLift,2.109375,3.382815475749318e-12
11.0,NoLift,2.1875,5.324495176181856e-12
11.0,NoLift,2.265625,4.1150392563710406e-12
11.0,NoLift,2.34375,4.800533639699998e-12
11.0,NoLift,2.421875,2.086409478553053e-12
11.0,NoLift,2.5,4.9210182908098245e-12
11.0,NoLift,2.578125,2.3179104994595126e-12
11.0,NoLift,2.65625,2.11900146625521e-12
11.0,NoLift,2.734375,2.1344482543753297e-12
11.0,NoLift,2.8125,8.529475450542474e-13
11.0,NoLift,2.890625,1.078436670437551e-12
11.0,NoLift,2.96875,1.3137520826934174e-12
11.0,NoLift,3.046875,1.2284290865268738e-12
11.0,NoLift,3.125,7.118646735746723e-13
11.0,NoLift,3.203125,1.4372290812995392e-12
11.0,NoLift,3.28125,9.580712757805866e-13
11.0,NoLift,3.359375,7.850117888705838e-13
11.0,NoLift,3.4375,6.472619607710402e-13
11.0,NoLift,3.515625,4.4325313103244604e-13
11.0,NoLift,3.59375,5.176290195657475e-13
11.0,NoLift,3.671875,2.6281888831051144e-13
11.0,NoLift,3.75,2.7006360216702405e-13
11.0,NoLift,3.828125,2.6041977337798746e-13
11.0,NoLift,3.90625,3.1066708796725967e-13
11.0,NoLift,3.984375,3.842662409372092e-13
11.0,NoLift,4.0625,1.4998478795333508e-13
11.0,NoLift,4.140625,3.0937960520484424e-13
11.0,NoLift,4.21875,3.2392015896655583e-13
11.0,NoLift,4.296875,2.095487480263334e-13
11.0,NoLift,4.375,1.2375871687235377e-13
11.0,NoLift,4.453125,1.217682954270565e-13
11.0,NoLift,4.53125,1.2158124802023493e-13
11.0,NoLift,4.609375,2.092440195089108e-13
11.0,NoLift,4.6875,9.498598275057641e-14
11.0,NoLift,4.765625,6.583339030814955e-14
11.0,NoLift,4.84375,2.1879252359972276e-13
11.0,NoLift,4.921875,9.599604717286123e-14
11.0,NoLift,5.0,9.066830959758089e-14
11.0,NoLift,5.078125,1.0866913421742994e-13
11.0,NoLift,5.15625,1.8750334618791825e-13
11.0,NoLift,5.234375,1.0575278363391176e-13
11.0,NoLift,5.3125,7.765814470348156e-14
11.0,NoLift,5.390625,1.0125153901466654e-13
11.0,NoLift,5.46875,1.5759894004128706e-13
11.0,NoLift,5.546875,1.1397352514632681e-13
11.0,NoLift,5.625,9.265208131311371e-14
11.0,NoLift,5.703125,6.623535581498153e-14
11.0,NoLift,5.78125,5.905264007242092e-14
11.0,NoLift,5.859375,4.81350621338561e-14
11.0,NoLift,5.9375,3.062674982803678e-14
11.0,NoLift,6.015625,4.673094722670442e-14
11.0,NoLift,6.09375,6.134360978325615e-14
11.0,NoLift,6.171875,3.814450269959435e-14
11.0,NoLift,6.25,3.4693511654977465e-14
11.0,NoLift,6.328125,3.722795992713383e-14
11.0,NoLift,6.40625,3.95114267553115e-14
11.0,NoLift,6.484375,3.960663599418166e-14
11.0,NoLift,6.5625,4.149713754192581e-14
11.0,NoLift,6.640625,2.9891144631769494e-14
11.0,NoLift,6.71875,3.8188494368867736e-14
11.0,NoLift,6.796875,4.428504497856782e-14
11.0,NoLift,6.875,3.7843840894985905e-14
11.0,NoLift,6.953125,3.473400174157722e-14
11.0,NoLift,7.03125,3.106716093733548e-14
11.0,NoLift,7.109375,3.5826282361629235e-14
11.0,NoLift,7.1875,3.636154531082625e-14
11.0,NoLift,7.265625,2.8352745159821766e-14
11.0,NoLift,7.34375,3.1494541500099535e-14
11.0,NoLift,7.421875,3.463795686123137e-14
11.0,NoLift,7.5,2.984873793818009e-14
11.0,NoLift,7.578125,1.5998320050612963e-14
11.0,NoLift,7.65625,1.5010176468491113e-14
11.0,NoLift,7.734375,1.28015895661991e-14
11.0,NoLift,7.8125,1.1419579820475773e-14
11.0,NoLift,7.890625,1.8242252429254987e-14
11.0,NoLift,7.96875,1.786168133050395e-14
11.0,NoLift,8.046875,1.514707080371016e-14
11.0,NoLift,8.125,6.817680008836887e-15
11.0,NoLift,8.203125,8.86715383334255e-15
11.0,NoLift,8.28125,6.560696755859243e-15
11.0,NoLift,8.359375,1.107042878421446e-14
11.0,NoLift,8.4375,1.5785961440215687e-14
11.0,NoLift,8.515625,1.2599890766887682e-14
11.0,NoLift,8.59375,1.9184695103659564e-14
11.0,NoLift,8.671875,1.277373824451837e-14
11.0,NoLift,8.75,1.0190750851888239e-14
11.0,NoLift,8.828125,1.5603665087781675e-14
11.0,NoLift,8.90625,1.5875430010304035e-14
11.0,NoLift,8.984375,9.69364586856733e-15
11.0,NoLift,9.0625,1.1697808806731006e-14
11.0,NoLift,9.140625,5.308116896002958e-15
11.0,NoLift,9.21875,8.295371150516444e-15
11.0,NoLift,9.296875,1.2069514749180833e-14
11.0,NoLift,9.375,1.016586493181864e-14
11.0,NoLift,9.453125,8.626844988619268e-15
11.0,NoLift,9.53125,8.415379211511165e-15
11.0,NoLift,9.609375,7.614288077418334e-15
11.0,NoLift,9.6875,1.0107818408372022e-14
11.0,NoLift,9.765625,7.384405023795263e-15
11.0,NoLift,9.84375,8.931703749103927e-15
11.0,NoLift,9.921875,1.542103040091397e-14
11.0,NoLift,-10.0,6.392200663482575e-15
13.0,SingleKite,0.0,1.4266154549847487e-5
13.0,SingleKite,0.078125,0.00014188505677712086
13.0,SingleKite,0.15625,1.2423918303711394e-5
13.0,SingleKite,0.234375,8.44372816701306e-7
13.0,SingleKite,0.3125,2.7791253616549824e-7
13.0,SingleKite,0.390625,8.352635476033463e-8
13.0,SingleKite,0.46875,2.3634878237676876e-8
13.0,SingleKite,0.546875,1.2564595260912333e-8
13.0,SingleKite,0.625,5.582219156600585e-9
13.0,SingleKite,0.703125,2.2306155258255053e-9
13.0,SingleKite,0.78125,1.8142820503412708e-9
13.0,SingleKite,0.859375,1.8406284486758158e-9
13.0,SingleKite,0.9375,1.1723032085782986e-9
13.0,SingleKite,1.015625,6.695364940851752e-10
13.0,SingleKite,1.09375,2.373425343271768e-10
13.0,SingleKite,1.171875,1.833836963136945e-10
13.0,SingleKite,1.25,1.2160580089892614e-10
13.0,SingleKite,1.328125,2.1783382845539725e-10
13.0,SingleKite,1.40625,1.9195716332543126e-10
13.0,SingleKite,1.484375,2.3653796817870793e-10
13.0,SingleKite,1.5625,1.7088609778467587e-10
13.0,SingleKite,1.640625,1.8208902868030032e-10
13.0,SingleKite,1.71875,1.7583213734077209e-10
13.0,SingleKite,1.796875,6.355460907065241e-11
13.0,SingleKite,1.875,4.371952605430987e-11
13.0,SingleKite,1.953125,5.42130706640959e-11
13.0,SingleKite,2.03125,6.30848918239256e-11
13.0,SingleKite,2.109375,5.738422181980979e-11
13.0,SingleKite,2.1875,3.591803682202851e-11
13.0,SingleKite,2.265625,5.1997833785094546e-11
13.0,SingleKite,2.34375,3.777775773772808e-11
13.0,SingleKite,2.421875,2.7010645238573077e-11
13.0,SingleKite,2.5,3.394159905685087e-11
13.0,SingleKite,2.578125,2.9398707464833176e-11
13.0,SingleKite,2.65625,2.3154221443998105e-11
13.0,SingleKite,2.734375,1.7352683256607942e-11
13.0,SingleKite,2.8125,8.917529432485771e-12
13.0,SingleKite,2.890625,8.696571859843856e-12
13.0,SingleKite,2.96875,1.3832309036895264e-11
13.0,SingleKite,3.046875,1.0695722176881504e-11
13.0,SingleKite,3.125,7.909442444677256e-12
13.0,SingleKite,3.203125,1.1941677652720153e-11
13.0,SingleKite,3.28125,1.303536234314671e-11
13.0,SingleKite,3.359375,6.735818986745737e-12
13.0,SingleKite,3.4375,4.767252102164785e-12
13.0,SingleKite,3.515625,4.786122812640556e-12
13.0,SingleKite,3.59375,4.265621156450897e-12
13.0,SingleKite,3.671875,2.857575219612991e-12
13.0,SingleKite,3.75,2.781412930671835e-12
13.0,SingleKite,3.828125,2.930112744841906e-12
13.0,SingleKite,3.90625,3.738054887015925e-12
13.0,SingleKite,3.984375,4.140803033190972e-12
13.0,SingleKite,4.0625,1.7524294312720957e-12
13.0,SingleKite,4.140625,2.7849615129723318e-12
13.0,SingleKite,4.21875,3.5098988877438535e-12
13.0,SingleKite,4.296875,1.909331032502923e-12
13.0,SingleKite,4.375,1.1564176760663397e-12
13.0,SingleKite,4.453125,9.832488888981792e-13
13.0,SingleKite,4.53125,1.3253755614159219e-12
13.0,SingleKite,4.609375,1.713090640982431e-12
13.0,SingleKite,4.6875,1.2492645955204291e-12
13.0,SingleKite,4.765625,6.491325477525175e-13
13.0,SingleKite,4.84375,1.8321579776304147e-12
13.0,SingleKite,4.921875,1.0134671025126139e-12
13.0,SingleKite,5.0,1.2129711267665798e-12
13.0,SingleKite,5.078125,1.097152707877987e-12
13.0,SingleKite,5.15625,1.534498857264827e-12
13.0,SingleKite,5.234375,1.1121338031126364e-12
13.0,SingleKite,5.3125,7.245006094724292e-13
13.0,SingleKite,5.390625,1.0994529658702568e-12
13.0,SingleKite,5.46875,1.6142230915619366e-12
13.0,SingleKite,5.546875,1.1245545379608413e-12
13.0,SingleKite,5.625,8.188559888446572e-13
13.0,SingleKite,5.703125,5.923842139556975e-13
13.0,SingleKite,5.78125,5.518137810505505e-13
13.0,SingleKite,5.859375,4.713062760387074e-13
13.0,SingleKite,5.9375,2.626484558869437e-13
13.0,SingleKite,6.015625,4.709731309008605e-13
13.0,SingleKite,6.09375,5.168880484094879e-13
13.0,SingleKite,6.171875,3.934705769059508e-13
13.0,SingleKite,6.25,2.983220135098771e-13
13.0,SingleKite,6.328125,3.780228418325767e-13
13.0,SingleKite,6.40625,3.3411743333453773e-13
13.0,SingleKite,6.484375,4.141526264610522e-13
13.0,SingleKite,6.5625,4.021898011841318e-13
13.0,SingleKite,6.640625,3.048300827158729e-13
13.0,SingleKite,6.71875,3.712249564008128e-13
13.0,SingleKite,6.796875,4.2666171391802597e-13
13.0,SingleKite,6.875,3.7817557353837355e-13
13.0,SingleKite,6.953125,3.622264670947847e-13
13.0,SingleKite,7.03125,3.884012511162141e-13
13.0,SingleKite,7.109375,3.7592854692147485e-13
13.0,SingleKite,7.1875,3.492376481112771e-13
13.0,SingleKite,7.265625,4.940896529156174e-13
13.0,SingleKite,7.34375,3.9706915153752747e-13
13.0,SingleKite,7.421875,3.0021568698283424e-13
13.0,SingleKite,7.5,3.5008792679420285e-13
13.0,SingleKite,7.578125,2.713135429233806e-13
13.0,SingleKite,7.65625,7.364314201597887e-13
13.0,SingleKite,7.734375,1.2198502483013687e-12
13.0,SingleKite,7.8125,3.688245169443266e-12
13.0,SingleKite,7.890625,6.885096571642801e-12
13.0,SingleKite,7.96875,6.622271157006484e-12
13.0,SingleKite,8.046875,1.2384709620764799e-11
13.0,SingleKite,8.125,1.477312143214323e-11
13.0,SingleKite,8.203125,5.780625588886299e-12
13.0,SingleKite,8.28125,2.751688874814742e-12
13.0,SingleKite,8.359375,3.3248273024363747e-13
13.0,SingleKite,8.4375,5.937991955143534e-13
13.0,SingleKite,8.515625,3.721250458381537e-13
13.0,SingleKite,8.59375,1.5153351865910722e-13
13.0,SingleKite,8.671875,2.2223027737566874e-13
13.0,SingleKite,8.75,1.754233069567209e-13
13.0,SingleKite,8.828125,2.70288049554971e-13
13.0,SingleKite,8.90625,3.43628904831305e-13
13.0,SingleKite,8.984375,2.1073571250822119e-13
13.0,SingleKite,9.0625,3.393292037859923e-13
13.0,SingleKite,9.140625,4.739893595291293e-13
13.0,SingleKite,9.21875,5.705753795882263e-13
13.0,SingleKite,9.296875,2.6201399048088795e-13
13.0,SingleKite,9.375,1.0395192711375463e-13
13.0,SingleKite,9.453125,6.661680235874499e-14
13.0,SingleKite,9.53125,8.160568978038207e-14
13.0,SingleKite,9.609375,7.32168514739897e-14
13.0,SingleKite,9.6875,8.951132523434707e-14
13.0,SingleKite,9.765625,6.527697143191983e-14
13.0,SingleKite,9.84375,7.759562229690469e-14
13.0,SingleKite,9.921875,1.4023442248515024e-13
13.0,SingleKite,-10.0,6.172624729159718e-14
13.0,StackĂ—3,0.0,1.4284230825777757e-5
13.0,StackĂ—3,0.078125,0.00014123980728305196
13.0,StackĂ—3,0.15625,1.2402063520091186e-5
13.0,StackĂ—3,0.234375,8.415391171486852e-7
13.0,StackĂ—3,0.3125,2.774812369828444e-7
13.0,StackĂ—3,0.390625,8.343324085840246e-8
13.0,StackĂ—3,0.46875,2.36425021946214e-8
13.0,StackĂ—3,0.546875,1.2540607986242422e-8
13.0,StackĂ—3,0.625,5.573140228415744e-9
13.0,StackĂ—3,0.703125,2.2293412135888388e-9
13.0,StackĂ—3,0.78125,1.8128326607777902e-9
13.0,StackĂ—3,0.859375,1.83931419329058e-9
13.0,StackĂ—3,0.9375,1.172205379711464e-9
13.0,StackĂ—3,1.015625,6.690837364352331e-10
13.0,StackĂ—3,1.09375,2.375872223784158e-10
13.0,StackĂ—3,1.171875,1.8312689477152438e-10
13.0,StackĂ—3,1.25,1.2149205302638076e-10
13.0,StackĂ—3,1.328125,2.1775131022952441e-10
13.0,StackĂ—3,1.40625,1.9193546177303647e-10
13.0,StackĂ—3,1.484375,2.3651169717923674e-10
13.0,StackĂ—3,1.5625,1.708811750543163e-10
13.0,StackĂ—3,1.640625,1.820033596096372e-10
13.0,StackĂ—3,1.71875,1.7551008663327697e-10
13.0,StackĂ—3,1.796875,6.347138970602443e-11
13.0,StackĂ—3,1.875,4.3794590955674233e-11
13.0,StackĂ—3,1.953125,5.420698346016661e-11
13.0,StackĂ—3,2.03125,6.30689750982131e-11
13.0,StackĂ—3,2.109375,5.738859343514624e-11
13.0,StackĂ—3,2.1875,3.58853584998277e-11
13.0,StackĂ—3,2.265625,5.19475021483866e-11
13.0,StackĂ—3,2.34375,3.777797825393359e-11
13.0,StackĂ—3,2.421875,2.701681762617216e-11
13.0,StackĂ—3,2.5,3.3952126579951755e-11
13.0,StackĂ—3,2.578125,2.9371449871305044e-11
13.0,StackĂ—3,2.65625,2.3166393336310532e-11
13.0,StackĂ—3,2.734375,1.738181259488735e-11
13.0,StackĂ—3,2.8125,8.93054355414577e-12
13.0,StackĂ—3,2.890625,8.7086098978804e-12
13.0,StackĂ—3,2.96875,1.382207889843354e-11
13.0,StackĂ—3,3.046875,1.06788978117823e-11
13.0,StackĂ—3,3.125,7.908633846046852e-12
13.0,StackĂ—3,3.203125,1.1924895993208227e-11
13.0,StackĂ—3,3.28125,1.3009354069268558e-11
13.0,StackĂ—3,3.359375,6.721292811705368e-12
13.0,StackĂ—3,3.4375,4.797336449469333e-12
13.0,StackĂ—3,3.515625,4.888372873111661e-12
13.0,StackĂ—3,3.59375,4.3325357503228206e-12
13.0,StackĂ—3,3.671875,2.7898458981414903e-12
13.0,StackĂ—3,3.75,2.7526840172333745e-12
13.0,StackĂ—3,3.828125,2.893878945914894e-12
13.0,StackĂ—3,3.90625,3.817140579418697e-12
13.0,StackĂ—3,3.984375,4.2044373914271275e-12
13.0,StackĂ—3,4.0625,1.7344723139236026e-12
13.0,StackĂ—3,4.140625,2.7839548778607784e-12
13.0,StackĂ—3,4.21875,3.4616065560096605e-12
13.0,StackĂ—3,4.296875,1.8408689553568505e-12
13.0,StackĂ—3,4.375,1.1338779561811407e-12
13.0,StackĂ—3,4.453125,9.77478480593137e-13
13.0,StackĂ—3,4.53125,1.3386032939407336e-12
13.0,StackĂ—3,4.609375,1.688917635226428e-12
13.0,StackĂ—3,4.6875,1.2388536851944229e-12
13.0,StackĂ—3,4.765625,6.468713768800203e-13
13.0,StackĂ—3,4.84375,1.8221714294992043e-12
13.0,StackĂ—3,4.921875,1.017212655092915e-12
13.0,StackĂ—3,5.0,1.2179196954316177e-12
13.0,StackĂ—3,5.078125,1.1006861109961616e-12
13.0,StackĂ—3,5.15625,1.5372914014024064e-12
13.0,StackĂ—3,5.234375,1.116129981399224e-12
13.0,StackĂ—3,5.3125,7.197050200808524e-13
13.0,StackĂ—3,5.390625,1.1053899484836773e-12
13.0,StackĂ—3,5.46875,1.6423097411097836e-12
13.0,StackĂ—3,5.546875,1.1350022074240748e-12
13.0,StackĂ—3,5.625,8.233180450363967e-13
13.0,StackĂ—3,5.703125,5.855347942740945e-13
13.0,StackĂ—3,5.78125,5.503877602728531e-13
13.0,StackĂ—3,5.859375,4.71323076900342e-13
13.0,StackĂ—3,5.9375,2.6395712657251116e-13
13.0,StackĂ—3,6.015625,4.718571375677076e-13
13.0,StackĂ—3,6.09375,5.179634506590943e-13
13.0,StackĂ—3,6.171875,3.931323176689318e-13
13.0,StackĂ—3,6.25,2.9629246549262117e-13
13.0,StackĂ—3,6.328125,3.769136810155991e-13
13.0,StackĂ—3,6.40625,3.3466732587311766e-13
13.0,StackĂ—3,6.484375,4.1378663963290285e-13
13.0,StackĂ—3,6.5625,4.032619319124895e-13
13.0,StackĂ—3,6.640625,3.0291717436268644e-13
13.0,StackĂ—3,6.71875,3.7198176483430304e-13
13.0,StackĂ—3,6.796875,4.3039041223066767e-13
13.0,StackĂ—3,6.875,3.7923449611949396e-13
13.0,StackĂ—3,6.953125,3.6226606778721587e-13
13.0,StackĂ—3,7.03125,3.8970424434349413e-13
13.0,StackĂ—3,7.109375,3.811077509702788e-13
13.0,StackĂ—3,7.1875,3.549553122473908e-13
13.0,StackĂ—3,7.265625,4.889550633497806e-13
13.0,StackĂ—3,7.34375,3.7577589822003737e-13
13.0,StackĂ—3,7.421875,3.0010474058443207e-13
13.0,StackĂ—3,7.5,3.5304973737804094e-13
13.0,StackĂ—3,7.578125,2.811216008102535e-13
13.0,StackĂ—3,7.65625,7.281979785973379e-13
13.0,StackĂ—3,7.734375,1.201142580281929e-12
13.0,StackĂ—3,7.8125,3.698196884233105e-12
13.0,StackĂ—3,7.890625,6.8855041617260325e-12
13.0,StackĂ—3,7.96875,6.582627700786873e-12
13.0,StackĂ—3,8.046875,1.2327356180225873e-11
13.0,StackĂ—3,8.125,1.4725173396585776e-11
13.0,StackĂ—3,8.203125,5.802153884449046e-12
13.0,StackĂ—3,8.28125,2.757444346868781e-12
13.0,StackĂ—3,8.359375,3.236483517542079e-13
13.0,StackĂ—3,8.4375,5.712791346179483e-13
13.0,StackĂ—3,8.515625,3.5956122448643987e-13
13.0,StackĂ—3,8.59375,1.495990454072896e-13
13.0,StackĂ—3,8.671875,2.2856091906487557e-13
13.0,StackĂ—3,8.75,1.6573702424080737e-13
13.0,StackĂ—3,8.828125,2.846108403528551e-13
13.0,StackĂ—3,8.90625,3.5772234382655536e-13
13.0,StackĂ—3,8.984375,2.0177692408449702e-13
13.0,StackĂ—3,9.0625,3.303804803690489e-13
13.0,StackĂ—3,9.140625,4.697968828611787e-13
13.0,StackĂ—3,9.21875,5.5972473798344e-13
13.0,StackĂ—3,9.296875,2.5950715496673217e-13
13.0,StackĂ—3,9.375,1.040851408986146e-13
13.0,StackĂ—3,9.453125,6.604335318858376e-14
13.0,StackĂ—3,9.53125,7.747455202752587e-14
13.0,StackĂ—3,9.609375,7.009974690273397e-14
13.0,StackĂ—3,9.6875,8.93131175688212e-14
13.0,StackĂ—3,9.765625,6.528633830048242e-14
13.0,StackĂ—3,9.84375,7.84184412116024e-14
13.0,StackĂ—3,9.921875,1.4126979480436677e-13
13.0,StackĂ—3,-10.0,6.123456031224953e-14
13.0,RotaryLifter,0.0,1.8328413100015856e-5
13.0,RotaryLifter,0.078125,0.00016787473542380243
13.0,RotaryLifter,0.15625,1.403550763226716e-5
13.0,RotaryLifter,0.234375,6.251532109610093e-7
13.0,RotaryLifter,0.3125,1.0516938247368089e-7
13.0,RotaryLifter,0.390625,3.6432331353793414e-8
13.0,RotaryLifter,0.46875,1.6652370147634446e-8
13.0,RotaryLifter,0.546875,2.8515075886781873e-9
13.0,RotaryLifter,0.625,1.533727735824118e-9
13.0,RotaryLifter,0.703125,1.0979669243722472e-9
13.0,RotaryLifter,0.78125,5.984442765031058e-10
13.0,RotaryLifter,0.859375,4.844343703172642e-10
13.0,RotaryLifter,0.9375,4.2468146080441946e-10
13.0,RotaryLifter,1.015625,1.3889309590653725e-10
13.0,RotaryLifter,1.09375,1.6449642930438124e-10
13.0,RotaryLifter,1.171875,3.020307123790038e-11
13.0,RotaryLifter,1.25,3.338654042995692e-11
13.0,RotaryLifter,1.328125,6.50345228615369e-11
13.0,RotaryLifter,1.40625,6.46593556306635e-11
13.0,RotaryLifter,1.484375,5.901414916438679e-11
13.0,RotaryLifter,1.5625,5.3310962342463353e-11
13.0,RotaryLifter,1.640625,5.155756372148687e-11
13.0,RotaryLifter,1.71875,3.9424046153426165e-11
13.0,RotaryLifter,1.796875,2.0930154719594162e-11
13.0,RotaryLifter,1.875,1.3027453757127907e-11
13.0,RotaryLifter,1.953125,1.0359265602853337e-11
13.0,RotaryLifter,2.03125,1.7580419420712537e-11
13.0,RotaryLifter,2.109375,9.344307071513797e-12
13.0,RotaryLifter,2.1875,1.0705016537994233e-11
13.0,RotaryLifter,2.265625,1.1639835012678273e-11
13.0,RotaryLifter,2.34375,1.12892948073791e-11
13.0,RotaryLifter,2.421875,6.082870253782179e-12
13.0,RotaryLifter,2.5,1.0545291111860701e-11
13.0,RotaryLifter,2.578125,6.836835349462985e-12
13.0,RotaryLifter,2.65625,5.866147889708182e-12
13.0,RotaryLifter,2.734375,4.687913418866055e-12
13.0,RotaryLifter,2.8125,2.1196253821128054e-12
13.0,RotaryLifter,2.890625,2.2618638646859896e-12
13.0,RotaryLifter,2.96875,3.276798862567971e-12
13.0,RotaryLifter,3.046875,2.66579445903012e-12
13.0,RotaryLifter,3.125,1.83203237642615e-12
13.0,RotaryLifter,3.203125,3.3046326866077397e-12
13.0,RotaryLifter,3.28125,2.7678277980144457e-12
13.0,RotaryLifter,3.359375,1.9051292252974465e-12
13.0,RotaryLifter,3.4375,1.3524953963329414e-12
13.0,RotaryLifter,3.515625,1.1463402157759677e-12
13.0,RotaryLifter,3.59375,1.201033305825002e-12
13.0,RotaryLifter,3.671875,6.40728304901085e-13
13.0,RotaryLifter,3.75,6.584600527675526e-13
13.0,RotaryLifter,3.828125,7.676068865991406e-13
13.0,RotaryLifter,3.90625,9.167152013839433e-13
13.0,RotaryLifter,3.984375,9.898175696808126e-13
13.0,RotaryLifter,4.0625,3.6643629973227514e-13
13.0,RotaryLifter,4.140625,7.181559489875774e-13
13.0,RotaryLifter,4.21875,8.724342593310734e-13
13.0,RotaryLifter,4.296875,4.776700101279394e-13
13.0,RotaryLifter,4.375,2.873694478036127e-13
13.0,RotaryLifter,4.453125,2.750544656701985e-13
13.0,RotaryLifter,4.53125,3.216478761406361e-13
13.0,RotaryLifter,4.609375,5.184788117808658e-13
13.0,RotaryLifter,4.6875,2.6989963822209963e-13
13.0,RotaryLifter,4.765625,1.618591886152771e-13
13.0,RotaryLifter,4.84375,5.31962527659809e-13
13.0,RotaryLifter,4.921875,2.4283548999539224e-13
13.0,RotaryLifter,5.0,2.5283954777390804e-13
13.0,RotaryLifter,5.078125,2.698664723229259e-13
13.0,RotaryLifter,5.15625,4.381271793087292e-13
13.0,RotaryLifter,5.234375,2.7824978407796156e-13
13.0,RotaryLifter,5.3125,1.888806478340353e-13
13.0,RotaryLifter,5.390625,2.7039182112197076e-13
13.0,RotaryLifter,5.46875,4.118877507717403e-13
13.0,RotaryLifter,5.546875,2.8242940998690625e-13
13.0,RotaryLifter,5.625,2.2306474357755243e-13
13.0,RotaryLifter,5.703125,1.5851534926803417e-13
13.0,RotaryLifter,5.78125,1.4901495835337123e-13
13.0,RotaryLifter,5.859375,1.215033302255909e-13
13.0,RotaryLifter,5.9375,7.160352277146866e-14
13.0,RotaryLifter,6.015625,1.1740984996440068e-13
13.0,RotaryLifter,6.09375,1.4466753092391847e-13
13.0,RotaryLifter,6.171875,9.659598106867372e-14
13.0,RotaryLifter,6.25,8.09820592817062e-14
13.0,RotaryLifter,6.328125,9.45148814193485e-14
13.0,RotaryLifter,6.40625,9.371822914773549e-14
13.0,RotaryLifter,6.484375,1.0080847344841552e-13
13.0,RotaryLifter,6.5625,1.0058835710960627e-13
13.0,RotaryLifter,6.640625,7.464280069651326e-14
13.0,RotaryLifter,6.71875,9.386406323030587e-14
13.0,RotaryLifter,6.796875,1.0694660642414501e-13
13.0,RotaryLifter,6.875,9.567890711218892e-14
13.0,RotaryLifter,6.953125,8.99686158911251e-14
13.0,RotaryLifter,7.03125,8.536804796678752e-14
13.0,RotaryLifter,7.109375,9.10146593959164e-14
13.0,RotaryLifter,7.1875,9.138899148969036e-14
13.0,RotaryLifter,7.265625,7.417651073174306e-14
13.0,RotaryLifter,7.34375,8.058840931350484e-14
13.0,RotaryLifter,7.421875,9.038493018008045e-14
13.0,RotaryLifter,7.5,7.448611955933782e-14
13.0,RotaryLifter,7.578125,3.70474660742483e-14
13.0,RotaryLifter,7.65625,3.634952962059974e-14
13.0,RotaryLifter,7.734375,3.286967892712811e-14
13.0,RotaryLifter,7.8125,2.1241236369437854e-14
13.0,RotaryLifter,7.890625,4.4510325290622734e-14
13.0,RotaryLifter,7.96875,6.329695453511097e-14
13.0,RotaryLifter,8.046875,4.933927418807469e-14
13.0,RotaryLifter,8.125,1.900786375792126e-14
13.0,RotaryLifter,8.203125,2.771179766016799e-14
13.0,RotaryLifter,8.28125,1.8868554654138767e-14
13.0,RotaryLifter,8.359375,2.7137903061033434e-14
13.0,RotaryLifter,8.4375,3.964592704254824e-14
13.0,RotaryLifter,8.515625,3.230719466265792e-14
13.0,RotaryLifter,8.59375,4.647136529219095e-14
13.0,RotaryLifter,8.671875,3.0725344761937686e-14
13.0,RotaryLifter,8.75,2.5075417501794962e-14
13.0,RotaryLifter,8.828125,3.921224927529355e-14
13.0,RotaryLifter,8.90625,3.959508038530419e-14
13.0,RotaryLifter,8.984375,2.5043452282965653e-14
13.0,RotaryLifter,9.0625,2.8929400376332415e-14
13.0,RotaryLifter,9.140625,1.2940479174467626e-14
13.0,RotaryLifter,9.21875,2.0601585760308726e-14
13.0,RotaryLifter,9.296875,2.993960734879544e-14
13.0,RotaryLifter,9.375,2.4513037611316207e-14
13.0,RotaryLifter,9.453125,2.094372080047219e-14
13.0,RotaryLifter,9.53125,2.1227442777578867e-14
13.0,RotaryLifter,9.609375,1.9690764723897327e-14
13.0,RotaryLifter,9.6875,2.5732886565521842e-14
13.0,RotaryLifter,9.765625,1.8814728523549664e-14
13.0,RotaryLifter,9.84375,2.1639431329841117e-14
13.0,RotaryLifter,9.921875,3.80596340185791e-14
13.0,RotaryLifter,-10.0,1.6136705933573448e-14
13.0,NoLift,0.0,1.6498464519325983e-5
13.0,NoLift,0.078125,0.000274458666001851
13.0,NoLift,0.15625,1.8745437061834513e-5
13.0,NoLift,0.234375,1.0381996073599335e-6
13.0,NoLift,0.3125,1.4939111670952164e-7
13.0,NoLift,0.390625,4.887458365572499e-8
13.0,NoLift,0.46875,2.173532203812064e-8
13.0,NoLift,0.546875,3.9824521805139375e-9
13.0,NoLift,0.625,2.022083003630243e-9
13.0,NoLift,0.703125,1.4582913851703878e-9
13.0,NoLift,0.78125,7.768180898526268e-10
13.0,NoLift,0.859375,5.311934770001867e-10
13.0,NoLift,0.9375,4.813430841243678e-10
13.0,NoLift,1.015625,1.5713379491487627e-10
13.0,NoLift,1.09375,2.030979496289989e-10
13.0,NoLift,1.171875,3.68414857191883e-11
13.0,NoLift,1.25,4.0387900428113024e-11
13.0,NoLift,1.328125,6.711290196511619e-11
13.0,NoLift,1.40625,7.062574644458265e-11
13.0,NoLift,1.484375,5.742515129619839e-11
13.0,NoLift,1.5625,5.390128307330778e-11
13.0,NoLift,1.640625,5.1339464169842444e-11
13.0,NoLift,1.71875,3.5859277735094403e-11
13.0,NoLift,1.796875,2.211255662126334e-11
13.0,NoLift,1.875,1.3833223129342901e-11
13.0,NoLift,1.953125,9.2904052406741e-12
13.0,NoLift,2.03125,1.7739790557035503e-11
13.0,NoLift,2.109375,8.119665124781679e-12
13.0,NoLift,2.1875,1.119167350970032e-11
13.0,NoLift,2.265625,1.094818631890697e-11
13.0,NoLift,2.34375,1.1029802940188873e-11
13.0,NoLift,2.421875,5.4055821400888484e-12
13.0,NoLift,2.5,1.051917763609115e-11
13.0,NoLift,2.578125,6.17182003231252e-12
13.0,NoLift,2.65625,5.45138813170489e-12
13.0,NoLift,2.734375,4.564800240591851e-12
13.0,NoLift,2.8125,2.010178928276299e-12
13.0,NoLift,2.890625,2.2365445321297785e-12
13.0,NoLift,2.96875,3.076960244319839e-12
13.0,NoLift,3.046875,2.593557762445188e-12
13.0,NoLift,3.125,1.6970931688247748e-12
13.0,NoLift,3.203125,3.196143705772472e-12
13.0,NoLift,3.28125,2.4598873520103926e-12
13.0,NoLift,3.359375,1.8328203502961396e-12
13.0,NoLift,3.4375,1.3168511593825488e-12
13.0,NoLift,3.515625,1.0559328165017515e-12
13.0,NoLift,3.59375,1.1694183364145045e-12
13.0,NoLift,3.671875,5.994321168177159e-13
13.0,NoLift,3.75,6.401514265729192e-13
13.0,NoLift,3.828125,7.10120143705147e-13
13.0,NoLift,3.90625,8.227611921872846e-13
13.0,NoLift,3.984375,9.226247306023643e-13
13.0,NoLift,4.0625,3.5198681576203726e-13
13.0,NoLift,4.140625,6.892244360370967e-13
13.0,NoLift,4.21875,7.960083627646936e-13
13.0,NoLift,4.296875,4.643457918337192e-13
13.0,NoLift,4.375,2.76837566394862e-13
13.0,NoLift,4.453125,2.6805914624506726e-13
13.0,NoLift,4.53125,2.9383946473626656e-13
13.0,NoLift,4.609375,4.960603219003111e-13
13.0,NoLift,4.6875,2.3986413651443916e-13
13.0,NoLift,4.765625,1.5350192134982553e-13
13.0,NoLift,4.84375,5.156426186258178e-13
13.0,NoLift,4.921875,2.2471006970315097e-13
13.0,NoLift,5.0,2.2428586758169698e-13
13.0,NoLift,5.078125,2.527550824641502e-13
13.0,NoLift,5.15625,4.2120370473304086e-13
13.0,NoLift,5.234375,2.5788733006864033e-13
13.0,NoLift,5.3125,1.8186614539205763e-13
13.0,NoLift,5.390625,2.497873034234079e-13
13.0,NoLift,5.46875,3.845944533712979e-13
13.0,NoLift,5.546875,2.6518757067200067e-13
13.0,NoLift,5.625,2.1048419735271473e-13
13.0,NoLift,5.703125,1.499662626814872e-13
13.0,NoLift,5.78125,1.4102313274764213e-13
13.0,NoLift,5.859375,1.1362611848565877e-13
13.0,NoLift,5.9375,6.947062439737396e-14
13.0,NoLift,6.015625,1.0885281709762772e-13
13.0,NoLift,6.09375,1.3793110018439075e-13
13.0,NoLift,6.171875,8.923035633974243e-14
13.0,NoLift,6.25,7.76014319522006e-14
13.0,NoLift,6.328125,8.770476708190941e-14
13.0,NoLift,6.40625,9.028842116027826e-14
13.0,NoLift,6.484375,9.36970298217099e-14
13.0,NoLift,6.5625,9.577185262816913e-14
13.0,NoLift,6.640625,6.974800686231283e-14
13.0,NoLift,6.71875,8.886488028591783e-14
13.0,NoLift,6.796875,1.0134952926219754e-13
13.0,NoLift,6.875,9.033612881011648e-14
13.0,NoLift,6.953125,8.460489472864084e-14
13.0,NoLift,7.03125,7.785033724951948e-14
13.0,NoLift,7.109375,8.43204620235768e-14
13.0,NoLift,7.1875,8.630558950630083e-14
13.0,NoLift,7.265625,6.853617418041519e-14
13.0,NoLift,7.34375,7.407766631738283e-14
13.0,NoLift,7.421875,8.296027179789224e-14
13.0,NoLift,7.5,7.045631147569122e-14
13.0,NoLift,7.578125,3.600207296861533e-14
13.0,NoLift,7.65625,3.660893003492916e-14
13.0,NoLift,7.734375,3.257662381089727e-14
13.0,NoLift,7.8125,2.6095002608557334e-14
13.0,NoLift,7.890625,4.6351457449783916e-14
13.0,NoLift,7.96875,4.8565670076563645e-14
13.0,NoLift,8.046875,3.807576834838732e-14
13.0,NoLift,8.125,1.7419657733194173e-14
13.0,NoLift,8.203125,2.0320172322375635e-14
13.0,NoLift,8.28125,1.506423722075519e-14
13.0,NoLift,8.359375,2.5627317361405893e-14
13.0,NoLift,8.4375,3.72668028474984e-14
13.0,NoLift,8.515625,3.003491019612736e-14
13.0,NoLift,8.59375,4.5064231743262714e-14
13.0,NoLift,8.671875,2.9013346609762625e-14
13.0,NoLift,8.75,2.3873663679639554e-14
13.0,NoLift,8.828125,3.6833365337617964e-14
13.0,NoLift,8.90625,3.7040799870306553e-14
13.0,NoLift,8.984375,2.3336197264798087e-14
13.0,NoLift,9.0625,2.692443541995067e-14
13.0,NoLift,9.140625,1.2203015754220994e-14
13.0,NoLift,9.21875,1.9307828264933137e-14
13.0,NoLift,9.296875,2.829982076540755e-14
13.0,NoLift,9.375,2.3223593699230666e-14
13.0,NoLift,9.453125,1.9828299804722925e-14
13.0,NoLift,9.53125,1.9978389593672102e-14
13.0,NoLift,9.609375,1.8571017761551027e-14
13.0,NoLift,9.6875,2.4262644338934958e-14
13.0,NoLift,9.765625,1.7669857561077255e-14
13.0,NoLift,9.84375,2.033342906703132e-14
13.0,NoLift,9.921875,3.5541181952713223e-14
13.0,NoLift,-10.0,1.4940681387863467e-14
