island,iteration,Do_top_m,t_over_D,beam_aspect,Do_scale_exp,r_hub_m,r_bottom_m,target_Lr,n_lines,density_profile,rotor_mask_proxy,bank_top,bank_bottom,lambda_top,lambda_bottom
1,1,0.027910150584290853,0.015,0.8351438879725785,0.9504655017587447,0.2,0.9486832980505138,1.731572790920719,6.5594643444174565,-0.12782806828675436,0.0,0.20555304809684394,15.151962385972354,0.45994261604803977,0.5378062174110154
1,2,0.027910150584290853,0.015,0.8351438879725785,0.9504655017587447,0.2,0.9486832980505138,1.731572790920719,6.5594643444174565,-0.12782806828675436,0.0,0.20555304809684394,15.151962385972354,0.45994261604803977,0.5378062174110154
1,3,0.016190842818894824,0.008003783201016938,0.44,0.7497186514189288,0.2,0.8229607891223647,4.183199999999999,11.941824378721622,-0.09070270286678783,17.16358010677242,0.0,13.743642795811468,0.7795455434230165,1.0
1,4,0.016190842818894824,0.008003783201016938,0.44,0.7497186514189288,0.2,0.8229607891223647,4.183199999999999,11.941824378721622,-0.09070270286678783,17.16358010677242,0.0,13.743642795811468,0.7795455434230165,1.0
1,5,0.00953061640099994,0.005,0.9668719696833824,0.4,0.2,0.31622776601683794,1.0,13.399240529718778,-0.27443955890256366,15.778186243300627,20.56344602844683,3.3368941875756764,0.10379999999999998,0.786874698035073
1,6,0.00953061640099994,0.005,0.9668719696833824,0.4,0.2,0.31622776601683794,1.0,13.399240529718778,-0.27443955890256366,15.778186243300627,20.56344602844683,3.3368941875756764,0.10379999999999998,0.786874698035073
1,7,0.009486832980505138,0.005,0.7525448945229192,0.4,0.20804347720579244,0.31622776601683794,2.677689574195475,15.303930703320804,-0.8,19.0,15.958366085851175,10.16901107810409,0.49990458543288985,0.1147997142594945
1,8,0.009486832980505138,0.005,0.7525448945229192,0.4,0.20804347720579244,0.31622776601683794,2.677689574195475,15.303930703320804,-0.8,19.0,15.958366085851175,10.16901107810409,0.49990458543288985,0.1147997142594945
1,9,0.009486832980505138,0.005,0.7525448945229192,0.4,0.20804347720579244,0.31622776601683794,2.677689574195475,15.303930703320804,-0.8,19.0,15.958366085851175,10.16901107810409,0.49990458543288985,0.1147997142594945
1,10,0.010703465043120027,0.009212361692359108,0.44,1.2431141565011974,0.2,0.9486832980505138,4.183199999999999,16.0,-0.1085076137944532,13.984624604297716,6.156014025497866,0.0,0.9131706301180212,0.09620107792126698
1,11,0.010703465043120027,0.009212361692359108,0.44,1.2431141565011974,0.2,0.9486832980505138,4.183199999999999,16.0,-0.1085076137944532,13.984624604297716,6.156014025497866,0.0,0.9131706301180212,0.09620107792126698
1,12,0.009489293580160872,0.0058885474450542565,0.6944952274531679,0.4,0.2,0.31622776601683794,2.6471623688072174,15.555063331966704,-0.21599740475942525,19.0,22.0,0.0,1.0,0.8839678285769106
1,13,0.009489293580160872,0.006687199779321869,0.6027841238292371,0.7140705854481244,0.2,0.31622776601683794,3.5710217401978994,16.0,0.41955512084304775,12.135228776078293,5.325974196749559,0.0,1.0,0.8839678285769106
1,14,0.009489293580160872,0.006687199779321869,0.6027841238292371,0.7140705854481244,0.2,0.31622776601683794,3.5710217401978994,16.0,0.41955512084304775,12.135228776078293,5.325974196749559,0.0,1.0,0.8839678285769106
1,15,0.009489293580160872,0.006687199779321869,0.6027841238292371,0.7140705854481244,0.2,0.31622776601683794,3.5710217401978994,16.0,0.41955512084304775,12.135228776078293,5.325974196749559,0.0,1.0,0.8839678285769106
1,16,0.009489293580160872,0.006687199779321869,0.6027841238292371,0.7140705854481244,0.2,0.31622776601683794,3.5710217401978994,16.0,0.41955512084304775,12.135228776078293,5.325974196749559,0.0,1.0,0.8839678285769106
1,17,0.009489293580160872,0.006687199779321869,0.6027841238292371,0.7140705854481244,0.2,0.31622776601683794,3.5710217401978994,16.0,0.41955512084304775,12.135228776078293,5.325974196749559,0.0,1.0,0.8839678285769106
1,18,0.009927024700160355,0.005919142123865347,0.5209325526627119,1.0142822844069994,0.20001804285948183,0.4470897311804487,2.2615866919982905,16.0,0.1143759321293471,13.984624604297716,0.0,0.0,0.10379999999999998,0.09620107792126698
1,19,0.009489293580160872,0.006574531703986129,0.5121057161354811,0.9064859223634332,0.2,0.5626006754056672,4.1586984546391,16.0,0.5312751846764392,4.570812623718895,13.437774739526427,3.541076732172251,0.9491418523641876,0.795622463531908
1,20,0.009489293580160872,0.006574531703986129,0.5121057161354811,0.9064859223634332,0.2,0.5626006754056672,4.1586984546391,16.0,0.5312751846764392,4.570812623718895,13.437774739526427,3.541076732172251,0.9491418523641876,0.795622463531908
1,21,0.009489293580160872,0.006574531703986129,0.5121057161354811,0.9064859223634332,0.2,0.5626006754056672,4.1586984546391,16.0,0.5312751846764392,4.570812623718895,13.437774739526427,3.541076732172251,0.9491418523641876,0.795622463531908
1,22,0.009489293580160872,0.006574531703986129,0.5121057161354811,0.9064859223634332,0.2,0.5626006754056672,4.1586984546391,16.0,0.5312751846764392,4.570812623718895,13.437774739526427,3.541076732172251,0.9491418523641876,0.795622463531908
1,23,0.009489293580160872,0.006574531703986129,0.5121057161354811,0.9064859223634332,0.2,0.5626006754056672,4.1586984546391,16.0,0.5312751846764392,4.570812623718895,13.437774739526427,3.541076732172251,0.9491418523641876,0.795622463531908
1,24,0.009489293580160872,0.006574531703986129,0.5121057161354811,0.9064859223634332,0.2,0.5626006754056672,4.1586984546391,16.0,0.5312751846764392,4.570812623718895,13.437774739526427,3.541076732172251,0.9491418523641876,0.795622463531908
1,25,0.009489293580160872,0.006574531703986129,0.5121057161354811,0.9064859223634332,0.2,0.5626006754056672,4.1586984546391,16.0,0.5312751846764392,4.570812623718895,13.437774739526427,3.541076732172251,0.9491418523641876,0.795622463531908
1,26,0.009489293580160872,0.006574531703986129,0.5121057161354811,0.9064859223634332,0.2,0.5626006754056672,4.1586984546391,16.0,0.5312751846764392,4.570812623718895,13.437774739526427,3.541076732172251,0.9491418523641876,0.795622463531908
1,27,0.009489293580160872,0.006574531703986129,0.5121057161354811,0.9064859223634332,0.2,0.5626006754056672,4.1586984546391,16.0,0.5312751846764392,4.570812623718895,13.437774739526427,3.541076732172251,0.9491418523641876,0.795622463531908
1,28,0.009489293580160872,0.006574531703986129,0.5121057161354811,0.9064859223634332,0.2,0.5626006754056672,4.1586984546391,16.0,0.5312751846764392,4.570812623718895,13.437774739526427,3.541076732172251,0.9491418523641876,0.795622463531908
1,29,0.009486832980505138,0.005,0.5174210129516347,1.3364970891012453,0.2,0.5946624187442467,2.7515590994991492,16.0,-0.019033548528044647,7.179664797484728,11.584478768402448,0.0,0.36266042436654805,0.2991011043383502
1,30,0.009486832980505138,0.005,0.5174210129516347,1.3364970891012453,0.2,0.5946624187442467,2.7515590994991492,16.0,-0.019033548528044647,7.179664797484728,11.584478768402448,0.0,0.36266042436654805,0.2991011043383502
1,31,0.009486832980505138,0.005,0.5174210129516347,1.3364970891012453,0.2,0.5946624187442467,2.7515590994991492,16.0,-0.019033548528044647,7.179664797484728,11.584478768402448,0.0,0.36266042436654805,0.2991011043383502
1,32,0.009486832980505138,0.005,0.5135791126137317,0.9929749364954771,0.20049904823976408,0.560761516732039,1.0,15.672653619507951,-0.18392477627959303,4.2887891223305274,13.564133205176299,1.0620252221535034,1.0,1.0
1,33,0.009486832980505138,0.005,0.5135791126137317,0.9929749364954771,0.20049904823976408,0.560761516732039,1.0,15.672653619507951,-0.18392477627959303,4.2887891223305274,13.564133205176299,1.0620252221535034,1.0,1.0
1,34,0.009486832980505138,0.005,0.5135791126137317,0.9929749364954771,0.20049904823976408,0.560761516732039,1.0,15.672653619507951,-0.18392477627959303,4.2887891223305274,13.564133205176299,1.0620252221535034,1.0,1.0
1,35,0.009486832980505138,0.005,0.5135791126137317,0.9929749364954771,0.20049904823976408,0.560761516732039,1.0,15.672653619507951,-0.18392477627959303,4.2887891223305274,13.564133205176299,1.0620252221535034,1.0,1.0
1,36,0.009486832980505138,0.005,0.5135791126137317,0.9929749364954771,0.20049904823976408,0.560761516732039,1.0,15.672653619507951,-0.18392477627959303,4.2887891223305274,13.564133205176299,1.0620252221535034,1.0,1.0
1,37,0.009486832980505138,0.005,0.5135791126137317,0.9929749364954771,0.20049904823976408,0.560761516732039,1.0,15.672653619507951,-0.18392477627959303,4.2887891223305274,13.564133205176299,1.0620252221535034,1.0,1.0
1,38,0.009486832980505138,0.005,0.5135791126137317,0.9929749364954771,0.20049904823976408,0.560761516732039,1.0,15.672653619507951,-0.18392477627959303,4.2887891223305274,13.564133205176299,1.0620252221535034,1.0,1.0
1,39,0.009486832980505138,0.005186264253453799,0.5132123103000981,1.3364970891012453,0.20008422578058502,0.5946624187442467,1.0,16.0,0.4222381210355529,0.0,20.81565462162734,0.0,0.4567009769597635,0.2991011043383502
1,40,0.009486832980505138,0.005186264253453799,0.5132123103000981,1.3364970891012453,0.20008422578058502,0.5946624187442467,1.0,16.0,0.4222381210355529,0.0,20.81565462162734,0.0,0.4567009769597635,0.2991011043383502
1,41,0.009486832980505138,0.005186264253453799,0.5132123103000981,1.3364970891012453,0.20008422578058502,0.5946624187442467,1.0,16.0,0.4222381210355529,0.0,20.81565462162734,0.0,0.4567009769597635,0.2991011043383502
1,42,0.009489293580160872,0.00501547783140878,0.5102663629655244,1.207638612731259,0.2,0.7725818173584466,2.5598663373105546,16.0,0.8,0.0,0.0,9.686057147181515,0.10379999999999998,0.07811043689472263
1,43,0.009489293580160872,0.00501547783140878,0.5102663629655244,1.207638612731259,0.2,0.7725818173584466,2.5598663373105546,16.0,0.8,0.0,0.0,9.686057147181515,0.10379999999999998,0.07811043689472263
1,44,0.009489293580160872,0.00501547783140878,0.5102663629655244,1.207638612731259,0.2,0.7725818173584466,2.5598663373105546,16.0,0.8,0.0,0.0,9.686057147181515,0.10379999999999998,0.07811043689472263
1,45,0.009489293580160872,0.00501547783140878,0.5102663629655244,1.207638612731259,0.2,0.7725818173584466,2.5598663373105546,16.0,0.8,0.0,0.0,9.686057147181515,0.10379999999999998,0.07811043689472263
1,46,0.009486832980505138,0.005,0.5100035821178156,0.4,0.2,0.9486832980505138,3.347478084782195,15.878219972651502,-0.5749257640497126,4.2866730607188,16.498919070349785,10.056147229856599,0.9278938951661778,0.3134098439065941
1,47,0.009486832980505138,0.005,0.5100035821178156,0.4,0.2,0.9486832980505138,3.347478084782195,15.878219972651502,-0.5749257640497126,4.2866730607188,16.498919070349785,10.056147229856599,0.9278938951661778,0.3134098439065941
1,48,0.009486832980505138,0.005010986740486416,0.5091856535742615,0.8186028774610773,0.2,0.679561319039866,2.139769623067781,15.984033338803359,0.24497397777186847,0.0,7.710073551344676,7.388632688213607,1.0,0.29559238791453446
1,49,0.009486832980505138,0.005010986740486416,0.5091856535742615,0.8186028774610773,0.2,0.679561319039866,2.139769623067781,15.984033338803359,0.24497397777186847,0.0,7.710073551344676,7.388632688213607,1.0,0.29559238791453446
1,50,0.009486832980505138,0.005010986740486416,0.5091856535742615,0.8186028774610773,0.2,0.679561319039866,2.139769623067781,15.984033338803359,0.24497397777186847,0.0,7.710073551344676,7.388632688213607,1.0,0.29559238791453446
1,51,0.009486832980505138,0.005010986740486416,0.5091856535742615,0.8186028774610773,0.2,0.679561319039866,2.139769623067781,15.984033338803359,0.24497397777186847,0.0,7.710073551344676,7.388632688213607,1.0,0.29559238791453446
1,52,0.009486832980505138,0.005010986740486416,0.5091856535742615,0.8186028774610773,0.2,0.679561319039866,2.139769623067781,15.984033338803359,0.24497397777186847,0.0,7.710073551344676,7.388632688213607,1.0,0.29559238791453446
1,53,0.009486832980505138,0.005010986740486416,0.5091856535742615,0.8186028774610773,0.2,0.679561319039866,2.139769623067781,15.984033338803359,0.24497397777186847,0.0,7.710073551344676,7.388632688213607,1.0,0.29559238791453446
1,54,0.009486832980505138,0.005010986740486416,0.5091856535742615,0.8186028774610773,0.2,0.679561319039866,2.139769623067781,15.984033338803359,0.24497397777186847,0.0,7.710073551344676,7.388632688213607,1.0,0.29559238791453446
1,55,0.009486832980505138,0.005021737930799579,0.5089376697109347,1.6,0.2,0.8011474463311652,3.5492918837987517,16.0,-0.8,0.0,21.146894942356216,13.460131061993135,0.8262638312104873,0.3189467570402144
1,56,0.009486832980505138,0.005,0.5088657121518386,1.6,0.2,0.5428941058897883,3.279958259093739,15.823925011143743,-0.15121195988424896,0.0,0.0,4.3457448122835824,0.12080612058064505,0.16059869920219275
1,57,0.009486832980505138,0.005,0.5086827255889956,1.6,0.2,0.6660332246122982,1.4154508500402458,15.608574428733727,0.5398897470741888,3.558975870533852,19.873177227722095,22.0,0.8647594608315115,0.05
1,58,0.009486832980505138,0.005,0.5086827255889956,1.6,0.2,0.6660332246122982,1.4154508500402458,15.608574428733727,0.5398897470741888,3.558975870533852,19.873177227722095,22.0,0.8647594608315115,0.05
1,59,0.009486832980505138,0.005,0.5086827255889956,1.6,0.2,0.6660332246122982,1.4154508500402458,15.608574428733727,0.5398897470741888,3.558975870533852,19.873177227722095,22.0,0.8647594608315115,0.05
1,60,0.009486832980505138,0.005,0.5086827255889956,1.6,0.2,0.6660332246122982,1.4154508500402458,15.608574428733727,0.5398897470741888,3.558975870533852,19.873177227722095,22.0,0.8647594608315115,0.05
1,61,0.009486832980505138,0.005,0.5086827255889956,1.6,0.2,0.6660332246122982,1.4154508500402458,15.608574428733727,0.5398897470741888,3.558975870533852,19.873177227722095,22.0,0.8647594608315115,0.05
1,62,0.009486832980505138,0.005,0.5086827255889956,1.6,0.2,0.6660332246122982,1.4154508500402458,15.608574428733727,0.5398897470741888,3.558975870533852,19.873177227722095,22.0,0.8647594608315115,0.05
1,63,0.009486832980505138,0.005,0.5086827255889956,1.6,0.2,0.6660332246122982,1.4154508500402458,15.608574428733727,0.5398897470741888,3.558975870533852,19.873177227722095,22.0,0.8647594608315115,0.05
1,64,0.009486832980505138,0.005,0.5086827255889956,1.6,0.2,0.6660332246122982,1.4154508500402458,15.608574428733727,0.5398897470741888,3.558975870533852,19.873177227722095,22.0,0.8647594608315115,0.05
1,65,0.009486832980505138,0.005,0.5086827255889956,1.6,0.2,0.6660332246122982,1.4154508500402458,15.608574428733727,0.5398897470741888,3.558975870533852,19.873177227722095,22.0,0.8647594608315115,0.05
1,66,0.009486832980505138,0.005,0.5086827255889956,1.6,0.2,0.6660332246122982,1.4154508500402458,15.608574428733727,0.5398897470741888,3.558975870533852,19.873177227722095,22.0,0.8647594608315115,0.05
1,67,0.009486832980505138,0.005,0.5086827255889956,1.6,0.2,0.6660332246122982,1.4154508500402458,15.608574428733727,0.5398897470741888,3.558975870533852,19.873177227722095,22.0,0.8647594608315115,0.05
1,68,0.009486832980505138,0.005,0.5086827255889956,1.6,0.2,0.6660332246122982,1.4154508500402458,15.608574428733727,0.5398897470741888,3.558975870533852,19.873177227722095,22.0,0.8647594608315115,0.05
1,69,0.009486832980505138,0.005,0.5086827255889956,1.6,0.2,0.6660332246122982,1.4154508500402458,15.608574428733727,0.5398897470741888,3.558975870533852,19.873177227722095,22.0,0.8647594608315115,0.05
1,70,0.009486832980505138,0.0050000237800560295,0.5086817506850406,0.9945819313298325,0.2,0.7135479186323097,4.183199999999999,15.852671423952456,-0.5006960907793491,5.2617131963717325,1.4266634582302182,5.959520208908014,0.6330360687471991,0.05
1,71,0.009486832980505138,0.0050000237800560295,0.5086817506850406,0.9945819313298325,0.2,0.7135479186323097,4.183199999999999,15.852671423952456,-0.5006960907793491,5.2617131963717325,1.4266634582302182,5.959520208908014,0.6330360687471991,0.05
1,72,0.009486832980505138,0.005,0.5086817506850406,1.4616170525521717,0.20000000493477374,0.9486832980505138,1.1447631413375206,15.682533337528286,0.15314714050040432,5.2617131963717325,11.87843531324011,5.959520208908014,0.9312344309568726,0.7712577049646785
1,73,0.009486832980505138,0.005,0.5086817506850406,1.4616170525521717,0.20000000493477374,0.9486832980505138,1.1447631413375206,15.682533337528286,0.15314714050040432,5.2617131963717325,11.87843531324011,5.959520208908014,0.9312344309568726,0.7712577049646785
1,74,0.009486832980505138,0.005,0.5086817506850406,1.4616170525521717,0.20000000493477374,0.9486832980505138,1.1447631413375206,15.682533337528286,0.15314714050040432,5.2617131963717325,11.87843531324011,5.959520208908014,0.9312344309568726,0.7712577049646785
1,75,0.009486832980505138,0.005,0.5086811712407476,1.5016767024043465,0.20000000493477374,0.7021639259502539,1.1447631413375206,15.558093830994304,0.3898473657285132,8.385597569371326,17.932866227327466,5.959520208908014,0.35557677503910523,0.712552729836868
1,76,0.009486832980505138,0.005,0.5086811712407476,1.5016767024043465,0.20000000493477374,0.7021639259502539,1.1447631413375206,15.558093830994304,0.3898473657285132,8.385597569371326,17.932866227327466,5.959520208908014,0.35557677503910523,0.712552729836868
1,77,0.009486832980505138,0.005,0.5086811712407476,1.5016767024043465,0.2,0.8136299622844905,1.7728923850761333,15.654829855981866,0.3898473657285132,2.0493517773143757,2.0555534326299187,6.887009984209563,0.424439061626671,0.3294787451088872
1,78,0.009486832980505138,0.005,0.5086811712407476,1.5016767024043465,0.2,0.8136299622844905,1.7728923850761333,15.654829855981866,0.3898473657285132,2.0493517773143757,2.0555534326299187,6.887009984209563,0.424439061626671,0.3294787451088872
1,79,0.009486832980505138,0.005,0.5086808792053585,1.6,0.20000000493477374,0.8772132000945817,1.0,15.644977746745335,-0.019489114116289674,7.531739657904081,8.807288341835264,2.2761105034068256,0.9312344309568726,0.6262536586943039
1,80,0.009486832980505138,0.005,0.5086807228868203,1.6,0.2,0.5481454241568239,3.7474392801543077,15.810043676326512,-0.12294151461426006,1.5940177592530276,6.279870197056171,22.0,0.16337499143893047,0.3506332510174368
1,81,0.009486832980505138,0.005,0.5086805691719455,1.1787074287335602,0.20000000493477374,0.9462111725988239,2.5016686120955516,16.0,-0.6404895100593109,1.565395836144766,7.987199810490087,22.0,0.5673255149340921,1.0
1,82,0.009486832980505138,0.005,0.5086805691719455,1.1787074287335602,0.20000000493477374,0.9462111725988239,2.5016686120955516,16.0,-0.6404895100593109,1.565395836144766,7.987199810490087,22.0,0.5673255149340921,1.0
1,83,0.009486832980505138,0.005,0.5086805219525055,1.384478204217485,0.2,0.9486832980505138,1.7728923850761333,15.654829855981866,0.25484203374046344,1.6161337925294514,13.257227471725958,0.0,0.424439061626671,0.6262536586943039
1,84,0.009486832980505138,0.005,0.5086805087043013,0.5361181280292913,0.2,0.6746505624256918,2.1038114156165904,15.784434555039075,0.8,2.160710043682374,0.0,16.398423097372433,0.10379999999999998,0.3651430084734947
1,85,0.009486832980505138,0.005,0.5086805087043013,0.5361181280292913,0.2,0.6746505624256918,2.1038114156165904,15.784434555039075,0.8,2.160710043682374,0.0,16.398423097372433,0.10379999999999998,0.3651430084734947
1,86,0.009486832980505138,0.005,0.5086805087043013,0.5361181280292913,0.2,0.6746505624256918,2.1038114156165904,15.784434555039075,0.8,2.160710043682374,0.0,16.398423097372433,0.10379999999999998,0.3651430084734947
1,87,0.009486832980505138,0.005,0.5086805087043013,0.5361181280292913,0.2,0.6746505624256918,2.1038114156165904,15.784434555039075,0.8,2.160710043682374,0.0,16.398423097372433,0.10379999999999998,0.3651430084734947
1,88,0.009486832980505138,0.005,0.5086805087043013,0.5361181280292913,0.2,0.6746505624256918,2.1038114156165904,15.784434555039075,0.8,2.160710043682374,0.0,16.398423097372433,0.10379999999999998,0.3651430084734947
1,89,0.009486832980505138,0.005,0.5086804814616206,1.6,0.2,0.813693735137261,1.4943141796029895,15.74597569258481,-0.8,4.629570183312634,9.549504601064587,17.68067747595705,0.10379999999999998,0.5026550913397628
1,90,0.009486832980505138,0.005,0.5086804671489427,0.6143202535133411,0.2,0.5928239811905991,1.0,15.778805653761651,-0.14602160122835295,10.11199027020949,12.941674533843708,9.401276640323475,0.31547534662221965,0.5812367691609188
1,91,0.009486832980505138,0.005,0.5086804671489427,0.6143202535133411,0.2,0.5928239811905991,1.0,15.778805653761651,-0.14602160122835295,10.11199027020949,12.941674533843708,9.401276640323475,0.31547534662221965,0.5812367691609188
1,92,0.009486832980505138,0.005,0.5086804671489427,0.6143202535133411,0.2,0.5928239811905991,1.0,15.778805653761651,-0.14602160122835295,10.11199027020949,12.941674533843708,9.401276640323475,0.31547534662221965,0.5812367691609188
1,93,0.009486832980505138,0.005,0.5086804671489427,0.6143202535133411,0.2,0.5928239811905991,1.0,15.778805653761651,-0.14602160122835295,10.11199027020949,12.941674533843708,9.401276640323475,0.31547534662221965,0.5812367691609188
1,94,0.009486832980505138,0.005,0.5086804671489427,0.6143202535133411,0.2,0.5928239811905991,1.0,15.778805653761651,-0.14602160122835295,10.11199027020949,12.941674533843708,9.401276640323475,0.31547534662221965,0.5812367691609188
1,95,0.009486832980505138,0.005,0.5086804671489427,0.6143202535133411,0.2,0.5928239811905991,1.0,15.778805653761651,-0.14602160122835295,10.11199027020949,12.941674533843708,9.401276640323475,0.31547534662221965,0.5812367691609188
1,96,0.009486832980505138,0.005,0.5086804671489427,0.6143202535133411,0.2,0.5928239811905991,1.0,15.778805653761651,-0.14602160122835295,10.11199027020949,12.941674533843708,9.401276640323475,0.31547534662221965,0.5812367691609188
1,97,0.009486832980505138,0.005,0.5086804643455155,1.0561603352014441,0.2,0.9486832980505138,1.0,15.787175594983852,0.2597099801203703,19.0,8.77662703969349,17.97240932810599,0.10379999999999998,0.7102216300544084
1,98,0.009486832980505138,0.005,0.5086804643455155,1.0561603352014441,0.2,0.9486832980505138,1.0,15.787175594983852,0.2597099801203703,19.0,8.77662703969349,17.97240932810599,0.10379999999999998,0.7102216300544084
1,99,0.009486832980505138,0.005,0.5086804643455155,1.0561603352014441,0.2,0.9486832980505138,1.0,15.787175594983852,0.2597099801203703,19.0,8.77662703969349,17.97240932810599,0.10379999999999998,0.7102216300544084
1,100,0.009486832980505138,0.005,0.5086804643455155,1.0561603352014441,0.2,0.9486832980505138,1.0,15.787175594983852,0.2597099801203703,19.0,8.77662703969349,17.97240932810599,0.10379999999999998,0.7102216300544084
2,1,0.009972285800805919,0.005,0.8576543672600068,0.8251767070192801,0.2431745260992516,0.9486832980505138,2.1305583565421267,14.555723468892227,-0.43106914002067465,15.853484064712275,8.56420331464812,12.865640715740465,0.1995935239628005,0.3495623338160412
2,2,0.009972285800805919,0.005,0.8576543672600068,0.8251767070192801,0.2431745260992516,0.9486832980505138,2.1305583565421267,14.555723468892227,-0.43106914002067465,15.853484064712275,8.56420331464812,12.865640715740465,0.1995935239628005,0.3495623338160412
2,3,0.009802178089687775,0.007929783637355041,0.6327557500105007,0.4591384388492318,0.2,0.9486832980505138,1.0,16.0,-0.0015560604975506376,8.31598058340922,8.56420331464812,20.37482646966181,0.10379999999999998,0.05
2,4,0.009802178089687775,0.007929783637355041,0.6327557500105007,0.4591384388492318,0.2,0.9486832980505138,1.0,16.0,-0.0015560604975506376,8.31598058340922,8.56420331464812,20.37482646966181,0.10379999999999998,0.05
2,5,0.009486832980505138,0.005639892462185477,0.6815840599025993,0.6096307412251308,0.2,0.9238946309312839,1.6555211471901563,16.0,-0.061390009367358,13.81410067629233,2.105017757869878,18.503034391838547,0.15224750477296053,0.3495623338160412
2,6,0.009486832980505138,0.005639892462185477,0.6815840599025993,0.6096307412251308,0.2,0.9238946309312839,1.6555211471901563,16.0,-0.061390009367358,13.81410067629233,2.105017757869878,18.503034391838547,0.15224750477296053,0.3495623338160412
2,7,0.009486832980505138,0.005639892462185477,0.6815840599025993,0.6096307412251308,0.2,0.9238946309312839,1.6555211471901563,16.0,-0.061390009367358,13.81410067629233,2.105017757869878,18.503034391838547,0.15224750477296053,0.3495623338160412
2,8,0.009486832980505138,0.005639892462185477,0.6815840599025993,0.6096307412251308,0.2,0.9238946309312839,1.6555211471901563,16.0,-0.061390009367358,13.81410067629233,2.105017757869878,18.503034391838547,0.15224750477296053,0.3495623338160412
2,9,0.009486832980505138,0.005639892462185477,0.6815840599025993,0.6096307412251308,0.2,0.9238946309312839,1.6555211471901563,16.0,-0.061390009367358,13.81410067629233,2.105017757869878,18.503034391838547,0.15224750477296053,0.3495623338160412
2,10,0.009486832980505138,0.005639892462185477,0.6815840599025993,0.6096307412251308,0.2,0.9238946309312839,1.6555211471901563,16.0,-0.061390009367358,13.81410067629233,2.105017757869878,18.503034391838547,0.15224750477296053,0.3495623338160412
2,11,0.009494861909098215,0.006858518598597247,0.6046363514304978,0.6545292255840749,0.20130997026272557,0.54128968633656,4.183199999999999,13.634123197512466,-0.49848842822771144,7.301598160591821,0.0,5.004198270748115,0.925365118127249,0.37435483157206906
2,12,0.00971135995802151,0.006858518598597247,0.5004214242505327,0.7564812968871877,0.20130997026272557,0.9238946309312839,4.183199999999999,16.0,-0.49848842822771144,7.301598160591821,12.562781453162309,5.004198270748115,0.4414277927191125,0.05
2,13,0.00971135995802151,0.006858518598597247,0.5004214242505327,0.7564812968871877,0.20130997026272557,0.9238946309312839,4.183199999999999,16.0,-0.49848842822771144,7.301598160591821,12.562781453162309,5.004198270748115,0.4414277927191125,0.05
2,14,0.00971135995802151,0.006858518598597247,0.5004214242505327,0.7564812968871877,0.20130997026272557,0.9238946309312839,4.183199999999999,16.0,-0.49848842822771144,7.301598160591821,12.562781453162309,5.004198270748115,0.4414277927191125,0.05
2,15,0.00971135995802151,0.006858518598597247,0.5004214242505327,0.7564812968871877,0.20130997026272557,0.9238946309312839,4.183199999999999,16.0,-0.49848842822771144,7.301598160591821,12.562781453162309,5.004198270748115,0.4414277927191125,0.05
2,16,0.00971135995802151,0.006858518598597247,0.5004214242505327,0.7564812968871877,0.20130997026272557,0.9238946309312839,4.183199999999999,16.0,-0.49848842822771144,7.301598160591821,12.562781453162309,5.004198270748115,0.4414277927191125,0.05
2,17,0.009486832980505138,0.006884335951240838,0.5347435281211448,0.4,0.2,0.8624949470963965,3.5621351645812593,14.625591114502276,-0.3322513064053659,13.81410067629233,10.500587066591342,0.023846104715543603,0.3662320019957684,0.058402343580104876
2,18,0.009486832980505138,0.005,0.5314496236061541,0.4,0.2013648295489073,0.7293016298749619,4.183199999999999,14.866671445121323,0.05154994196277558,19.0,7.443515012172013,14.67573727740367,0.13305138458593163,0.11875545204086768
2,19,0.009486832980505138,0.005,0.5314496236061541,0.4,0.2013648295489073,0.7293016298749619,4.183199999999999,14.866671445121323,0.05154994196277558,19.0,7.443515012172013,14.67573727740367,0.13305138458593163,0.11875545204086768
2,20,0.009486832980505138,0.005,0.5314496236061541,0.4,0.2013648295489073,0.7293016298749619,4.183199999999999,14.866671445121323,0.05154994196277558,19.0,7.443515012172013,14.67573727740367,0.13305138458593163,0.11875545204086768
2,21,0.009486832980505138,0.005,0.5314496236061541,0.4,0.2013648295489073,0.7293016298749619,4.183199999999999,14.866671445121323,0.05154994196277558,19.0,7.443515012172013,14.67573727740367,0.13305138458593163,0.11875545204086768
2,22,0.009486832980505138,0.005,0.5314496236061541,0.4,0.2013648295489073,0.7293016298749619,4.183199999999999,14.866671445121323,0.05154994196277558,19.0,7.443515012172013,14.67573727740367,0.13305138458593163,0.11875545204086768
2,23,0.009486832980505138,0.005,0.5314496236061541,0.4,0.2013648295489073,0.7293016298749619,4.183199999999999,14.866671445121323,0.05154994196277558,19.0,7.443515012172013,14.67573727740367,0.13305138458593163,0.11875545204086768
2,24,0.00950634725890743,0.005344619572897194,0.5183304839336472,0.4,0.2,0.9486832980505138,2.7683636412478663,16.0,0.10851569314584604,12.63310479228469,22.0,7.901550059050473,0.4328303197793577,1.0
2,25,0.00950634725890743,0.005,0.5188251982852866,0.4,0.2,0.9486832980505138,2.7683636412478663,16.0,0.3669171655144843,14.32928056845576,22.0,1.5149328999425253,0.4341157173436028,1.0
2,26,0.00950634725890743,0.005,0.5188251982852866,0.4,0.2,0.9486832980505138,2.7683636412478663,16.0,0.3669171655144843,14.32928056845576,22.0,1.5149328999425253,0.4341157173436028,1.0
2,27,0.00950634725890743,0.005,0.5188251982852866,0.4,0.2,0.9486832980505138,2.7683636412478663,16.0,0.3669171655144843,14.32928056845576,22.0,1.5149328999425253,0.4341157173436028,1.0
2,28,0.009486832980505138,0.005,0.5151097620113265,0.44136076752485437,0.2,0.8196036316183704,3.8582717674006,16.0,-0.6662999210710423,19.0,22.0,13.645101049803447,0.10754938952805382,1.0
2,29,0.009486832980505138,0.005,0.5151097620113265,0.44136076752485437,0.2,0.8196036316183704,3.8582717674006,16.0,-0.6662999210710423,19.0,22.0,13.645101049803447,0.10754938952805382,1.0
2,30,0.009486832980505138,0.005,0.5151097620113265,0.44136076752485437,0.2,0.8196036316183704,3.8582717674006,16.0,-0.6662999210710423,19.0,22.0,13.645101049803447,0.10754938952805382,1.0
2,31,0.009486832980505138,0.005,0.5151097620113265,0.44136076752485437,0.2,0.8196036316183704,3.8582717674006,16.0,-0.6662999210710423,19.0,22.0,13.645101049803447,0.10754938952805382,1.0
2,32,0.009486832980505138,0.005,0.510808485176661,0.49657583043540887,0.20013809605897726,0.7043541953337484,1.2141008289421058,15.858647083071261,-0.3181193406705517,4.68529944047995,20.423245878209286,7.634926536461074,0.25242170602277264,0.187173902656104
2,33,0.009486832980505138,0.005,0.5093401997021624,0.4390053846345976,0.20023731494154598,0.9486832980505138,2.031625905710063,15.858647083071261,-0.6627290772082925,4.8119879731797965,22.0,18.748156907267745,0.2123103291347269,0.5084177136086465
2,34,0.009486832980505138,0.005,0.5093401997021624,0.4390053846345976,0.20023731494154598,0.9486832980505138,2.031625905710063,15.858647083071261,-0.6627290772082925,4.8119879731797965,22.0,18.748156907267745,0.2123103291347269,0.5084177136086465
2,35,0.009486832980505138,0.005,0.5093401997021624,0.4390053846345976,0.20023731494154598,0.9486832980505138,2.031625905710063,15.858647083071261,-0.6627290772082925,4.8119879731797965,22.0,18.748156907267745,0.2123103291347269,0.5084177136086465
2,36,0.009486832980505138,0.00502864800032828,0.5091753142698909,0.46171175537328646,0.2,0.9486832980505138,1.0,15.857925387566201,0.0536595088695597,13.281433843823361,20.96568927683721,3.910742417121335,0.10635367878045456,0.5235267688118184
2,37,0.009486832980505138,0.00502864800032828,0.5091753142698909,0.46171175537328646,0.2,0.9486832980505138,1.0,15.857925387566201,0.0536595088695597,13.281433843823361,20.96568927683721,3.910742417121335,0.10635367878045456,0.5235267688118184
2,38,0.009486832980505138,0.00502864800032828,0.5091753142698909,0.46171175537328646,0.2,0.9486832980505138,1.0,15.857925387566201,0.0536595088695597,13.281433843823361,20.96568927683721,3.910742417121335,0.10635367878045456,0.5235267688118184
2,39,0.009486832980505138,0.00502864800032828,0.5091753142698909,0.46171175537328646,0.2,0.9486832980505138,1.0,15.857925387566201,0.0536595088695597,13.281433843823361,20.96568927683721,3.910742417121335,0.10635367878045456,0.5235267688118184
2,40,0.009486832980505138,0.005029548208558962,0.5087720476417764,0.4,0.200022559749541,0.31622776601683794,2.261732874894431,16.0,0.5706223410402425,10.73828267321824,0.0,2.7741827264311167,0.11638682462253032,0.2623136465836622
2,41,0.009486832980505138,0.005,0.5089761318581743,0.533608697038946,0.2,0.8226334205353502,2.4509812104735746,15.961423749607302,-0.008095929757004905,7.770902783643129,21.84404513046874,15.816425919786818,0.10379999999999998,0.26992021476638595
2,42,0.009486832980505138,0.005,0.5089761318581743,0.533608697038946,0.2,0.8226334205353502,2.4509812104735746,15.961423749607302,-0.008095929757004905,7.770902783643129,21.84404513046874,15.816425919786818,0.10379999999999998,0.26992021476638595
2,43,0.009486832980505138,0.005,0.5089761318581743,0.533608697038946,0.2,0.8226334205353502,2.4509812104735746,15.961423749607302,-0.008095929757004905,7.770902783643129,21.84404513046874,15.816425919786818,0.10379999999999998,0.26992021476638595
2,44,0.009486832980505138,0.005,0.5089761318581743,0.533608697038946,0.2,0.8226334205353502,2.4509812104735746,15.961423749607302,-0.008095929757004905,7.770902783643129,21.84404513046874,15.816425919786818,0.10379999999999998,0.26992021476638595
2,45,0.009486832980505138,0.005,0.5089761318581743,0.533608697038946,0.2,0.8226334205353502,2.4509812104735746,15.961423749607302,-0.008095929757004905,7.770902783643129,21.84404513046874,15.816425919786818,0.10379999999999998,0.26992021476638595
2,46,0.009486832980505138,0.005,0.5089761318581743,0.533608697038946,0.2,0.8226334205353502,2.4509812104735746,15.961423749607302,-0.008095929757004905,7.770902783643129,21.84404513046874,15.816425919786818,0.10379999999999998,0.26992021476638595
2,47,0.009486832980505138,0.005,0.508923710649033,0.4,0.2,0.9486832980505138,1.0,15.643957310641843,-0.8,19.0,22.0,15.156467228889118,0.2685915876677045,1.0
2,48,0.009486832980505138,0.005,0.5087687547106551,0.4282216689726541,0.20000103982111742,0.8831857980407244,1.0,15.852890746519558,-0.8,0.0,22.0,20.936894553729168,0.15434755915922643,0.3643517290672156
2,49,0.009486832980505138,0.005,0.5087687547106551,0.4282216689726541,0.20000103982111742,0.8831857980407244,1.0,15.852890746519558,-0.8,0.0,22.0,20.936894553729168,0.15434755915922643,0.3643517290672156
2,50,0.009486832980505138,0.005,0.5087687547106551,0.4282216689726541,0.20000103982111742,0.8831857980407244,1.0,15.852890746519558,-0.8,0.0,22.0,20.936894553729168,0.15434755915922643,0.3643517290672156
2,51,0.009486832980505138,0.005,0.5087687547106551,0.4282216689726541,0.20000103982111742,0.8831857980407244,1.0,15.852890746519558,-0.8,0.0,22.0,20.936894553729168,0.15434755915922643,0.3643517290672156
2,52,0.009486832980505138,0.005002816268792703,0.508694282346989,0.4186800061354516,0.2,0.6652415454336209,1.0,15.787778206028321,0.5002226831096609,12.170223560280018,22.0,22.0,0.13278224075882558,1.0
2,53,0.009486832980505138,0.005,0.508694282346989,0.4116674907156093,0.20000054926528002,0.5196518861667762,1.0,15.664385379169673,-0.8,12.170223560280018,14.96147650231461,22.0,0.13278224075882558,0.4061052824349065
2,54,0.009486832980505138,0.005,0.508694282346989,0.4116674907156093,0.20000054926528002,0.5196518861667762,1.0,15.664385379169673,-0.8,12.170223560280018,14.96147650231461,22.0,0.13278224075882558,0.4061052824349065
2,55,0.009486832980505138,0.005,0.508694282346989,0.4116674907156093,0.20000054926528002,0.5196518861667762,1.0,15.664385379169673,-0.8,12.170223560280018,14.96147650231461,22.0,0.13278224075882558,0.4061052824349065
2,56,0.009486832980505138,0.005,0.5086814569989494,0.7287666635644431,0.20000005060478618,0.31622776601683794,4.183199999999999,15.672501478708693,0.8,9.974381802763311,4.5306837609632815,19.5363131835934,0.10625231275852329,0.4535889655957276
2,57,0.009486832980505138,0.005,0.5086814569989494,0.7287666635644431,0.20000005060478618,0.31622776601683794,4.183199999999999,15.672501478708693,0.8,9.974381802763311,4.5306837609632815,19.5363131835934,0.10625231275852329,0.4535889655957276
2,58,0.009486832980505138,0.005,0.5086805422793711,0.8067395626215452,0.2,0.7597044113751742,2.1814786217131568,15.616366043862865,-0.4195469575991228,5.667371328065816,0.48493185717884657,22.0,0.10984543056203745,0.6061469052170597
2,59,0.009486832980505138,0.005,0.5086805422793711,0.8067395626215452,0.2,0.7597044113751742,2.1814786217131568,15.616366043862865,-0.4195469575991228,5.667371328065816,0.48493185717884657,22.0,0.10984543056203745,0.6061469052170597
2,60,0.009486832980505138,0.005,0.5086805422793711,0.8067395626215452,0.2,0.7597044113751742,2.1814786217131568,15.616366043862865,-0.4195469575991228,5.667371328065816,0.48493185717884657,22.0,0.10984543056203745,0.6061469052170597
2,61,0.009486832980505138,0.005,0.5086805422793711,0.8067395626215452,0.2,0.7597044113751742,2.1814786217131568,15.616366043862865,-0.4195469575991228,5.667371328065816,0.48493185717884657,22.0,0.10984543056203745,0.6061469052170597
2,62,0.009486832980505138,0.005,0.5086805422793711,0.8067395626215452,0.2,0.7597044113751742,2.1814786217131568,15.616366043862865,-0.4195469575991228,5.667371328065816,0.48493185717884657,22.0,0.10984543056203745,0.6061469052170597
2,63,0.009486832980505138,0.005,0.5086805422793711,0.8067395626215452,0.2,0.7597044113751742,2.1814786217131568,15.616366043862865,-0.4195469575991228,5.667371328065816,0.48493185717884657,22.0,0.10984543056203745,0.6061469052170597
2,64,0.009486832980505138,0.005,0.5086805422793711,0.8067395626215452,0.2,0.7597044113751742,2.1814786217131568,15.616366043862865,-0.4195469575991228,5.667371328065816,0.48493185717884657,22.0,0.10984543056203745,0.6061469052170597
2,65,0.009486832980505138,0.005,0.5086805422793711,0.8067395626215452,0.2,0.7597044113751742,2.1814786217131568,15.616366043862865,-0.4195469575991228,5.667371328065816,0.48493185717884657,22.0,0.10984543056203745,0.6061469052170597
2,66,0.009486832980505138,0.005,0.5086805422793711,0.8067395626215452,0.2,0.7597044113751742,2.1814786217131568,15.616366043862865,-0.4195469575991228,5.667371328065816,0.48493185717884657,22.0,0.10984543056203745,0.6061469052170597
2,67,0.009486832980505138,0.005,0.5086805422793711,0.8067395626215452,0.2,0.7597044113751742,2.1814786217131568,15.616366043862865,-0.4195469575991228,5.667371328065816,0.48493185717884657,22.0,0.10984543056203745,0.6061469052170597
2,68,0.009486832980505138,0.005,0.5086805422793711,0.8067395626215452,0.2,0.7597044113751742,2.1814786217131568,15.616366043862865,-0.4195469575991228,5.667371328065816,0.48493185717884657,22.0,0.10984543056203745,0.6061469052170597
2,69,0.009486832980505138,0.005,0.5086805422793711,0.8067395626215452,0.2,0.7597044113751742,2.1814786217131568,15.616366043862865,-0.4195469575991228,5.667371328065816,0.48493185717884657,22.0,0.10984543056203745,0.6061469052170597
2,70,0.009486832980505138,0.005,0.5086805422793711,0.8067395626215452,0.2,0.7597044113751742,2.1814786217131568,15.616366043862865,-0.4195469575991228,5.667371328065816,0.48493185717884657,22.0,0.10984543056203745,0.6061469052170597
2,71,0.009486832980505138,0.005,0.5086805213289253,0.6373388201958174,0.2,0.830400326104579,4.183199999999999,15.629794240055315,0.4532230597520667,19.0,11.563419370381405,7.362578363406408,0.18242893023081677,1.0
2,72,0.009486832980505138,0.005,0.5086804866247108,0.8413765918575009,0.2,0.42797837268747835,1.0,15.724765521437401,0.8,0.0,22.0,22.0,0.1730421313368955,0.5690180817427268
2,73,0.009486832980505138,0.005,0.5086804866247108,0.8413765918575009,0.2,0.42797837268747835,1.0,15.724765521437401,0.8,0.0,22.0,22.0,0.1730421313368955,0.5690180817427268
2,74,0.009486832980505138,0.005,0.5086804866247108,0.8413765918575009,0.2,0.42797837268747835,1.0,15.724765521437401,0.8,0.0,22.0,22.0,0.1730421313368955,0.5690180817427268
2,75,0.009486832980505138,0.005,0.5086804866247108,0.8413765918575009,0.2,0.42797837268747835,1.0,15.724765521437401,0.8,0.0,22.0,22.0,0.1730421313368955,0.5690180817427268
2,76,0.009486832980505138,0.005,0.5086804866247108,0.8413765918575009,0.2,0.42797837268747835,1.0,15.724765521437401,0.8,0.0,22.0,22.0,0.1730421313368955,0.5690180817427268
2,77,0.009486832980505138,0.005,0.5086804866247108,0.8413765918575009,0.2,0.42797837268747835,1.0,15.724765521437401,0.8,0.0,22.0,22.0,0.1730421313368955,0.5690180817427268
2,78,0.009486832980505138,0.005,0.5086804866247108,0.8413765918575009,0.2,0.42797837268747835,1.0,15.724765521437401,0.8,0.0,22.0,22.0,0.1730421313368955,0.5690180817427268
2,79,0.009486832980505138,0.005,0.5086804866247108,0.8413765918575009,0.2,0.42797837268747835,1.0,15.724765521437401,0.8,0.0,22.0,22.0,0.1730421313368955,0.5690180817427268
2,80,0.009486832980505138,0.005,0.5086804849378057,1.1003130690387746,0.2,0.7223843166930426,4.183199999999999,15.933994924715504,0.28925525860627355,5.55932323851247,6.066776508014464,16.23963538610835,0.1964511835317232,0.9079174114307313
2,81,0.009486832980505138,0.005,0.5086804829740795,1.0853389727960938,0.2,0.31622776601683794,1.6801276521322759,15.828719078277572,0.8,0.0,19.463686561601104,22.0,0.16865729503779953,0.43670373635123105
2,82,0.009486832980505138,0.005,0.5086804829740795,1.0853389727960938,0.2,0.31622776601683794,1.6801276521322759,15.828719078277572,0.8,0.0,19.463686561601104,22.0,0.16865729503779953,0.43670373635123105
2,83,0.009486832980505138,0.005,0.5086804654133265,0.47511370882205134,0.2,0.31622776601683794,1.7489982502816712,15.635187622238032,0.7060299836756986,19.0,8.145164726512364,22.0,0.3093179077777961,1.0
2,84,0.009486832980505138,0.005,0.5086804654133265,0.47511370882205134,0.2,0.31622776601683794,1.7489982502816712,15.635187622238032,0.7060299836756986,19.0,8.145164726512364,22.0,0.3093179077777961,1.0
2,85,0.009486832980505138,0.005,0.5086804654133265,0.47511370882205134,0.2,0.31622776601683794,1.7489982502816712,15.635187622238032,0.7060299836756986,19.0,8.145164726512364,22.0,0.3093179077777961,1.0
2,86,0.009486832980505138,0.005,0.5086804654133265,0.47511370882205134,0.2,0.31622776601683794,1.7489982502816712,15.635187622238032,0.7060299836756986,19.0,8.145164726512364,22.0,0.3093179077777961,1.0
2,87,0.009486832980505138,0.005,0.5086804654133265,0.47511370882205134,0.2,0.31622776601683794,1.7489982502816712,15.635187622238032,0.7060299836756986,19.0,8.145164726512364,22.0,0.3093179077777961,1.0
2,88,0.009486832980505138,0.005,0.5086804654133265,0.47511370882205134,0.2,0.31622776601683794,1.7489982502816712,15.635187622238032,0.7060299836756986,19.0,8.145164726512364,22.0,0.3093179077777961,1.0
2,89,0.009486832980505138,0.005,0.508680464443239,0.716112577673934,0.2,0.31622776601683794,1.0,15.560725598871137,0.7602883339469455,19.0,22.0,20.89724686820324,0.38551059034585755,0.9936132659271049
2,90,0.009486832980505138,0.005,0.5086804638576554,0.4,0.2,0.35008138491873136,3.666869103021351,15.750632860496214,0.00824343439518685,10.445556815920714,22.0,22.0,0.2574714401142274,0.8695019386600075
2,91,0.009486832980505138,0.005,0.5086804638576554,0.4,0.2,0.35008138491873136,3.666869103021351,15.750632860496214,0.00824343439518685,10.445556815920714,22.0,22.0,0.2574714401142274,0.8695019386600075
2,92,0.009486832980505138,0.005,0.5086804638576554,0.4,0.2,0.35008138491873136,3.666869103021351,15.750632860496214,0.00824343439518685,10.445556815920714,22.0,22.0,0.2574714401142274,0.8695019386600075
2,93,0.009486832980505138,0.005,0.5086804638576554,0.4,0.2,0.35008138491873136,3.666869103021351,15.750632860496214,0.00824343439518685,10.445556815920714,22.0,22.0,0.2574714401142274,0.8695019386600075
2,94,0.009486832980505138,0.005,0.5086804638576554,0.4,0.2,0.35008138491873136,3.666869103021351,15.750632860496214,0.00824343439518685,10.445556815920714,22.0,22.0,0.2574714401142274,0.8695019386600075
2,95,0.009486832980505138,0.005,0.5086804638551503,0.7828310424572692,0.2,0.31622776601683794,3.6606058795986818,16.0,-0.4335202078668949,8.734080136773727,0.0,11.382030822667693,0.10379999999999998,0.811805707203969
2,96,0.009486832980505138,0.005,0.5086804638087048,0.5371827668835261,0.2,0.4818440964690299,2.5874013786238836,15.93213596928294,0.5766465643521808,16.072373462416795,3.5412199496850603,21.602106623192025,0.5884725714347512,1.0
2,97,0.009486832980505138,0.005,0.5086804638087048,0.5371827668835261,0.2,0.4818440964690299,2.5874013786238836,15.93213596928294,0.5766465643521808,16.072373462416795,3.5412199496850603,21.602106623192025,0.5884725714347512,1.0
2,98,0.009486832980505138,0.005,0.5086804638087048,0.5371827668835261,0.2,0.4818440964690299,2.5874013786238836,15.93213596928294,0.5766465643521808,16.072373462416795,3.5412199496850603,21.602106623192025,0.5884725714347512,1.0
2,99,0.009486832980505138,0.005,0.5086804637721298,0.4,0.2,0.702391786913238,2.545862586713482,15.790229617405421,-0.5077561613684971,9.370581059283412,17.553859215867032,20.694080565606374,0.39532780937995593,0.9992682570159335
2,100,0.009486832980505138,0.005,0.5086804637721298,0.4,0.2,0.702391786913238,2.545862586713482,15.790229617405421,-0.5077561613684971,9.370581059283412,17.553859215867032,20.694080565606374,0.39532780937995593,0.9992682570159335
