island,iteration,mass_kg,phase
59,43,93.466,
59,76,65.428,
59,109,54.055,
59,142,52.559,
59,175,50.04,
59,208,47.801,
59,241,47.801,
59,274,47.736,
59,307,47.197,
59,340,47.197,
59,373,47.022,
59,406,45.975,
59,439,45.975,
59,472,45.975,
59,505,45.975,
59,538,45.975,
59,571,45.806,
59,604,45.806,
59,637,45.806,
59,670,45.806,
59,703,45.655,
59,736,45.655,
59,769,45.655,
59,802,45.562,
59,835,45.562,
59,868,45.424,
59,901,45.424,
59,934,45.302,
59,967,45.302,
59,1000,45.23,
59,1033,45.225,
59,1066,45.153,
59,1099,45.006,
59,1132,45.006,
59,1165,45.006,
59,1198,44.996,
59,1231,44.98,
59,1264,44.733,
59,1297,44.733,
59,1330,44.655,
59,1363,44.62,
59,1396,44.579,
59,1429,44.579,
59,1462,44.564,
59,1495,44.552,
59,1528,44.551,
59,1561,44.543,
59,1594,44.543,
59,1627,44.537,
59,1660,44.537,
59,1693,44.536,
59,1726,44.534,
59,1759,44.532,
59,1792,44.531,
59,1825,44.528,
59,1858,44.528,
59,1891,44.528,
59,1924,44.527,
59,1957,44.527,
59,1990,44.527,
59,2023,44.526,
59,2056,44.526,
59,2089,44.525,
59,2122,44.525,
59,2155,44.524,
59,2188,44.524,
59,2221,44.524,
59,2254,44.524,
59,2287,44.524,
59,2320,44.524,
59,2353,44.523,
59,2386,44.523,
59,2419,44.523,
59,2452,44.523,
59,2485,44.523,
59,2518,44.523,
59,2551,44.523,
59,2584,44.523,
59,2617,44.523,
59,2650,44.523,
59,2683,44.523,
59,2716,44.523,
59,2749,44.523,
59,2782,44.523,
59,2815,44.523,
59,2848,44.523,
59,2881,44.523,
59,2914,44.523,
59,2947,44.523,
59,2980,44.523,
59,3013,44.523,
59,3046,44.523,
59,3079,44.523,
59,3112,44.523,
59,3145,44.523,
59,3178,44.523,
59,3211,44.523,
59,3244,44.523,
59,3277,44.523,
59,3310,44.523,
59,3343,44.523,
59,3376,44.523,
59,3409,44.523,
59,3442,44.523,
59,3475,44.523,
59,3508,44.523,
59,3541,44.523,
59,3574,44.523,
59,3607,44.523,
59,3640,44.523,
59,3673,44.523,
59,3706,44.523,
59,3739,44.523,
59,3772,44.523,
59,3805,44.523,
59,3838,44.523,
59,3871,44.523,
59,3904,44.523,
59,3937,44.523,
59,3970,44.523,
59,4003,44.523,
59,4036,44.523,
59,4069,44.523,
59,4102,44.523,
59,4135,44.523,
59,4168,44.523,
59,4201,44.523,
59,4234,44.523,
59,4267,44.523,
59,4300,44.523,
59,4333,44.523,
59,4366,44.523,
59,4399,44.523,
59,4432,44.523,
59,4465,44.523,
59,4498,44.523,
59,4531,44.523,
59,4564,44.523,
59,4597,44.523,
59,4630,44.523,
59,4663,44.523,
59,4696,44.523,
59,4729,44.523,
59,4762,44.523,
59,4795,44.523,
59,4828,44.523,
59,4861,44.523,
59,4894,44.523,
59,4927,44.523,
59,4960,44.523,
59,4993,44.523,
59,5026,44.523,
59,5059,44.523,
59,5092,44.523,
59,5125,44.523,
59,5158,44.523,
59,5191,44.523,
59,5224,44.523,
59,5257,44.523,
59,5290,44.523,
59,5323,44.523,
59,5356,44.523,
59,5389,44.523,
59,5458,76.912,
59,5491,61.214,
59,5524,53.311,
59,5557,50.375,
59,5590,50.124,
59,5623,48.512,
59,5656,48.512,
59,5689,48.512,
59,5722,47.675,
59,5755,47.675,
59,5788,47.675,
59,5821,47.675,
59,5854,47.675,
59,5887,47.675,
59,5920,47.546,
59,5953,46.905,
59,5986,46.905,
59,6019,46.837,
59,6052,46.837,
59,6085,46.268,
59,6118,45.952,
59,6151,45.95,
59,6184,45.646,
59,6217,45.646,
59,6250,45.646,
59,6283,45.646,
59,6316,45.646,
59,6349,45.311,
59,6382,45.311,
59,6415,45.311,
59,6448,45.306,
59,6481,45.23,
59,6514,44.949,
59,6547,44.943,
59,6580,44.943,
59,6613,44.943,
59,6646,44.863,
59,6679,44.823,
59,6712,44.823,
59,6745,44.766,
59,6778,44.716,
59,6811,44.678,
59,6844,44.674,
59,6877,44.641,
59,6910,44.623,
59,6943,44.587,
59,6976,44.56,
59,7009,44.56,
59,7042,44.559,
59,7075,44.559,
59,7108,44.546,
59,7141,44.543,
59,7174,44.543,
59,7207,44.541,
59,7240,44.535,
59,7273,44.535,
59,7306,44.529,
59,7339,44.528,
59,7372,44.528,
59,7405,44.528,
59,7438,44.527,
59,7471,44.526,
59,7504,44.526,
59,7537,44.526,
59,7570,44.526,
59,7603,44.526,
59,7636,44.525,
59,7669,44.525,
59,7702,44.524,
59,7735,44.524,
59,7768,44.524,
59,7801,44.524,
59,7834,44.523,
59,7867,44.523,
59,7900,44.523,
59,7933,44.523,
59,7966,44.523,
59,7999,44.523,
59,8032,44.523,
59,8065,44.523,
59,8098,44.523,
59,8131,44.523,
59,8164,44.523,
59,8197,44.523,
59,8230,44.523,
59,8263,44.523,
59,8296,44.523,
59,8329,44.523,
59,8362,44.523,
59,8395,44.523,
59,8428,44.523,
59,8461,44.523,
59,8494,44.523,
59,8527,44.523,
59,8560,44.523,
59,8593,44.523,
59,8626,44.523,
59,8659,44.523,
59,8692,44.523,
59,8725,44.523,
59,8758,44.523,
59,8791,44.523,
59,8824,44.523,
59,8857,44.523,
59,8890,44.523,
59,8923,44.523,
59,8956,44.523,
59,8989,44.523,
59,9022,44.523,
59,9055,44.523,
59,9088,44.523,
59,9121,44.523,
59,9154,44.523,
59,9187,44.523,
59,9220,44.523,
59,9253,44.523,
59,9286,44.523,
59,9319,44.523,
59,9352,44.523,
59,9385,44.523,
59,9418,44.523,
59,9451,44.523,
59,9484,44.523,
59,9517,44.523,
59,9550,44.523,
59,9583,44.523,
59,9616,44.523,
59,9649,44.523,
59,9682,44.523,
59,9715,44.523,
59,9748,44.523,
59,9781,44.523,
59,9814,44.523,
59,9847,44.523,
59,9880,44.523,
59,9913,44.523,
59,9946,44.523,
59,9979,44.523,
53,70,65.017,
53,103,57.256,
53,136,53.294,
53,169,51.499,
53,202,50.812,
53,235,49.924,
53,268,49.421,
53,301,49.262,
53,334,48.575,
53,367,48.52,
53,400,47.173,
53,433,47.173,
53,466,47.173,
53,499,47.173,
53,532,46.615,
53,565,46.328,
53,598,46.328,
53,631,46.089,
53,664,45.686,
53,697,45.686,
53,730,45.686,
53,763,45.686,
53,796,45.656,
53,829,45.556,
53,862,45.556,
53,895,45.327,
53,928,45.296,
53,961,44.961,
53,994,44.961,
53,1027,44.961,
53,1060,44.961,
53,1093,44.961,
53,1126,44.849,
53,1159,44.795,
53,1192,44.795,
53,1225,44.795,
53,1258,44.791,
53,1291,44.714,
53,1324,44.648,
53,1357,44.648,
53,1390,44.645,
53,1423,44.595,
53,1456,44.593,
53,1489,44.588,
53,1522,44.576,
53,1555,44.565,
53,1588,44.559,
53,1621,44.559,
53,1654,44.555,
53,1687,44.544,
53,1720,44.538,
53,1753,44.535,
53,1786,44.532,
53,1819,44.53,
53,1852,44.53,
53,1885,44.53,
53,1918,44.53,
53,1951,44.527,
53,1984,44.527,
53,2017,44.527,
53,2050,44.526,
53,2083,44.526,
53,2116,44.526,
53,2149,44.525,
53,2182,44.524,
53,2215,44.524,
53,2248,44.524,
53,2281,44.524,
53,2314,44.524,
53,2347,44.524,
53,2380,44.523,
53,2413,44.523,
53,2446,44.523,
53,2479,44.523,
53,2512,44.523,
53,2545,44.523,
53,2578,44.523,
53,2611,44.523,
53,2644,44.523,
53,2677,44.523,
53,2710,44.523,
53,2743,44.523,
53,2776,44.523,
53,2809,44.523,
53,2842,44.523,
53,2875,44.523,
53,2908,44.523,
53,2941,44.523,
53,2974,44.523,
53,3007,44.523,
53,3040,44.523,
53,3073,44.523,
53,3106,44.523,
53,3139,44.523,
53,3172,44.523,
53,3205,44.523,
53,3238,44.523,
53,3271,44.523,
53,3304,44.523,
53,3337,44.523,
53,3370,44.523,
53,3403,44.523,
53,3436,44.523,
53,3469,44.523,
53,3502,44.523,
53,3535,44.523,
53,3568,44.523,
53,3601,44.523,
53,3634,44.523,
53,3667,44.523,
53,3700,44.523,
53,3733,44.523,
53,3766,44.523,
53,3799,44.523,
53,3832,44.523,
53,3865,44.523,
53,3898,44.523,
53,3931,44.523,
53,3964,44.523,
53,3997,44.523,
53,4030,44.523,
53,4063,44.523,
53,4096,44.523,
53,4129,44.523,
53,4162,44.523,
53,4195,44.523,
53,4228,44.523,
53,4261,44.523,
53,4294,44.523,
53,4327,44.523,
53,4360,44.523,
53,4393,44.523,
53,4426,44.523,
53,4459,44.523,
53,4492,44.523,
53,4525,44.523,
53,4558,44.523,
53,4591,44.523,
53,4624,44.523,
53,4657,44.523,
53,4690,44.523,
53,4723,44.523,
53,4756,44.523,
53,4789,44.523,
53,4822,44.523,
53,4855,44.523,
53,4888,44.523,
53,4921,44.523,
53,4954,44.523,
53,4987,44.523,
53,5058,64.002,
53,5091,56.717,
53,5124,50.485,
53,5157,50.222,
53,5190,49.142,
53,5223,49.142,
53,5256,48.795,
53,5289,48.409,
53,5322,46.855,
53,5355,46.855,
53,5388,46.855,
53,5421,46.855,
53,5454,46.855,
53,5487,46.855,
53,5520,46.855,
53,5553,46.855,
53,5586,46.767,
53,5619,46.649,
53,5652,46.424,
53,5685,46.424,
53,5718,45.84,
53,5751,45.84,
53,5784,45.84,
53,5817,45.529,
53,5850,45.529,
53,5883,45.529,
53,5916,45.529,
53,5949,45.453,
53,5982,45.279,
53,6015,45.192,
53,6048,45.192,
53,6081,45.181,
53,6114,45.181,
53,6147,45.04,
53,6180,45.013,
53,6213,45.013,
53,6246,45.003,
53,6279,44.923,
53,6312,44.858,
53,6345,44.801,
53,6378,44.732,
53,6411,44.688,
53,6444,44.638,
53,6477,44.605,
53,6510,44.562,
53,6543,44.562,
53,6576,44.549,
53,6609,44.544,
53,6642,44.542,
53,6675,44.537,
53,6708,44.535,
53,6741,44.532,
53,6774,44.531,
53,6807,44.528,
53,6840,44.527,
53,6873,44.526,
53,6906,44.526,
53,6939,44.524,
53,6972,44.524,
53,7005,44.524,
53,7038,44.524,
53,7071,44.524,
53,7104,44.524,
53,7137,44.523,
53,7170,44.523,
53,7203,44.523,
53,7236,44.523,
53,7269,44.523,
53,7302,44.523,
53,7335,44.523,
53,7368,44.523,
53,7401,44.523,
53,7434,44.523,
53,7467,44.523,
53,7500,44.523,
53,7533,44.523,
53,7566,44.523,
53,7599,44.523,
53,7632,44.523,
53,7665,44.523,
53,7698,44.523,
53,7731,44.523,
53,7764,44.523,
53,7797,44.523,
53,7830,44.523,
53,7863,44.523,
53,7896,44.523,
53,7929,44.523,
53,7962,44.523,
53,7995,44.523,
53,8028,44.523,
53,8061,44.523,
53,8094,44.523,
53,8127,44.523,
53,8160,44.523,
53,8193,44.523,
53,8226,44.523,
53,8259,44.523,
53,8292,44.523,
53,8325,44.523,
53,8358,44.523,
53,8391,44.523,
53,8424,44.523,
53,8457,44.523,
53,8490,44.523,
53,8523,44.523,
53,8556,44.523,
53,8589,44.523,
53,8622,44.523,
53,8655,44.523,
53,8688,44.523,
53,8721,44.523,
53,8754,44.523,
53,8787,44.523,
53,8820,44.523,
53,8853,44.523,
53,8886,44.523,
53,8919,44.523,
53,8952,44.523,
53,8985,44.523,
53,9018,44.523,
53,9051,44.523,
53,9084,44.523,
53,9117,44.523,
53,9150,44.523,
53,9183,44.523,
53,9216,44.523,
53,9249,44.523,
53,9282,44.523,
53,9315,44.523,
53,9348,44.523,
53,9381,44.523,
53,9414,44.523,
53,9447,44.523,
53,9480,44.523,
53,9513,44.523,
53,9546,44.523,
53,9579,44.523,
53,9612,44.523,
53,9645,44.523,
53,9678,44.523,
53,9711,44.523,
53,9744,44.523,
53,9777,44.523,
53,9810,44.523,
53,9843,44.523,
53,9876,44.523,
53,9909,44.523,
53,9942,44.523,
53,9975,44.523,
17,35,91.097,
17,68,61.401,
17,101,53.023,
17,134,51.158,
17,167,49.858,
17,200,49.563,
17,233,49.054,
17,266,49.054,
17,299,48.97,
17,332,48.276,
17,365,47.306,
17,398,47.306,
17,431,47.306,
17,464,47.306,
17,497,47.251,
17,530,47.216,
17,563,46.837,
17,596,46.837,
17,629,46.145,
17,662,46.015,
17,695,45.476,
17,728,45.476,
17,761,45.149,
17,794,45.149,
17,827,45.149,
17,860,45.149,
17,893,45.149,
17,926,45.149,
17,959,45.149,
17,992,45.149,
17,1025,45.149,
17,1058,45.113,
17,1091,45.113,
17,1124,45.113,
17,1157,45.113,
17,1190,45.013,
17,1223,45.013,
17,1256,44.923,
17,1289,44.923,
17,1322,44.923,
17,1355,44.923,
17,1388,44.864,
17,1421,44.813,
17,1454,44.711,
17,1487,44.711,
17,1520,44.711,
17,1553,44.647,
17,1586,44.616,
17,1619,44.6,
17,1652,44.59,
17,1685,44.569,
17,1718,44.569,
17,1751,44.554,
17,1784,44.554,
17,1817,44.552,
17,1850,44.542,
17,1883,44.538,
17,1916,44.537,
17,1949,44.537,
17,1982,44.536,
17,2015,44.535,
17,2048,44.532,
17,2081,44.529,
17,2114,44.529,
17,2147,44.528,
17,2180,44.527,
17,2213,44.526,
17,2246,44.526,
17,2279,44.526,
17,2312,44.525,
17,2345,44.525,
17,2378,44.524,
17,2411,44.524,
17,2444,44.524,
17,2477,44.524,
17,2510,44.524,
17,2543,44.523,
17,2576,44.523,
17,2609,44.523,
17,2642,44.523,
17,2675,44.523,
17,2708,44.523,
17,2741,44.523,
17,2774,44.523,
17,2807,44.523,
17,2840,44.523,
17,2873,44.523,
17,2906,44.523,
17,2939,44.523,
17,2972,44.523,
17,3005,44.523,
17,3038,44.523,
17,3071,44.523,
17,3104,44.523,
17,3137,44.523,
17,3170,44.523,
17,3203,44.523,
17,3236,44.523,
17,3269,44.523,
17,3302,44.523,
17,3335,44.523,
17,3368,44.523,
17,3401,44.523,
17,3434,44.523,
17,3467,44.523,
17,3500,44.523,
17,3533,44.523,
17,3566,44.523,
17,3599,44.523,
17,3632,44.523,
17,3665,44.523,
17,3698,44.523,
17,3731,44.523,
17,3764,44.523,
17,3797,44.523,
17,3830,44.523,
17,3863,44.523,
17,3896,44.523,
17,3929,44.523,
17,3962,44.523,
17,3995,44.523,
17,4028,44.523,
17,4061,44.523,
17,4094,44.523,
17,4127,44.523,
17,4160,44.523,
17,4193,44.523,
17,4226,44.523,
17,4259,44.523,
17,4292,44.523,
17,4325,44.523,
17,4358,44.523,
17,4391,44.523,
17,4424,44.523,
17,4457,44.523,
17,4490,44.523,
17,4523,44.523,
17,4556,44.523,
17,4589,44.523,
17,4622,44.523,
17,4655,44.523,
17,4688,44.523,
17,4757,69.084,
17,4790,56.711,
17,4823,50.252,
17,4856,49.779,
17,4889,48.569,
17,4922,48.441,
17,4955,48.441,
17,4988,47.73,
17,5021,47.685,
17,5054,47.685,
17,5087,46.619,
17,5120,46.245,
17,5153,46.182,
17,5186,45.505,
17,5219,45.505,
17,5252,45.471,
17,5285,45.471,
17,5318,45.471,
17,5351,45.471,
17,5384,45.471,
17,5417,45.471,
17,5450,45.471,
17,5483,45.438,
17,5516,45.318,
17,5549,45.274,
17,5582,45.123,
17,5615,45.123,
17,5648,45.054,
17,5681,44.893,
17,5714,44.81,
17,5747,44.81,
17,5780,44.81,
17,5813,44.806,
17,5846,44.707,
17,5879,44.651,
17,5912,44.651,
17,5945,44.651,
17,5978,44.616,
17,6011,44.572,
17,6044,44.572,
17,6077,44.556,
17,6110,44.553,
17,6143,44.541,
17,6176,44.537,
17,6209,44.534,
17,6242,44.533,
17,6275,44.529,
17,6308,44.526,
17,6341,44.526,
17,6374,44.525,
17,6407,44.525,
17,6440,44.524,
17,6473,44.524,
17,6506,44.524,
17,6539,44.524,
17,6572,44.523,
17,6605,44.523,
17,6638,44.523,
17,6671,44.523,
17,6704,44.523,
17,6737,44.523,
17,6770,44.523,
17,6803,44.523,
17,6836,44.523,
17,6869,44.523,
17,6902,44.523,
17,6935,44.523,
17,6968,44.523,
17,7001,44.523,
17,7034,44.523,
17,7067,44.523,
17,7100,44.523,
17,7133,44.523,
17,7166,44.523,
17,7199,44.523,
17,7232,44.523,
17,7265,44.523,
17,7298,44.523,
17,7331,44.523,
17,7364,44.523,
17,7397,44.523,
17,7430,44.523,
17,7463,44.523,
17,7496,44.523,
17,7529,44.523,
17,7562,44.523,
17,7595,44.523,
17,7628,44.523,
17,7661,44.523,
17,7694,44.523,
17,7727,44.523,
17,7760,44.523,
17,7793,44.523,
17,7826,44.523,
17,7859,44.523,
17,7892,44.523,
17,7925,44.523,
17,7958,44.523,
17,7991,44.523,
17,8024,44.523,
17,8057,44.523,
17,8090,44.523,
17,8123,44.523,
17,8156,44.523,
17,8189,44.523,
17,8222,44.523,
17,8255,44.523,
17,8288,44.523,
17,8321,44.523,
17,8354,44.523,
17,8387,44.523,
17,8458,77.381,
17,8491,64.79,
17,8524,53.337,
17,8557,50.472,
17,8590,49.774,
17,8623,48.942,
17,8656,48.942,
17,8689,48.783,
17,8722,48.758,
17,8755,48.599,
17,8788,48.562,
17,8821,48.431,
17,8854,48.431,
17,8887,48.088,
17,8920,48.088,
17,8953,47.95,
17,8986,47.422,
17,9019,47.123,
17,9052,46.633,
17,9085,46.633,
17,9118,46.633,
17,9151,46.633,
17,9184,45.989,
17,9217,45.989,
17,9250,45.378,
17,9283,45.354,
17,9316,45.354,
17,9349,45.153,
17,9382,45.153,
17,9415,45.153,
17,9448,45.081,
17,9481,45.081,
17,9514,45.081,
17,9547,44.914,
17,9580,44.914,
17,9613,44.86,
17,9646,44.681,
17,9679,44.663,
17,9712,44.63,
17,9745,44.611,
17,9778,44.572,
17,9811,44.572,
17,9844,44.563,
17,9877,44.55,
17,9910,44.55,
17,9943,44.542,
17,9976,44.532,
45,67,64.087,
45,100,55.762,
45,133,52.457,
45,166,51.077,
45,199,50.399,
45,232,49.609,
45,265,49.532,
45,298,49.158,
45,331,49.158,
45,364,48.861,
45,397,48.299,
45,430,48.299,
45,463,47.392,
45,496,47.392,
45,529,47.392,
45,562,47.392,
45,595,47.392,
45,628,46.987,
45,661,46.987,
45,694,46.615,
45,727,46.024,
45,760,46.024,
45,793,45.667,
45,826,45.428,
45,859,45.428,
45,892,45.118,
45,925,45.118,
45,958,45.1,
45,991,45.1,
45,1024,45.1,
45,1057,45.034,
45,1090,44.841,
45,1123,44.839,
45,1156,44.839,
45,1189,44.824,
45,1222,44.754,
45,1255,44.669,
45,1288,44.613,
45,1321,44.601,
45,1354,44.589,
45,1387,44.589,
45,1420,44.575,
45,1453,44.575,
45,1486,44.572,
45,1519,44.556,
45,1552,44.547,
45,1585,44.54,
45,1618,44.534,
45,1651,44.534,
45,1684,44.534,
45,1717,44.534,
45,1750,44.534,
45,1783,44.533,
45,1816,44.531,
45,1849,44.531,
45,1882,44.529,
45,1915,44.526,
45,1948,44.526,
45,1981,44.525,
45,2014,44.525,
45,2047,44.525,
45,2080,44.525,
45,2113,44.525,
45,2146,44.524,
45,2179,44.524,
45,2212,44.524,
45,2245,44.524,
45,2278,44.523,
45,2311,44.523,
45,2344,44.523,
45,2377,44.523,
45,2410,44.523,
45,2443,44.523,
45,2476,44.523,
45,2509,44.523,
45,2542,44.523,
45,2575,44.523,
45,2608,44.523,
45,2641,44.523,
45,2674,44.523,
45,2707,44.523,
45,2740,44.523,
45,2773,44.523,
45,2806,44.523,
45,2839,44.523,
45,2872,44.523,
45,2905,44.523,
45,2938,44.523,
45,2971,44.523,
45,3004,44.523,
45,3037,44.523,
45,3070,44.523,
45,3103,44.523,
45,3136,44.523,
45,3169,44.523,
45,3202,44.523,
45,3235,44.523,
45,3268,44.523,
45,3301,44.523,
45,3334,44.523,
45,3367,44.523,
45,3400,44.523,
45,3433,44.523,
45,3466,44.523,
45,3499,44.523,
45,3532,44.523,
45,3565,44.523,
45,3598,44.523,
45,3631,44.523,
45,3664,44.523,
45,3697,44.523,
45,3730,44.523,
45,3763,44.523,
45,3796,44.523,
45,3829,44.523,
45,3862,44.523,
45,3895,44.523,
45,3928,44.523,
45,3961,44.523,
45,3994,44.523,
45,4027,44.523,
45,4060,44.523,
45,4093,44.523,
45,4159,71.355,
45,4192,56.042,
45,4225,52.602,
45,4258,50.775,
45,4291,50.287,
45,4324,49.923,
45,4357,48.796,
45,4390,48.796,
45,4423,48.796,
45,4456,48.54,
45,4489,47.56,
45,4522,47.56,
45,4555,47.56,
45,4588,47.56,
45,4621,47.331,
45,4654,47.228,
45,4687,46.501,
45,4720,46.501,
45,4753,45.762,
45,4786,45.762,
45,4819,45.762,
45,4852,45.672,
45,4885,45.672,
45,4918,45.174,
45,4951,45.174,
45,4984,45.174,
45,5017,45.064,
45,5050,44.902,
45,5083,44.902,
45,5116,44.878,
45,5149,44.837,
45,5182,44.759,
45,5215,44.755,
45,5248,44.628,
45,5281,44.586,
45,5314,44.575,
45,5347,44.567,
45,5380,44.561,
45,5413,44.551,
45,5446,44.548,
45,5479,44.548,
45,5512,44.546,
45,5545,44.546,
45,5578,44.541,
45,5611,44.539,
45,5644,44.535,
45,5677,44.533,
45,5710,44.532,
45,5743,44.532,
45,5776,44.53,
45,5809,44.528,
45,5842,44.528,
45,5875,44.527,
45,5908,44.527,
45,5941,44.527,
45,5974,44.527,
45,6007,44.526,
45,6040,44.525,
45,6073,44.524,
45,6106,44.524,
45,6139,44.524,
45,6172,44.524,
45,6205,44.524,
45,6238,44.523,
45,6271,44.523,
45,6304,44.523,
45,6337,44.523,
45,6370,44.523,
45,6403,44.523,
45,6436,44.523,
45,6469,44.523,
45,6502,44.523,
45,6535,44.523,
45,6568,44.523,
45,6601,44.523,
45,6634,44.523,
45,6667,44.523,
45,6700,44.523,
45,6733,44.523,
45,6766,44.523,
45,6799,44.523,
45,6832,44.523,
45,6865,44.523,
45,6898,44.523,
45,6931,44.523,
45,6964,44.523,
45,6997,44.523,
45,7030,44.523,
45,7063,44.523,
45,7096,44.523,
45,7129,44.523,
45,7162,44.523,
45,7195,44.523,
45,7228,44.523,
45,7261,44.523,
45,7294,44.523,
45,7327,44.523,
45,7360,44.523,
45,7393,44.523,
45,7426,44.523,
45,7459,44.523,
45,7492,44.523,
45,7525,44.523,
45,7558,44.523,
45,7591,44.523,
45,7624,44.523,
45,7657,44.523,
45,7690,44.523,
45,7723,44.523,
45,7756,44.523,
45,7789,44.523,
45,7822,44.523,
45,7855,44.523,
45,7888,44.523,
45,7921,44.523,
45,7954,44.523,
45,7987,44.523,
45,8020,44.523,
45,8053,44.523,
45,8086,44.523,
45,8119,44.523,
45,8152,44.523,
45,8185,44.523,
45,8218,44.523,
45,8251,44.523,
45,8284,44.523,
45,8317,44.523,
45,8350,44.523,
45,8383,44.523,
45,8416,44.523,
45,8449,44.523,
45,8482,44.523,
45,8515,44.523,
45,8548,44.523,
45,8581,44.523,
45,8614,44.523,
45,8647,44.523,
45,8680,44.523,
45,8713,44.523,
45,8746,44.523,
45,8779,44.523,
45,8812,44.523,
45,8845,44.523,
45,8878,44.523,
45,8911,44.523,
45,8944,44.523,
45,8977,44.523,
45,9043,84.249,
45,9076,58.795,
45,9109,54.804,
45,9142,50.429,
45,9175,50.255,
45,9208,49.325,
45,9241,48.643,
45,9274,48.643,
45,9307,48.325,
45,9340,48.107,
45,9373,47.979,
45,9406,46.666,
45,9439,46.03,
45,9472,46.03,
45,9505,46.03,
45,9538,45.665,
45,9571,45.665,
45,9604,45.635,
45,9637,45.453,
45,9670,45.352,
45,9703,45.352,
45,9736,45.277,
45,9769,45.277,
45,9802,45.084,
45,9835,45.029,
45,9868,45.029,
45,9901,45.004,
45,9934,44.782,
45,9967,44.732,
45,10000,44.695,
15,40,73.522,
15,73,70.235,
15,106,69.826,
15,139,69.107,
15,172,68.981,
15,205,68.631,
15,238,68.631,
15,271,68.631,
15,304,68.631,
15,337,68.62,
15,370,68.253,
15,403,68.253,
15,436,61.238,
15,469,61.224,
15,502,61.224,
15,535,61.224,
15,568,58.273,
15,601,54.179,
15,634,54.179,
15,667,54.179,
15,700,51.849,
15,733,51.849,
15,766,51.849,
15,799,51.479,
15,832,49.243,
15,865,48.437,
15,898,48.249,
15,931,48.136,
15,964,48.089,
15,997,48.068,
15,1030,48.051,
15,1063,48.03,
15,1096,48.016,
15,1129,48.012,
15,1162,48.008,
15,1195,48.002,
15,1228,48.0,
15,1261,47.999,
15,1294,47.996,
15,1327,47.994,
15,1360,47.994,
15,1393,47.994,
15,1426,47.994,
15,1459,47.993,
15,1492,47.993,
15,1525,47.992,
15,1558,47.991,
15,1591,47.991,
15,1624,47.991,
15,1657,47.991,
15,1690,47.991,
15,1723,47.99,
15,1756,47.99,
15,1789,47.99,
15,1822,47.99,
15,1855,47.99,
15,1888,47.989,
15,1921,47.989,
15,1954,47.989,
15,1987,47.989,
15,2020,47.989,
15,2053,47.989,
15,2086,47.989,
15,2119,47.989,
15,2152,47.989,
15,2185,47.989,
15,2218,47.989,
15,2251,47.989,
15,2284,47.989,
15,2317,47.989,
15,2350,47.989,
15,2383,47.989,
15,2416,47.989,
15,2449,47.989,
15,2482,47.989,
15,2515,47.989,
15,2548,47.989,
15,2581,47.989,
15,2614,47.989,
15,2647,47.989,
15,2680,47.989,
15,2713,47.989,
15,2746,47.989,
15,2779,47.988,
15,2812,47.988,
15,2845,47.988,
15,2878,47.988,
15,2911,47.988,
15,2944,47.988,
15,2977,47.988,
15,3010,47.988,
15,3043,47.988,
15,3076,47.988,
15,3109,47.988,
15,3142,47.988,
15,3175,47.988,
15,3208,47.988,
15,3241,47.988,
15,3274,47.988,
15,3307,47.988,
15,3340,47.988,
15,3373,47.988,
15,3406,47.988,
15,3439,47.988,
15,3472,47.988,
15,3505,47.988,
15,3538,47.988,
15,3571,47.988,
15,3604,47.988,
15,3637,47.988,
15,3670,47.988,
15,3703,47.988,
15,3736,47.988,
15,3769,47.988,
15,3802,47.988,
15,3835,47.988,
15,3868,47.988,
15,3901,47.988,
15,3934,47.988,
15,3967,47.988,
15,4000,47.988,
15,4033,47.988,
15,4066,47.988,
15,4099,47.988,
15,4132,47.988,
15,4165,47.988,
15,4198,47.988,
15,4231,47.988,
15,4264,47.988,
15,4297,47.988,
15,4330,47.988,
15,4363,47.988,
15,4396,47.988,
15,4429,47.988,
15,4462,47.988,
15,4495,47.988,
15,4528,47.988,
15,4561,47.988,
15,4594,47.988,
15,4627,47.988,
15,4660,47.988,
15,4693,47.988,
15,4726,47.988,
15,4759,47.988,
15,4792,47.988,
15,4825,47.988,
15,4858,47.988,
15,4891,47.988,
15,4924,47.988,
15,4957,47.988,
15,4990,47.988,
15,5023,47.988,
15,5056,47.988,
15,5089,47.988,
15,5156,75.32,
15,5189,70.777,
15,5222,69.394,
15,5255,68.902,
15,5288,68.743,
15,5321,68.658,
15,5354,68.658,
15,5387,65.689,
15,5420,65.689,
15,5453,58.225,
15,5486,57.913,
15,5519,50.784,
15,5552,50.784,
15,5585,49.448,
15,5618,48.347,
15,5651,48.347,
15,5684,48.347,
15,5717,48.207,
15,5750,48.207,
15,5783,48.201,
15,5816,48.108,
15,5849,48.079,
15,5882,48.01,
15,5915,47.943,
15,5948,47.848,
15,5981,47.848,
15,6014,47.844,
15,6047,47.836,
15,6080,47.813,
15,6113,47.813,
15,6146,47.8,
15,6179,47.794,
15,6212,47.793,
15,6245,47.788,
15,6278,47.786,
15,6311,47.784,
15,6344,47.783,
15,6377,47.781,
15,6410,47.779,
15,6443,47.778,
15,6476,47.777,
15,6509,47.777,
15,6542,47.776,
15,6575,47.775,
15,6608,47.775,
15,6641,47.775,
15,6674,47.775,
15,6707,47.774,
15,6740,47.774,
15,6773,47.774,
15,6806,47.774,
15,6839,47.774,
15,6872,47.773,
15,6905,47.773,
15,6938,47.773,
15,6971,47.773,
15,7004,47.773,
15,7037,47.773,
15,7070,47.773,
15,7103,47.773,
15,7136,47.773,
15,7169,47.773,
15,7202,47.773,
15,7235,47.773,
15,7268,47.773,
15,7301,47.773,
15,7334,47.773,
15,7367,47.773,
15,7400,47.773,
15,7433,47.773,
15,7466,47.773,
15,7499,47.773,
15,7532,47.773,
15,7565,47.773,
15,7598,47.773,
15,7631,47.773,
15,7664,47.773,
15,7697,47.773,
15,7730,47.773,
15,7763,47.773,
15,7796,47.773,
15,7829,47.773,
15,7862,47.773,
15,7895,47.773,
15,7928,47.773,
15,7961,47.773,
15,7994,47.773,
15,8027,47.773,
15,8060,47.773,
15,8093,47.773,
15,8126,47.773,
15,8159,47.773,
15,8192,47.773,
15,8225,47.773,
15,8258,47.773,
15,8291,47.773,
15,8324,47.773,
15,8357,47.773,
15,8390,47.773,
15,8423,47.773,
15,8456,47.773,
15,8489,47.773,
15,8522,47.773,
15,8555,47.773,
15,8588,47.773,
15,8621,47.773,
15,8654,47.773,
15,8687,47.773,
15,8758,78.21,
15,8791,71.893,
15,8824,65.606,
15,8857,60.564,
15,8890,58.131,
15,8923,54.054,
15,8956,51.321,
15,8989,49.912,
15,9022,48.929,
15,9055,48.929,
15,9088,48.929,
15,9121,48.384,
15,9154,48.332,
15,9187,48.332,
15,9220,48.254,
15,9253,48.254,
15,9286,47.811,
15,9319,47.677,
15,9352,47.677,
15,9385,47.677,
15,9418,46.777,
15,9451,46.528,
15,9484,46.528,
15,9517,46.421,
15,9550,46.421,
15,9583,45.867,
15,9616,45.85,
15,9649,45.702,
15,9682,45.461,
15,9715,45.431,
15,9748,45.431,
15,9781,45.431,
15,9814,45.379,
15,9847,45.379,
15,9880,45.379,
15,9913,45.291,
15,9946,45.085,
15,9979,45.032,
38,43,84.529,
38,76,71.493,
38,109,55.018,
38,142,52.737,
38,175,49.234,
38,208,49.234,
38,241,49.234,
38,274,48.887,
38,307,48.887,
38,340,48.688,
38,373,47.985,
38,406,47.823,
38,439,47.225,
38,472,46.661,
38,505,46.623,
38,538,46.236,
38,571,45.686,
38,604,45.686,
38,637,45.571,
38,670,45.571,
38,703,45.571,
38,736,45.396,
38,769,45.396,
38,802,45.396,
38,835,45.357,
38,868,45.357,
38,901,45.357,
38,934,45.357,
38,967,45.281,
38,1000,45.281,
38,1033,45.114,
38,1066,45.114,
38,1099,45.114,
38,1132,45.028,
38,1165,44.958,
38,1198,44.752,
38,1231,44.712,
38,1264,44.675,
38,1297,44.637,
38,1330,44.62,
38,1363,44.599,
38,1396,44.577,
38,1429,44.563,
38,1462,44.563,
38,1495,44.56,
38,1528,44.557,
38,1561,44.549,
38,1594,44.546,
38,1627,44.537,
38,1660,44.537,
38,1693,44.534,
38,1726,44.53,
38,1759,44.53,
38,1792,44.528,
38,1825,44.528,
38,1858,44.526,
38,1891,44.526,
38,1924,44.525,
38,1957,44.525,
38,1990,44.524,
38,2023,44.524,
38,2056,44.524,
38,2089,44.524,
38,2122,44.523,
38,2155,44.523,
38,2188,44.523,
38,2221,44.523,
38,2254,44.523,
38,2287,44.523,
38,2320,44.523,
38,2353,44.523,
38,2386,44.523,
38,2419,44.523,
38,2452,44.523,
38,2485,44.523,
38,2518,44.523,
38,2551,44.523,
38,2584,44.523,
38,2617,44.523,
38,2650,44.523,
38,2683,44.523,
38,2716,44.523,
38,2749,44.523,
38,2782,44.523,
38,2815,44.523,
38,2848,44.523,
38,2881,44.523,
38,2914,44.523,
38,2947,44.523,
38,2980,44.523,
38,3013,44.523,
38,3046,44.523,
38,3079,44.523,
38,3112,44.523,
38,3145,44.523,
38,3178,44.523,
38,3211,44.523,
38,3244,44.523,
38,3277,44.523,
38,3310,44.523,
38,3343,44.523,
38,3376,44.523,
38,3409,44.523,
38,3442,44.523,
38,3475,44.523,
38,3508,44.523,
38,3541,44.523,
38,3574,44.523,
38,3607,44.523,
38,3640,44.523,
38,3673,44.523,
38,3706,44.523,
38,3739,44.523,
38,3772,44.523,
38,3805,44.523,
38,3838,44.523,
38,3871,44.523,
38,3904,44.523,
38,3937,44.523,
38,3970,44.523,
38,4003,44.523,
38,4036,44.523,
38,4069,44.523,
38,4102,44.523,
38,4135,44.523,
38,4168,44.523,
38,4267,66.304,
38,4300,62.299,
38,4333,61.184,
38,4366,56.464,
38,4399,53.312,
38,4432,47.665,
38,4465,47.665,
38,4498,47.665,
38,4531,47.665,
38,4564,47.665,
38,4597,47.665,
38,4630,47.665,
38,4663,47.419,
38,4696,47.419,
38,4729,46.805,
38,4762,46.493,
38,4795,46.493,
38,4828,46.493,
38,4861,46.287,
38,4894,45.473,
38,4927,45.473,
38,4960,45.473,
38,4993,45.473,
38,5026,45.473,
38,5059,45.473,
38,5092,45.473,
38,5125,45.473,
38,5158,45.345,
38,5191,45.345,
38,5224,45.345,
38,5257,45.345,
38,5290,45.345,
38,5323,45.345,
38,5356,45.345,
38,5389,45.345,
38,5422,45.338,
38,5455,45.338,
38,5488,45.246,
38,5521,45.246,
38,5554,45.165,
38,5587,45.165,
38,5620,45.069,
38,5653,45.053,
38,5686,45.007,
38,5719,45.007,
38,5752,44.833,
38,5785,44.833,
38,5818,44.833,
38,5851,44.755,
38,5884,44.755,
38,5917,44.708,
38,5950,44.626,
38,5983,44.612,
38,6016,44.603,
38,6049,44.603,
38,6082,44.58,
38,6115,44.573,
38,6148,44.569,
38,6181,44.565,
38,6214,44.553,
38,6247,44.539,
38,6280,44.539,
38,6313,44.539,
38,6346,44.538,
38,6379,44.53,
38,6412,44.53,
38,6445,44.53,
38,6478,44.53,
38,6511,44.53,
38,6544,44.53,
38,6577,44.53,
38,6610,44.529,
38,6643,44.529,
38,6676,44.527,
38,6709,44.527,
38,6742,44.526,
38,6775,44.525,
38,6808,44.525,
38,6841,44.525,
38,6874,44.524,
38,6907,44.524,
38,6940,44.524,
38,6973,44.524,
38,7006,44.524,
38,7039,44.523,
38,7072,44.523,
38,7105,44.523,
38,7138,44.523,
38,7171,44.523,
38,7204,44.523,
38,7237,44.523,
38,7270,44.523,
38,7303,44.523,
38,7336,44.523,
38,7369,44.523,
38,7402,44.523,
38,7435,44.523,
38,7468,44.523,
38,7501,44.523,
38,7534,44.523,
38,7567,44.523,
38,7600,44.523,
38,7633,44.523,
38,7666,44.523,
38,7699,44.523,
38,7732,44.523,
38,7765,44.523,
38,7798,44.523,
38,7831,44.523,
38,7864,44.523,
38,7897,44.523,
38,7930,44.523,
38,7963,44.523,
38,7996,44.523,
38,8029,44.523,
38,8062,44.523,
38,8095,44.523,
38,8128,44.523,
38,8161,44.523,
38,8194,44.523,
38,8227,44.523,
38,8260,44.523,
38,8293,44.523,
38,8326,44.523,
38,8359,44.523,
38,8392,44.523,
38,8425,44.523,
38,8458,44.523,
38,8491,44.523,
38,8524,44.523,
38,8557,44.523,
38,8590,44.523,
38,8623,44.523,
38,8656,44.523,
38,8689,44.523,
38,8722,44.523,
38,8755,44.523,
38,8788,44.523,
38,8821,44.523,
38,8854,44.523,
38,8887,44.523,
38,8920,44.523,
38,8953,44.523,
38,8986,44.523,
38,9019,44.523,
38,9052,44.523,
38,9085,44.523,
38,9118,44.523,
38,9151,44.523,
38,9184,44.523,
38,9217,44.523,
38,9250,44.523,
38,9283,44.523,
38,9316,44.523,
38,9349,44.523,
38,9382,44.523,
38,9415,44.523,
38,9448,44.523,
38,9481,44.523,
38,9547,81.298,
38,9580,63.242,
38,9613,51.951,
38,9646,50.067,
38,9679,48.829,
38,9712,48.764,
38,9745,48.764,
38,9778,48.741,
38,9811,47.975,
38,9844,45.938,
38,9877,45.938,
38,9910,45.938,
38,9943,45.772,
38,9976,45.658,
48,67,71.667,
48,100,69.369,
48,133,68.873,
48,166,68.873,
48,199,68.842,
48,232,68.731,
48,265,68.695,
48,298,60.173,
48,331,60.173,
48,364,60.173,
48,397,60.173,
48,430,56.896,
48,463,54.865,
48,496,53.75,
48,529,53.75,
48,562,51.461,
48,595,49.151,
48,628,48.167,
48,661,48.167,
48,694,48.167,
48,727,48.167,
48,760,48.142,
48,793,47.949,
48,826,47.949,
48,859,47.914,
48,892,47.838,
48,925,47.83,
48,958,47.829,
48,991,47.822,
48,1024,47.82,
48,1057,47.806,
48,1090,47.806,
48,1123,47.797,
48,1156,47.779,
48,1189,47.779,
48,1222,47.779,
48,1255,47.779,
48,1288,47.779,
48,1321,47.779,
48,1354,47.777,
48,1387,47.777,
48,1420,47.777,
48,1453,47.776,
48,1486,47.776,
48,1519,47.775,
48,1552,47.775,
48,1585,47.775,
48,1618,47.774,
48,1651,47.774,
48,1684,47.774,
48,1717,47.774,
48,1750,47.774,
48,1783,47.774,
48,1816,47.773,
48,1849,47.773,
48,1882,47.773,
48,1915,47.773,
48,1948,47.773,
48,1981,47.773,
48,2014,47.773,
48,2047,47.773,
48,2080,47.773,
48,2113,47.773,
48,2146,47.773,
48,2179,47.773,
48,2212,47.773,
48,2245,47.773,
48,2278,47.773,
48,2311,47.773,
48,2344,47.773,
48,2377,47.773,
48,2410,47.773,
48,2443,47.773,
48,2476,47.773,
48,2509,47.773,
48,2542,47.773,
48,2575,47.773,
48,2608,47.773,
48,2641,47.773,
48,2674,47.773,
48,2707,47.773,
48,2740,47.773,
48,2773,47.773,
48,2806,47.773,
48,2839,47.773,
48,2872,47.773,
48,2905,47.773,
48,2938,47.773,
48,2971,47.773,
48,3004,47.773,
48,3037,47.773,
48,3070,47.773,
48,3103,47.773,
48,3136,47.773,
48,3169,47.773,
48,3268,74.999,
48,3301,54.296,
48,3334,54.296,
48,3367,51.809,
48,3400,48.929,
48,3433,48.929,
48,3466,47.856,
48,3499,46.752,
48,3532,46.533,
48,3565,46.533,
48,3598,46.533,
48,3631,46.131,
48,3664,46.08,
48,3697,45.908,
48,3730,45.56,
48,3763,45.56,
48,3796,45.292,
48,3829,45.248,
48,3862,45.219,
48,3895,45.074,
48,3928,45.014,
48,3961,44.892,
48,3994,44.776,
48,4027,44.736,
48,4060,44.694,
48,4093,44.626,
48,4126,44.591,
48,4159,44.58,
48,4192,44.57,
48,4225,44.558,
48,4258,44.548,
48,4291,44.548,
48,4324,44.544,
48,4357,44.54,
48,4390,44.533,
48,4423,44.531,
48,4456,44.531,
48,4489,44.529,
48,4522,44.529,
48,4555,44.529,
48,4588,44.526,
48,4621,44.526,
48,4654,44.526,
48,4687,44.525,
48,4720,44.525,
48,4753,44.525,
48,4786,44.524,
48,4819,44.524,
48,4852,44.523,
48,4885,44.523,
48,4918,44.523,
48,4951,44.523,
48,4984,44.523,
48,5017,44.523,
48,5050,44.523,
48,5083,44.523,
48,5116,44.523,
48,5149,44.523,
48,5182,44.523,
48,5215,44.523,
48,5248,44.523,
48,5281,44.523,
48,5314,44.523,
48,5347,44.523,
48,5380,44.523,
48,5413,44.523,
48,5446,44.523,
48,5479,44.523,
48,5512,44.523,
48,5545,44.523,
48,5578,44.523,
48,5611,44.523,
48,5644,44.523,
48,5677,44.523,
48,5710,44.523,
48,5743,44.523,
48,5776,44.523,
48,5809,44.523,
48,5842,44.523,
48,5875,44.523,
48,5908,44.523,
48,5941,44.523,
48,5974,44.523,
48,6007,44.523,
48,6040,44.523,
48,6073,44.523,
48,6106,44.523,
48,6139,44.523,
48,6172,44.523,
48,6205,44.523,
48,6238,44.523,
48,6271,44.523,
48,6304,44.523,
48,6337,44.523,
48,6370,44.523,
48,6403,44.523,
48,6436,44.523,
48,6469,44.523,
48,6502,44.523,
48,6535,44.523,
48,6568,44.523,
48,6601,44.523,
48,6634,44.523,
48,6667,44.523,
48,6700,44.523,
48,6746,94.534,
48,6779,71.567,
48,6812,52.456,
48,6845,52.257,
48,6878,49.368,
48,6911,47.004,
48,6944,47.004,
48,6977,47.004,
48,7010,46.959,
48,7043,46.959,
48,7076,46.959,
48,7109,46.429,
48,7142,45.85,
48,7175,45.65,
48,7208,45.65,
48,7241,45.195,
48,7274,45.195,
48,7307,45.195,
48,7340,45.009,
48,7373,44.995,
48,7406,44.995,
48,7439,44.942,
48,7472,44.84,
48,7505,44.84,
48,7538,44.771,
48,7571,44.771,
48,7604,44.652,
48,7637,44.603,
48,7670,44.603,
48,7703,44.593,
48,7736,44.574,
48,7769,44.558,
48,7802,44.549,
48,7835,44.536,
48,7868,44.535,
48,7901,44.532,
48,7934,44.53,
48,7967,44.53,
48,8000,44.529,
48,8033,44.527,
48,8066,44.526,
48,8099,44.525,
48,8132,44.524,
48,8165,44.524,
48,8198,44.524,
48,8231,44.524,
48,8264,44.523,
48,8297,44.523,
48,8330,44.523,
48,8363,44.523,
48,8396,44.523,
48,8429,44.523,
48,8462,44.523,
48,8495,44.523,
48,8528,44.523,
48,8561,44.523,
48,8594,44.523,
48,8627,44.523,
48,8660,44.523,
48,8693,44.523,
48,8726,44.523,
48,8759,44.523,
48,8792,44.523,
48,8825,44.523,
48,8858,44.523,
48,8891,44.523,
48,8924,44.523,
48,8957,44.523,
48,8990,44.523,
48,9023,44.523,
48,9056,44.523,
48,9089,44.523,
48,9122,44.523,
48,9155,44.523,
48,9188,44.523,
48,9221,44.523,
48,9254,44.523,
48,9287,44.523,
48,9320,44.523,
48,9353,44.523,
48,9386,44.523,
48,9419,44.523,
48,9452,44.523,
48,9485,44.523,
48,9553,75.323,
48,9586,51.089,
48,9619,51.089,
48,9652,51.089,
48,9685,50.516,
48,9718,50.293,
48,9751,48.707,
48,9784,48.707,
48,9817,48.512,
48,9850,48.512,
48,9883,46.984,
48,9916,45.928,
48,9949,45.928,
48,9982,45.928,
10,36,84.152,
10,69,60.753,
10,102,53.152,
10,135,51.442,
10,168,49.873,
10,201,49.183,
10,234,49.183,
10,267,49.183,
10,300,48.376,
10,333,47.636,
10,366,47.636,
10,399,47.092,
10,432,47.092,
10,465,47.092,
10,498,47.085,
10,531,46.264,
10,564,46.264,
10,597,46.05,
10,630,46.05,
10,663,46.05,
10,696,45.915,
10,729,45.915,
10,762,45.915,
10,795,45.793,
10,828,45.532,
10,861,45.532,
10,894,45.509,
10,927,44.95,
10,960,44.95,
10,993,44.95,
10,1026,44.95,
10,1059,44.946,
10,1092,44.946,
10,1125,44.903,
10,1158,44.885,
10,1191,44.725,
10,1224,44.725,
10,1257,44.664,
10,1290,44.664,
10,1323,44.63,
10,1356,44.591,
10,1389,44.591,
10,1422,44.583,
10,1455,44.568,
10,1488,44.563,
10,1521,44.558,
10,1554,44.552,
10,1587,44.552,
10,1620,44.547,
10,1653,44.541,
10,1686,44.54,
10,1719,44.538,
10,1752,44.534,
10,1785,44.533,
10,1818,44.531,
10,1851,44.527,
10,1884,44.527,
10,1917,44.527,
10,1950,44.527,
10,1983,44.525,
10,2016,44.525,
10,2049,44.525,
10,2082,44.524,
10,2115,44.524,
10,2148,44.524,
10,2181,44.524,
10,2214,44.523,
10,2247,44.523,
10,2280,44.523,
10,2313,44.523,
10,2346,44.523,
10,2379,44.523,
10,2412,44.523,
10,2445,44.523,
10,2478,44.523,
10,2511,44.523,
10,2544,44.523,
10,2577,44.523,
10,2610,44.523,
10,2643,44.523,
10,2676,44.523,
10,2709,44.523,
10,2742,44.523,
10,2775,44.523,
10,2808,44.523,
10,2841,44.523,
10,2874,44.523,
10,2907,44.523,
10,2940,44.523,
10,2973,44.523,
10,3006,44.523,
10,3039,44.523,
10,3072,44.523,
10,3105,44.523,
10,3138,44.523,
10,3171,44.523,
10,3204,44.523,
10,3237,44.523,
10,3270,44.523,
10,3303,44.523,
10,3336,44.523,
10,3369,44.523,
10,3402,44.523,
10,3435,44.523,
10,3468,44.523,
10,3501,44.523,
10,3534,44.523,
10,3567,44.523,
10,3600,44.523,
10,3633,44.523,
10,3666,44.523,
10,3699,44.523,
10,3732,44.523,
10,3765,44.523,
10,3798,44.523,
10,3831,44.523,
10,3864,44.523,
10,3897,44.523,
10,3930,44.523,
10,3963,44.523,
10,3996,44.523,
10,4029,44.523,
10,4062,44.523,
10,4095,44.523,
10,4128,44.523,
10,4161,44.523,
10,4194,44.523,
10,4227,44.523,
10,4260,44.523,
10,4293,44.523,
10,4326,44.523,
10,4359,44.523,
10,4392,44.523,
10,4425,44.523,
10,4458,44.523,
10,4491,44.523,
10,4562,60.354,
10,4595,54.475,
10,4628,50.255,
10,4661,50.255,
10,4694,47.889,
10,4727,47.833,
10,4760,47.833,
10,4793,47.833,
10,4826,47.681,
10,4859,47.681,
10,4892,47.517,
10,4925,47.193,
10,4958,47.193,
10,4991,46.429,
10,5024,46.429,
10,5057,45.847,
10,5090,45.847,
10,5123,45.847,
10,5156,45.847,
10,5189,45.74,
10,5222,45.74,
10,5255,45.328,
10,5288,45.328,
10,5321,45.328,
10,5354,45.274,
10,5387,45.235,
10,5420,45.229,
10,5453,45.107,
10,5486,44.774,
10,5519,44.774,
10,5552,44.725,
10,5585,44.71,
10,5618,44.706,
10,5651,44.6,
10,5684,44.592,
10,5717,44.584,
10,5750,44.559,
10,5783,44.559,
10,5816,44.559,
10,5849,44.553,
10,5882,44.544,
10,5915,44.544,
10,5948,44.539,
10,5981,44.539,
10,6014,44.536,
10,6047,44.536,
10,6080,44.536,
10,6113,44.534,
10,6146,44.531,
10,6179,44.531,
10,6212,44.528,
10,6245,44.526,
10,6278,44.526,
10,6311,44.526,
10,6344,44.525,
10,6377,44.525,
10,6410,44.524,
10,6443,44.524,
10,6476,44.524,
10,6509,44.524,
10,6542,44.524,
10,6575,44.523,
10,6608,44.523,
10,6641,44.523,
10,6674,44.523,
10,6707,44.523,
10,6740,44.523,
10,6773,44.523,
10,6806,44.523,
10,6839,44.523,
10,6872,44.523,
10,6905,44.523,
10,6938,44.523,
10,6971,44.523,
10,7004,44.523,
10,7037,44.523,
10,7070,44.523,
10,7103,44.523,
10,7136,44.523,
10,7169,44.523,
10,7202,44.523,
10,7235,44.523,
10,7268,44.523,
10,7301,44.523,
10,7334,44.523,
10,7367,44.523,
10,7400,44.523,
10,7433,44.523,
10,7466,44.523,
10,7499,44.523,
10,7532,44.523,
10,7565,44.523,
10,7598,44.523,
10,7631,44.523,
10,7664,44.523,
10,7697,44.523,
10,7730,44.523,
10,7763,44.523,
10,7796,44.523,
10,7829,44.523,
10,7862,44.523,
10,7895,44.523,
10,7928,44.523,
10,7961,44.523,
10,7994,44.523,
10,8027,44.523,
10,8060,44.523,
10,8093,44.523,
10,8126,44.523,
10,8159,44.523,
10,8192,44.523,
10,8225,44.523,
10,8258,44.523,
10,8291,44.523,
10,8324,44.523,
10,8357,44.523,
10,8390,44.523,
10,8423,44.523,
10,8456,44.523,
10,8489,44.523,
10,8522,44.523,
10,8555,44.523,
10,8588,44.523,
10,8621,44.523,
10,8654,44.523,
10,8687,44.523,
10,8720,44.523,
10,8753,44.523,
10,8786,44.523,
10,8819,44.523,
10,8852,44.523,
10,8885,44.523,
10,8918,44.523,
10,8951,44.523,
10,8984,44.523,
10,9017,44.523,
10,9050,44.523,
10,9083,44.523,
10,9150,77.469,
10,9183,65.82,
10,9216,55.067,
10,9249,55.067,
10,9282,53.118,
10,9315,49.523,
10,9348,49.355,
10,9381,48.85,
10,9414,48.837,
10,9447,48.546,
10,9480,48.4,
10,9513,48.4,
10,9546,48.4,
10,9579,48.243,
10,9612,48.243,
10,9645,48.243,
10,9678,48.243,
10,9711,48.243,
10,9744,47.952,
10,9777,47.952,
10,9810,46.932,
10,9843,46.932,
10,9876,46.932,
10,9909,46.932,
10,9942,46.932,
10,9975,46.844,
11,45,75.375,
11,78,59.758,
11,111,52.949,
11,144,50.744,
11,177,49.333,
11,210,49.312,
11,243,48.795,
11,276,48.718,
11,309,47.739,
11,342,47.541,
11,375,47.541,
11,408,46.96,
11,441,46.96,
11,474,46.692,
11,507,46.692,
11,540,46.692,
11,573,46.377,
11,606,45.561,
11,639,45.276,
11,672,45.276,
11,705,45.276,
11,738,45.276,
11,771,45.276,
11,804,44.968,
11,837,44.968,
11,870,44.968,
11,903,44.968,
11,936,44.968,
11,969,44.968,
11,1002,44.968,
11,1035,44.968,
11,1068,44.967,
11,1101,44.867,
11,1134,44.867,
11,1167,44.857,
11,1200,44.857,
11,1233,44.624,
11,1266,44.624,
11,1299,44.624,
11,1332,44.624,
11,1365,44.621,
11,1398,44.595,
11,1431,44.568,
11,1464,44.568,
11,1497,44.568,
11,1530,44.555,
11,1563,44.54,
11,1596,44.54,
11,1629,44.533,
11,1662,44.533,
11,1695,44.532,
11,1728,44.531,
11,1761,44.531,
11,1794,44.53,
11,1827,44.53,
11,1860,44.528,
11,1893,44.527,
11,1926,44.526,
11,1959,44.526,
11,1992,44.526,
11,2025,44.526,
11,2058,44.524,
11,2091,44.524,
11,2124,44.524,
11,2157,44.524,
11,2190,44.523,
11,2223,44.523,
11,2256,44.523,
11,2289,44.523,
11,2322,44.523,
11,2355,44.523,
11,2388,44.523,
11,2421,44.523,
11,2454,44.523,
11,2487,44.523,
11,2520,44.523,
11,2553,44.523,
11,2586,44.523,
11,2619,44.523,
11,2652,44.523,
11,2685,44.523,
11,2718,44.523,
11,2751,44.523,
11,2784,44.523,
11,2817,44.523,
11,2850,44.523,
11,2883,44.523,
11,2916,44.523,
11,2949,44.523,
11,2982,44.523,
11,3015,44.523,
11,3048,44.523,
11,3081,44.523,
11,3114,44.523,
11,3147,44.523,
11,3180,44.523,
11,3213,44.523,
11,3246,44.523,
11,3279,44.523,
11,3312,44.523,
11,3345,44.523,
11,3378,44.523,
11,3411,44.523,
11,3444,44.523,
11,3477,44.523,
11,3510,44.523,
11,3543,44.523,
11,3576,44.523,
11,3609,44.523,
11,3642,44.523,
11,3675,44.523,
11,3708,44.523,
11,3741,44.523,
11,3774,44.523,
11,3807,44.523,
11,3840,44.523,
11,3873,44.523,
11,3906,44.523,
11,3939,44.523,
11,3972,44.523,
11,4005,44.523,
11,4038,44.523,
11,4071,44.523,
11,4104,44.523,
11,4137,44.523,
11,4170,44.523,
11,4203,44.523,
11,4236,44.523,
11,4269,44.523,
11,4302,44.523,
11,4335,44.523,
11,4368,44.523,
11,4467,71.55,
11,4500,62.073,
11,4533,55.764,
11,4566,55.764,
11,4599,53.841,
11,4632,51.445,
11,4665,49.936,
11,4698,49.292,
11,4731,49.292,
11,4764,47.858,
11,4797,47.858,
11,4830,47.858,
11,4863,47.858,
11,4896,47.858,
11,4929,47.858,
11,4962,47.858,
11,4995,47.858,
11,5028,47.361,
11,5061,47.361,
11,5094,47.361,
11,5127,47.361,
11,5160,47.361,
11,5193,47.361,
11,5226,47.361,
11,5259,47.361,
11,5292,47.361,
11,5325,47.361,
11,5358,47.361,
11,5391,47.28,
11,5424,47.067,
11,5457,47.067,
11,5490,46.653,
11,5523,46.646,
11,5556,45.922,
11,5589,45.656,
11,5622,45.656,
11,5655,45.638,
11,5688,45.638,
11,5721,45.598,
11,5754,45.598,
11,5787,45.598,
11,5820,45.524,
11,5853,45.524,
11,5886,45.419,
11,5919,45.273,
11,5952,45.273,
11,5985,45.058,
11,6018,45.058,
11,6051,45.058,
11,6084,45.058,
11,6117,45.058,
11,6150,44.957,
11,6183,44.857,
11,6216,44.707,
11,6249,44.707,
11,6282,44.614,
11,6315,44.614,
11,6348,44.613,
11,6381,44.592,
11,6414,44.588,
11,6447,44.579,
11,6480,44.566,
11,6513,44.566,
11,6546,44.558,
11,6579,44.558,
11,6612,44.546,
11,6645,44.546,
11,6678,44.546,
11,6711,44.538,
11,6744,44.538,
11,6777,44.537,
11,6810,44.537,
11,6843,44.536,
11,6876,44.534,
11,6909,44.533,
11,6942,44.531,
11,6975,44.531,
11,7008,44.53,
11,7041,44.529,
11,7074,44.528,
11,7107,44.526,
11,7140,44.524,
11,7173,44.524,
11,7206,44.524,
11,7239,44.523,
11,7272,44.523,
11,7305,44.523,
11,7338,44.523,
11,7371,44.523,
11,7404,44.523,
11,7437,44.523,
11,7470,44.523,
11,7503,44.523,
11,7536,44.523,
11,7569,44.523,
11,7602,44.523,
11,7635,44.523,
11,7668,44.523,
11,7701,44.523,
11,7734,44.523,
11,7767,44.523,
11,7800,44.523,
11,7833,44.523,
11,7866,44.523,
11,7899,44.523,
11,7932,44.523,
11,7965,44.523,
11,7998,44.523,
11,8031,44.523,
11,8064,44.523,
11,8097,44.523,
11,8130,44.523,
11,8163,44.523,
11,8196,44.523,
11,8229,44.523,
11,8262,44.523,
11,8295,44.523,
11,8328,44.523,
11,8361,44.523,
11,8394,44.523,
11,8427,44.523,
11,8460,44.523,
11,8493,44.523,
11,8526,44.523,
11,8559,44.523,
11,8592,44.523,
11,8625,44.523,
11,8658,44.523,
11,8691,44.523,
11,8724,44.523,
11,8757,44.523,
11,8790,44.523,
11,8823,44.523,
11,8856,44.523,
11,8889,44.523,
11,8922,44.523,
11,8955,44.523,
11,8988,44.523,
11,9021,44.523,
11,9054,44.523,
11,9087,44.523,
11,9120,44.523,
11,9153,44.523,
11,9186,44.523,
11,9219,44.523,
11,9252,44.523,
11,9285,44.523,
11,9318,44.523,
11,9351,44.523,
11,9384,44.523,
11,9417,44.523,
11,9450,44.523,
11,9483,44.523,
11,9557,73.355,
11,9590,69.712,
11,9623,69.023,
11,9656,68.844,
11,9689,68.755,
11,9722,68.714,
11,9755,68.67,
11,9788,68.653,
11,9821,68.644,
11,9854,68.631,
11,9887,68.627,
11,9920,68.623,
11,9953,68.621,
11,9986,68.616,
40,43,73.359,
40,76,54.2,
40,109,51.563,
40,142,51.563,
40,175,49.474,
40,208,49.474,
40,241,48.607,
40,274,48.465,
40,307,47.987,
40,340,47.498,
40,373,47.487,
40,406,46.813,
40,439,46.813,
40,472,46.361,
40,505,46.361,
40,538,45.874,
40,571,45.874,
40,604,45.874,
40,637,45.765,
40,670,45.731,
40,703,45.731,
40,736,45.251,
40,769,45.251,
40,802,45.251,
40,835,45.251,
40,868,45.16,
40,901,45.012,
40,934,45.012,
40,967,44.822,
40,1000,44.742,
40,1033,44.742,
40,1066,44.696,
40,1099,44.613,
40,1132,44.613,
40,1165,44.592,
40,1198,44.575,
40,1231,44.553,
40,1264,44.551,
40,1297,44.546,
40,1330,44.544,
40,1363,44.537,
40,1396,44.537,
40,1429,44.535,
40,1462,44.53,
40,1495,44.53,
40,1528,44.529,
40,1561,44.528,
40,1594,44.527,
40,1627,44.527,
40,1660,44.526,
40,1693,44.525,
40,1726,44.525,
40,1759,44.525,
40,1792,44.524,
40,1825,44.524,
40,1858,44.524,
40,1891,44.524,
40,1924,44.524,
40,1957,44.524,
40,1990,44.524,
40,2023,44.524,
40,2056,44.524,
40,2089,44.523,
40,2122,44.523,
40,2155,44.523,
40,2188,44.523,
40,2221,44.523,
40,2254,44.523,
40,2287,44.523,
40,2320,44.523,
40,2353,44.523,
40,2386,44.523,
40,2419,44.523,
40,2452,44.523,
40,2485,44.523,
40,2518,44.523,
40,2551,44.523,
40,2584,44.523,
40,2617,44.523,
40,2650,44.523,
40,2683,44.523,
40,2716,44.523,
40,2749,44.523,
40,2782,44.523,
40,2815,44.523,
40,2848,44.523,
40,2881,44.523,
40,2914,44.523,
40,2947,44.523,
40,2980,44.523,
40,3013,44.523,
40,3046,44.523,
40,3079,44.523,
40,3112,44.523,
40,3145,44.523,
40,3178,44.523,
40,3211,44.523,
40,3244,44.523,
40,3277,44.523,
40,3310,44.523,
40,3343,44.523,
40,3376,44.523,
40,3409,44.523,
40,3442,44.523,
40,3475,44.523,
40,3508,44.523,
40,3541,44.523,
40,3574,44.523,
40,3607,44.523,
40,3640,44.523,
40,3673,44.523,
40,3706,44.523,
40,3739,44.523,
40,3772,44.523,
40,3805,44.523,
40,3838,44.523,
40,3871,44.523,
40,3904,44.523,
40,3937,44.523,
40,3970,44.523,
40,4003,44.523,
40,4036,44.523,
40,4069,44.523,
40,4102,44.523,
40,4135,44.523,
40,4168,44.523,
40,4201,44.523,
40,4234,44.523,
40,4267,44.523,
40,4300,44.523,
40,4333,44.523,
40,4366,44.523,
40,4399,44.523,
40,4432,44.523,
40,4465,44.523,
40,4498,44.523,
40,4531,44.523,
40,4564,44.523,
40,4597,44.523,
40,4630,44.523,
40,4663,44.523,
40,4696,44.523,
40,4729,44.523,
40,4762,44.523,
40,4795,44.523,
40,4828,44.523,
40,4861,44.523,
40,4894,44.523,
40,4927,44.523,
40,4960,44.523,
40,4993,44.523,
40,5026,44.523,
40,5059,44.523,
40,5092,44.523,
40,5125,44.523,
40,5158,44.523,
40,5191,44.523,
40,5224,44.523,
40,5257,44.523,
40,5290,44.523,
40,5323,48.589,
40,5356,48.589,
40,5389,48.589,
40,5422,48.589,
40,5455,48.589,
40,5488,48.589,
40,5521,47.755,
40,5554,47.755,
40,5587,47.755,
40,5620,47.58,
40,5653,47.58,
40,5686,47.58,
40,5719,47.008,
40,5752,47.008,
40,5785,47.008,
40,5818,46.286,
40,5851,45.885,
40,5884,45.885,
40,5917,45.831,
40,5950,45.531,
40,5983,45.531,
40,6016,45.087,
40,6049,45.087,
40,6082,45.087,
40,6115,45.087,
40,6148,45.087,
40,6181,45.087,
40,6214,45.087,
40,6247,44.966,
40,6280,44.903,
40,6313,44.877,
40,6346,44.852,
40,6379,44.8,
40,6412,44.796,
40,6445,44.796,
40,6478,44.753,
40,6511,44.753,
40,6544,44.753,
40,6577,44.753,
40,6610,44.751,
40,6643,44.751,
40,6676,44.745,
40,6709,44.739,
40,6742,44.737,
40,6775,44.732,
40,6808,44.732,
40,6841,44.726,
40,6874,44.726,
40,6907,44.726,
40,6940,44.722,
40,6973,44.722,
40,7006,44.722,
40,7039,44.721,
40,7072,44.719,
40,7105,44.718,
40,7138,44.717,
40,7171,44.716,
40,7204,44.716,
40,7237,44.715,
40,7270,44.715,
40,7303,44.715,
40,7336,44.715,
40,7369,44.715,
40,7402,44.715,
40,7435,44.715,
40,7468,44.715,
40,7501,44.715,
40,7534,44.715,
40,7567,44.715,
40,7600,44.715,
40,7633,44.715,
40,7666,44.715,
40,7699,44.714,
40,7732,44.714,
40,7765,44.714,
40,7798,44.714,
40,7831,44.714,
40,7864,44.714,
40,7897,44.714,
40,7930,44.714,
40,7963,44.714,
40,7996,44.714,
40,8029,44.714,
40,8062,44.714,
40,8095,44.714,
40,8128,44.714,
40,8161,44.714,
40,8194,44.714,
40,8227,44.714,
40,8260,44.714,
40,8293,44.714,
40,8326,44.714,
40,8359,44.714,
40,8392,44.714,
40,8425,44.714,
40,8458,44.714,
40,8491,44.714,
40,8524,44.714,
40,8557,44.714,
40,8590,44.714,
40,8623,44.714,
40,8656,44.714,
40,8689,44.714,
40,8722,44.714,
40,8755,44.714,
40,8788,44.714,
40,8821,44.714,
40,8854,44.714,
40,8887,44.714,
40,8920,44.714,
40,8953,44.714,
40,8986,44.714,
40,9019,44.714,
40,9052,44.714,
40,9085,44.714,
40,9118,44.714,
40,9151,44.714,
40,9184,44.714,
40,9217,44.714,
40,9250,44.714,
40,9283,44.714,
40,9316,44.714,
40,9349,44.714,
40,9382,44.714,
40,9415,44.714,
40,9448,44.714,
40,9481,44.714,
40,9514,44.714,
40,9547,44.714,
40,9580,44.714,
40,9613,44.714,
40,9646,44.714,
40,9679,44.714,
40,9712,44.714,
40,9745,44.714,
40,9778,44.714,
40,9811,44.714,
40,9844,44.714,
40,9877,44.714,
40,9916,87.865,
40,9949,73.344,
40,9982,70.195,
52,42,76.973,
52,75,68.776,
52,108,54.67,
52,141,53.115,
52,174,48.978,
52,207,48.978,
52,240,48.978,
52,273,48.556,
52,306,47.893,
52,339,47.893,
52,372,47.363,
52,405,47.361,
52,438,46.789,
52,471,46.351,
52,504,45.874,
52,537,45.733,
52,570,45.733,
52,603,45.733,
52,636,45.552,
52,669,45.552,
52,702,45.552,
52,735,45.218,
52,768,44.733,
52,801,44.733,
52,834,44.733,
52,867,44.733,
52,900,44.733,
52,933,44.733,
52,966,44.733,
52,999,44.733,
52,1032,44.733,
52,1065,44.733,
52,1098,44.733,
52,1131,44.733,
52,1164,44.733,
52,1197,44.733,
52,1230,44.733,
52,1263,44.733,
52,1296,44.733,
52,1329,44.733,
52,1362,44.733,
52,1395,44.733,
52,1428,44.733,
52,1461,44.733,
52,1494,44.733,
52,1527,44.721,
52,1560,44.721,
52,1593,44.721,
52,1626,44.721,
52,1659,44.721,
52,1692,44.721,
52,1725,44.702,
52,1758,44.655,
52,1791,44.647,
52,1824,44.64,
52,1857,44.586,
52,1890,44.576,
52,1923,44.576,
52,1956,44.559,
52,1989,44.556,
52,2022,44.548,
52,2055,44.543,
52,2088,44.543,
52,2121,44.536,
52,2154,44.536,
52,2187,44.536,
52,2220,44.532,
52,2253,44.531,
52,2286,44.53,
52,2319,44.527,
52,2352,44.526,
52,2385,44.526,
52,2418,44.526,
52,2451,44.526,
52,2484,44.524,
52,2517,44.524,
52,2550,44.524,
52,2583,44.524,
52,2616,44.524,
52,2649,44.524,
52,2682,44.524,
52,2715,44.524,
52,2748,44.524,
52,2781,44.524,
52,2814,44.524,
52,2847,44.523,
52,2880,44.523,
52,2913,44.523,
52,2946,44.523,
52,2979,44.523,
52,3012,44.523,
52,3045,44.523,
52,3078,44.523,
52,3111,44.523,
52,3144,44.523,
52,3177,44.523,
52,3210,44.523,
52,3243,44.523,
52,3276,44.523,
52,3309,44.523,
52,3342,44.523,
52,3375,44.523,
52,3408,44.523,
52,3441,44.523,
52,3474,44.523,
52,3507,44.523,
52,3540,44.523,
52,3573,44.523,
52,3606,44.523,
52,3639,44.523,
52,3672,44.523,
52,3705,44.523,
52,3738,44.523,
52,3771,44.523,
52,3804,44.523,
52,3837,44.523,
52,3870,44.523,
52,3903,44.523,
52,3936,44.523,
52,3969,44.523,
52,4002,44.523,
52,4035,44.523,
52,4068,44.523,
52,4101,44.523,
52,4134,44.523,
52,4167,44.523,
52,4200,44.523,
52,4233,44.523,
52,4266,44.523,
52,4299,44.523,
52,4332,44.523,
52,4365,44.523,
52,4398,44.523,
52,4431,44.523,
52,4464,44.523,
52,4497,44.523,
52,4530,44.523,
52,4563,44.523,
52,4596,44.523,
52,4629,44.523,
52,4662,44.523,
52,4695,44.523,
52,4728,44.523,
52,4761,44.523,
52,4794,44.523,
52,4827,44.523,
52,4860,44.523,
52,4893,44.523,
52,4926,44.523,
52,4959,44.523,
52,4992,44.523,
52,5058,78.325,
52,5091,58.025,
52,5124,54.406,
52,5157,51.196,
52,5190,50.083,
52,5223,49.731,
52,5256,48.942,
52,5289,48.942,
52,5322,48.738,
52,5355,48.649,
52,5388,47.156,
52,5421,46.52,
52,5454,46.45,
52,5487,46.45,
52,5520,46.45,
52,5553,46.308,
52,5586,46.103,
52,5619,45.891,
52,5652,45.27,
52,5685,45.27,
52,5718,45.27,
52,5751,45.27,
52,5784,45.27,
52,5817,45.27,
52,5850,45.27,
52,5883,45.151,
52,5916,45.105,
52,5949,45.081,
52,5982,45.081,
52,6015,44.987,
52,6048,44.858,
52,6081,44.858,
52,6114,44.786,
52,6147,44.753,
52,6180,44.728,
52,6213,44.628,
52,6246,44.572,
52,6279,44.572,
52,6312,44.572,
52,6345,44.572,
52,6378,44.572,
52,6411,44.567,
52,6444,44.556,
52,6477,44.55,
52,6510,44.541,
52,6543,44.541,
52,6576,44.535,
52,6609,44.534,
52,6642,44.531,
52,6675,44.528,
52,6708,44.528,
52,6741,44.528,
52,6774,44.527,
52,6807,44.527,
52,6840,44.527,
52,6873,44.526,
52,6906,44.525,
52,6939,44.525,
52,6972,44.525,
52,7005,44.525,
52,7038,44.525,
52,7071,44.524,
52,7104,44.524,
52,7137,44.523,
52,7170,44.523,
52,7203,44.523,
52,7236,44.523,
52,7269,44.523,
52,7302,44.523,
52,7335,44.523,
52,7368,44.523,
52,7401,44.523,
52,7434,44.523,
52,7467,44.523,
52,7500,44.523,
52,7533,44.523,
52,7566,44.523,
52,7599,44.523,
52,7632,44.523,
52,7665,44.523,
52,7698,44.523,
52,7731,44.523,
52,7764,44.523,
52,7797,44.523,
52,7830,44.523,
52,7863,44.523,
52,7896,44.523,
52,7929,44.523,
52,7962,44.523,
52,7995,44.523,
52,8028,44.523,
52,8061,44.523,
52,8094,44.523,
52,8127,44.523,
52,8160,44.523,
52,8193,44.523,
52,8226,44.523,
52,8259,44.523,
52,8292,44.523,
52,8325,44.523,
52,8358,44.523,
52,8391,44.523,
52,8424,44.523,
52,8457,44.523,
52,8490,44.523,
52,8523,44.523,
52,8556,44.523,
52,8589,44.523,
52,8622,44.523,
52,8655,44.523,
52,8688,44.523,
52,8721,44.523,
52,8754,44.523,
52,8787,44.523,
52,8820,44.523,
52,8853,44.523,
52,8886,44.523,
52,8919,44.523,
52,8952,44.523,
52,8985,44.523,
52,9018,44.523,
52,9051,44.523,
52,9084,44.523,
52,9117,44.523,
52,9150,44.523,
52,9183,44.523,
52,9216,44.523,
52,9249,44.523,
52,9282,44.523,
52,9315,44.523,
52,9348,44.523,
52,9381,44.523,
52,9414,44.523,
52,9447,44.523,
52,9480,44.523,
52,9513,44.523,
52,9546,44.523,
52,9579,44.523,
52,9612,44.523,
52,9645,44.523,
52,9678,44.523,
52,9711,44.523,
52,9744,44.523,
52,9777,44.523,
52,9810,44.523,
52,9843,44.523,
52,9876,44.523,
52,9909,44.523,
52,9942,44.523,
52,9975,44.523,
